amount,category,merchant,hour,day,timestamp,is_anomaly
443.52,Shopping,Myntra,15,0,2026-06-01 00:07:05.013546465,0
319.31,Entertainment,Hotstar,21,3,2026-06-01 00:18:38.960842842,0
616.14,Bills,Paytm,12,0,2026-06-01 00:26:24.403661674,0
176.05,Shopping,Amazon,17,0,2026-06-01 00:27:41.205299950,0
193.66,Food,KFC,9,0,2026-06-01 00:41:07.091402059,0
10.0,Food,Local Cafe,16,5,2026-06-01 00:48:58.494162301,0
127.8,Food,Dominos,8,4,2026-06-01 00:55:31.799570829,0
329.13,Entertainment,Hotstar,6,5,2026-06-01 00:58:17.140952613,0
713.62,Bills,Paytm,21,4,2026-06-01 01:25:31.379846553,0
1174.99,Bills,Paytm,14,3,2026-06-01 01:28:59.504131246,0
62.63,Food,Swiggy,21,3,2026-06-01 01:30:36.362274531,0
174.63,Entertainment,Netflix,12,1,2026-06-01 01:31:54.541990558,0
230.97,Travel,Uber,12,6,2026-06-01 01:35:27.983458617,0
189.14,Food,Dominos,12,6,2026-06-01 01:36:44.983981491,0
155.43,Food,Swiggy,18,5,2026-06-01 01:38:15.984328320,0
10.0,Food,KFC,15,4,2026-06-01 01:44:29.797590916,0
265.36,Food,Swiggy,21,3,2026-06-01 01:46:27.662976375,0
346.29,Shopping,Amazon,6,3,2026-06-01 02:02:48.370115840,0
516.76,Shopping,Flipkart,18,5,2026-06-01 02:17:10.284396161,0
125.23,Food,Local Cafe,12,1,2026-06-01 02:29:16.886812778,0
793.36,Bills,Paytm,9,0,2026-06-01 02:32:30.844543082,0
141.53,Food,Zomato,13,2,2026-06-01 02:43:57.706793022,0
79.01,Food,KFC,13,1,2026-06-01 02:48:28.552107493,0
731.54,Shopping,Myntra,8,6,2026-06-01 02:48:28.571938651,0
299.84,Shopping,Myntra,9,6,2026-06-01 02:50:13.626825389,0
153.41,Travel,IRCTC,12,2,2026-06-01 03:22:48.219747041,0
26.41,Food,KFC,12,1,2026-06-01 03:35:47.568318832,0
338.21,Shopping,Myntra,12,1,2026-06-01 03:36:09.043209953,0
296.23,Shopping,Amazon,8,0,2026-06-01 03:39:27.549232288,0
10.0,Food,Local Cafe,6,3,2026-06-01 03:39:35.873940362,0
10.0,Bills,Paytm,22,4,2026-06-01 03:41:35.791175072,0
10.0,Food,KFC,21,1,2026-06-01 03:49:25.042817956,0
131.95,Food,Dominos,13,0,2026-06-01 03:54:37.946176586,0
338.9,Entertainment,Hotstar,22,6,2026-06-01 03:56:14.517056896,0
60.73,Entertainment,Spotify,17,2,2026-06-01 04:03:11.646119992,0
293.09,Travel,Uber,7,5,2026-06-01 04:05:41.868050481,0
130.11,Food,KFC,8,6,2026-06-01 04:07:56.856257822,0
200.13,Food,Local Cafe,21,5,2026-06-01 04:21:36.604146195,0
1081.38,Bills,PhonePe,16,3,2026-06-01 04:38:51.574710242,0
1146.48,Shopping,Flipkart,20,5,2026-06-01 04:41:19.985868654,0
169.69,Food,Zomato,20,1,2026-06-01 04:59:47.678555598,0
259.32,Shopping,Meesho,13,2,2026-06-01 05:00:02.522267150,0
104.75,Food,Zomato,7,1,2026-06-01 05:04:14.788298653,0
152.87,Entertainment,JioCinema,9,5,2026-06-01 05:15:46.207732412,0
98.67,Food,Local Cafe,7,4,2026-06-01 05:28:18.779011027,0
1466.14,Bills,PhonePe,9,6,2026-06-01 05:31:13.574989306,0
202.18,Food,Swiggy,12,5,2026-06-01 05:34:46.514409374,0
10.6,Shopping,Ajio,8,4,2026-06-01 05:39:23.920511344,0
644.08,Shopping,Amazon,8,5,2026-06-01 05:47:17.956634506,0
65.59,Food,Dominos,13,3,2026-06-01 05:48:32.323546646,0
269.28,Entertainment,Hotstar,12,2,2026-06-01 05:52:46.352100450,0
521.17,Travel,RedBus,13,4,2026-06-01 06:15:30.218037051,0
176.87,Entertainment,Netflix,13,0,2026-06-01 06:23:00.438022136,0
142.36,Entertainment,JioCinema,16,3,2026-06-01 06:31:41.957470222,0
941.31,Shopping,Myntra,21,1,2026-06-01 06:44:33.673086917,0
130.05,Entertainment,Netflix,7,5,2026-06-01 06:47:48.025427369,0
86.31,Food,Zomato,7,2,2026-06-01 06:55:42.472049196,0
73.99,Food,Swiggy,20,2,2026-06-01 07:07:37.269449239,0
143.38,Food,Zomato,13,5,2026-06-01 07:09:36.926744969,0
169.45,Food,Swiggy,19,0,2026-06-01 07:10:40.297342184,0
785.39,Shopping,Amazon,9,6,2026-06-01 07:15:29.179813109,0
192.15,Food,Swiggy,19,6,2026-06-01 07:21:10.694900004,0
402.03,Travel,Uber,21,4,2026-06-01 07:25:54.518124887,0
881.77,Shopping,Myntra,16,5,2026-06-01 07:45:40.914917150,0
70.57,Food,Dominos,7,2,2026-06-01 07:52:52.403944258,0
66.44,Shopping,Meesho,20,0,2026-06-01 07:56:47.893969025,0
196.19,Food,Zomato,19,6,2026-06-01 08:04:46.432963242,0
7306.16,Travel,Unknown Merchant,3,0,2026-06-01 08:05:03.044343895,1
226.42,Food,KFC,6,6,2026-06-01 08:06:13.736971738,0
196.13,Entertainment,Netflix,19,1,2026-06-01 08:07:24.386968821,0
178.33,Travel,IRCTC,8,0,2026-06-01 08:11:11.212414982,0
197.4,Food,KFC,10,3,2026-06-01 08:11:39.420771507,0
156.5,Food,Swiggy,15,2,2026-06-01 08:25:29.435001311,0
292.42,Travel,Uber,11,3,2026-06-01 08:28:28.625960100,0
1755.35,Bills,Paytm,17,6,2026-06-01 08:36:13.804063280,0
1273.7,Bills,PhonePe,15,0,2026-06-01 08:36:24.734465622,0
444.57,Travel,IRCTC,7,0,2026-06-01 08:42:59.642638157,0
158.94,Food,KFC,17,3,2026-06-01 08:45:27.027640575,0
507.86,Shopping,Flipkart,21,1,2026-06-01 08:46:50.378206514,0
125.71,Food,Local Cafe,8,0,2026-06-01 08:51:56.383856776,0
221.06,Entertainment,Spotify,15,3,2026-06-01 09:02:30.157202470,0
604.61,Bills,Jio,12,3,2026-06-01 09:23:04.309114751,0
54.88,Food,Local Cafe,2,2,2026-06-01 09:23:13.607243502,1
146.01,Food,Swiggy,11,1,2026-06-01 09:28:30.023620610,0
173.28,Food,Swiggy,12,4,2026-06-01 09:31:52.055209914,0
226.63,Food,KFC,6,3,2026-06-01 09:48:11.148285119,0
483.65,Bills,Paytm,22,2,2026-06-01 09:50:10.705812158,0
813.6,Bills,GooglePay,16,4,2026-06-01 10:07:28.478654143,0
251.89,Entertainment,JioCinema,13,2,2026-06-01 10:08:56.195983278,0
648.74,Shopping,Flipkart,12,2,2026-06-01 10:20:31.324804612,0
570.55,Food,Swiggy,14,5,2026-06-01 10:29:26.946017151,1
685.96,Bills,Paytm,12,1,2026-06-01 10:39:21.844198993,0
126.35,Travel,Rapido,12,0,2026-06-01 10:41:51.139834497,0
529.34,Shopping,Meesho,13,1,2026-06-01 10:43:50.130352502,0
252.82,Travel,RedBus,11,4,2026-06-01 10:45:38.431023989,0
377.93,Shopping,Amazon,9,5,2026-06-01 10:59:01.177512084,0
339.57,Shopping,Myntra,14,1,2026-06-01 11:00:25.062659820,0
588.49,Shopping,Flipkart,20,0,2026-06-01 11:06:57.770715888,0
96.77,Food,Local Cafe,8,1,2026-06-01 11:10:30.700370384,0
207.75,Food,Swiggy,6,1,2026-06-01 11:11:04.835657080,0
203.76,Food,Swiggy,10,1,2026-06-01 11:15:46.215259877,0
953.68,Bills,Jio,22,3,2026-06-01 11:28:25.650289527,0
70.45,Food,Zomato,19,3,2026-06-01 11:29:09.597632894,0
574.86,Shopping,Amazon,15,1,2026-06-01 11:32:19.179280052,0
302.94,Entertainment,Netflix,21,0,2026-06-01 11:40:16.050618130,0
213.74,Food,Local Cafe,13,6,2026-06-01 12:06:07.318662168,0
693.68,Shopping,Flipkart,22,0,2026-06-01 12:16:07.544667346,0
303.88,Travel,Rapido,11,0,2026-06-01 12:30:04.824530805,0
148.06,Food,Local Cafe,10,0,2026-06-01 12:34:16.108301196,0
246.2,Food,Local Cafe,16,5,2026-06-01 12:50:54.527493562,0
172.33,Food,Zomato,12,5,2026-06-01 12:53:10.525894681,0
173.33,Food,Zomato,16,2,2026-06-01 12:53:25.356757275,0
475.52,Entertainment,Netflix,11,1,2026-06-01 12:53:44.021063617,0
238.88,Travel,IRCTC,16,6,2026-06-01 12:55:02.032645149,0
10.0,Bills,PhonePe,11,6,2026-06-01 13:00:52.227147110,0
182.97,Entertainment,Netflix,7,1,2026-06-01 13:04:44.444044489,0
277.07,Travel,Uber,21,2,2026-06-01 13:05:07.492053108,0
171.14,Food,Local Cafe,20,0,2026-06-01 13:13:40.153202852,0
248.62,Entertainment,Hotstar,22,4,2026-06-01 13:21:16.084013257,0
10.0,Shopping,Flipkart,18,4,2026-06-01 13:31:24.908564964,0
401.4,Travel,Rapido,17,2,2026-06-01 13:37:05.830795512,0
194.26,Entertainment,Netflix,14,6,2026-06-01 13:37:23.269900090,0
128.98,Food,Dominos,8,4,2026-06-01 13:40:56.450047231,0
22.33,Food,Swiggy,9,3,2026-06-01 14:06:11.638616355,0
264.18,Food,Zomato,11,1,2026-06-01 14:14:54.036323848,0
374.17,Shopping,Myntra,20,4,2026-06-01 14:22:40.227953222,0
431.89,Travel,Uber,9,5,2026-06-01 14:41:05.073409821,0
119.61,Entertainment,YouTube,21,5,2026-06-01 14:53:02.138008923,0
174.59,Food,Zomato,14,6,2026-06-01 14:58:17.535291832,0
425.67,Shopping,Myntra,18,6,2026-06-01 14:59:30.448563995,0
688.28,Shopping,Amazon,7,3,2026-06-01 15:07:22.156019056,0
127.64,Food,Swiggy,11,1,2026-06-01 15:29:36.683111784,0
82.35,Food,Swiggy,22,3,2026-06-01 15:38:15.331644533,0
148.87,Food,KFC,11,1,2026-06-01 15:41:42.357581447,0
193.74,Entertainment,JioCinema,11,1,2026-06-01 15:57:29.072327713,0
169.3,Food,Local Cafe,9,6,2026-06-01 16:02:03.187697890,0
777.05,Shopping,Myntra,8,4,2026-06-01 16:29:06.314941925,0
379.75,Bills,Airtel,10,5,2026-06-01 16:32:29.215838176,0
760.63,Shopping,Amazon,16,2,2026-06-01 16:38:26.500111588,0
81.37,Entertainment,Netflix,13,4,2026-06-01 16:42:02.968448371,0
258.79,Entertainment,Spotify,14,6,2026-06-01 16:57:03.693035462,0
199.58,Food,Zomato,8,0,2026-06-01 16:59:36.884733889,0
359.45,Shopping,Flipkart,19,3,2026-06-01 17:09:04.875773163,0
89.3,Food,Dominos,19,6,2026-06-01 17:11:31.089291535,0
85.49,Food,Swiggy,6,0,2026-06-01 17:13:45.010813534,0
156.06,Food,Swiggy,12,1,2026-06-01 17:16:10.715574482,0
1074.24,Bills,Paytm,7,6,2026-06-01 17:24:05.075949571,0
457.51,Shopping,Meesho,19,4,2026-06-01 17:27:39.530190855,0
10.0,Food,Swiggy,18,0,2026-06-01 17:28:49.008030631,0
107.64,Food,KFC,20,0,2026-06-01 17:35:17.966015026,0
143.82,Entertainment,Spotify,10,5,2026-06-01 17:40:27.450745005,0
188.35,Food,Local Cafe,13,6,2026-06-01 17:47:37.786058190,0
192.48,Food,Local Cafe,9,0,2026-06-01 17:51:08.139013818,0
544.66,Shopping,Flipkart,12,5,2026-06-01 18:04:10.179015451,0
287.07,Entertainment,Netflix,14,5,2026-06-01 18:04:12.646241473,0
225.91,Food,KFC,7,1,2026-06-01 18:04:18.219161899,0
609.68,Bills,PhonePe,18,5,2026-06-01 18:12:40.304312074,0
134.78,Travel,Rapido,14,1,2026-06-01 18:26:16.599722386,0
143.93,Food,Zomato,19,5,2026-06-01 18:27:52.171958324,0
126.13,Bills,Airtel,11,5,2026-06-01 18:38:47.088538547,0
544.08,Shopping,Amazon,20,6,2026-06-01 18:38:52.038429129,0
591.15,Bills,Jio,22,6,2026-06-01 18:41:34.201849201,0
2030.74,Bills,Paytm,21,1,2026-06-01 18:42:57.411014097,0
908.03,Shopping,Amazon,19,0,2026-06-01 18:50:50.620687351,0
101.36,Food,Local Cafe,19,3,2026-06-01 19:00:03.632118229,0
97.1,Travel,Uber,15,4,2026-06-01 19:05:34.757340798,0
95.49,Food,Swiggy,9,4,2026-06-01 19:08:08.965755193,0
227.43,Food,Swiggy,17,1,2026-06-01 19:14:12.311653273,0
229.5,Food,Dominos,18,0,2026-06-01 19:21:00.960633781,0
912.17,Shopping,Ajio,22,6,2026-06-01 19:36:09.322435003,0
459.05,Bills,PhonePe,14,6,2026-06-01 19:41:44.457709704,0
188.03,Food,KFC,11,3,2026-06-01 19:42:01.686907174,0
268.47,Shopping,Ajio,17,2,2026-06-01 19:42:58.331964353,0
278.76,Food,Dominos,22,6,2026-06-01 20:03:14.352426414,0
471.17,Bills,GooglePay,9,1,2026-06-01 20:07:16.229772791,0
52.46,Food,Swiggy,12,2,2026-06-01 20:22:56.957912225,0
374.31,Bills,GooglePay,14,4,2026-06-01 20:40:34.608916678,0
497.05,Shopping,Flipkart,8,4,2026-06-01 20:52:15.572932271,0
267.09,Entertainment,Netflix,6,6,2026-06-01 20:53:23.832907942,0
198.3,Food,Zomato,12,3,2026-06-01 20:55:35.961972859,0
67.81,Food,Dominos,20,3,2026-06-01 20:56:08.931310230,0
120.14,Food,Dominos,6,2,2026-06-01 20:59:54.833535954,0
150.35,Entertainment,Netflix,13,6,2026-06-01 21:01:14.446950945,0
84.65,Entertainment,Hotstar,19,4,2026-06-01 21:08:35.356987284,0
108.54,Food,Local Cafe,21,3,2026-06-01 21:24:51.619890432,0
1330.11,Bills,Airtel,4,3,2026-06-01 21:30:03.585470808,1
45.62,Travel,Rapido,12,4,2026-06-01 21:38:36.447684076,0
563.42,Shopping,Meesho,21,6,2026-06-01 21:39:18.042923028,0
905.33,Shopping,Meesho,6,4,2026-06-01 21:52:21.936065083,0
253.42,Food,KFC,18,0,2026-06-01 22:00:33.854170452,0
283.1,Food,Dominos,16,5,2026-06-01 22:06:02.416180928,0
230.52,Entertainment,Hotstar,10,3,2026-06-01 22:14:51.646891315,0
244.74,Food,Local Cafe,13,2,2026-06-01 22:17:50.606995603,1
599.51,Bills,PhonePe,8,6,2026-06-01 22:49:39.771750623,0
46.76,Food,Zomato,20,1,2026-06-01 22:51:22.914220437,0
138.54,Food,Swiggy,12,1,2026-06-01 23:08:56.624934163,0
1238.62,Bills,Paytm,16,4,2026-06-01 23:21:46.124012838,0
10.0,Entertainment,Hotstar,8,5,2026-06-01 23:27:43.232692767,0
154.02,Entertainment,Netflix,9,6,2026-06-01 23:44:09.255326453,0
408.68,Travel,RedBus,22,6,2026-06-02 00:00:54.274116829,0
11517.48,Bills,Unknown Merchant,2,2,2026-06-02 00:01:29.555195282,1
248.4,Food,Swiggy,22,0,2026-06-02 00:03:47.750443096,0
228.61,Food,Zomato,11,3,2026-06-02 00:19:33.732573405,0
59.99,Entertainment,JioCinema,8,0,2026-06-02 00:34:57.869880611,0
833.13,Bills,Paytm,13,6,2026-06-02 00:47:51.272766915,0
91.75,Food,Dominos,13,2,2026-06-02 01:17:46.694470563,0
90.82,Food,KFC,9,0,2026-06-02 01:20:55.907290496,0
266.16,Bills,PhonePe,18,4,2026-06-02 01:26:17.130872471,0
169.22,Food,Dominos,12,1,2026-06-02 01:29:12.811952078,0
250.25,Food,Dominos,9,4,2026-06-02 01:48:22.883531536,0
7790.11,Shopping,Unknown Merchant,3,3,2026-06-02 01:48:50.626404493,1
244.28,Bills,GooglePay,15,4,2026-06-02 01:50:40.545126703,0
779.39,Bills,PhonePe,18,2,2026-06-02 01:56:29.123202957,0
190.25,Food,Zomato,13,6,2026-06-02 02:03:13.531254304,0
750.66,Bills,Jio,14,2,2026-06-02 02:06:09.245503411,0
174.72,Food,KFC,8,3,2026-06-02 02:12:25.006320762,0
97.54,Food,Dominos,21,3,2026-06-02 02:16:12.004959633,0
705.72,Bills,GooglePay,21,1,2026-06-02 02:22:41.943844386,0
682.22,Bills,GooglePay,17,0,2026-06-02 02:24:30.267351756,0
590.55,Travel,IRCTC,6,1,2026-06-02 03:11:01.297983505,0
396.62,Bills,GooglePay,14,4,2026-06-02 03:11:02.188843198,0
10.0,Shopping,Flipkart,16,0,2026-06-02 03:16:42.450422943,0
260.28,Food,Zomato,22,3,2026-06-02 03:38:10.442042416,0
534.75,Shopping,Flipkart,22,2,2026-06-02 03:40:58.635865201,0
54.16,Food,Zomato,20,4,2026-06-02 03:45:53.725830983,0
220.97,Food,KFC,7,1,2026-06-02 04:02:50.151049473,0
256.48,Entertainment,Hotstar,21,6,2026-06-02 04:03:41.058787056,0
990.74,Shopping,Amazon,16,5,2026-06-02 04:05:11.468363096,0
219.26,Entertainment,Spotify,19,5,2026-06-02 04:43:02.776019948,0
1756.84,Bills,GooglePay,12,3,2026-06-02 04:54:32.320746338,0
277.04,Travel,Ola,12,6,2026-06-02 05:07:54.497356750,0
670.03,Shopping,Amazon,13,0,2026-06-02 05:26:57.114023910,0
6588.0,Shopping,Amazon,8,5,2026-06-02 05:27:21.201941152,1
1433.87,Shopping,Myntra,12,0,2026-06-02 05:28:26.625204034,0
116.1,Food,Local Cafe,20,2,2026-06-02 05:39:30.921984913,0
618.63,Bills,GooglePay,6,3,2026-06-02 05:42:30.303706519,0
208.63,Food,Dominos,8,3,2026-06-02 05:43:45.251345319,0
48.06,Food,KFC,8,4,2026-06-02 06:15:39.183645971,0
506.31,Bills,GooglePay,12,4,2026-06-02 06:57:36.681221961,0
138.68,Food,KFC,22,6,2026-06-02 07:05:05.595388433,0
359.83,Entertainment,Netflix,9,0,2026-06-02 07:15:54.112249573,0
273.35,Entertainment,Spotify,8,5,2026-06-02 07:24:38.457894040,0
207.66,Entertainment,JioCinema,21,5,2026-06-02 07:27:16.973872982,0
346.47,Shopping,Ajio,20,1,2026-06-02 07:28:26.834533887,0
10.0,Food,KFC,6,0,2026-06-02 07:33:46.832183776,0
404.22,Entertainment,Hotstar,19,5,2026-06-02 07:36:14.529160024,0
482.63,Shopping,Amazon,17,4,2026-06-02 07:38:55.709789969,0
126.49,Entertainment,Spotify,19,4,2026-06-02 07:41:22.356406302,0
427.71,Entertainment,Spotify,13,4,2026-06-02 07:55:36.148839264,0
76.55,Entertainment,Netflix,22,0,2026-06-02 07:56:04.868067908,0
253.05,Food,Dominos,6,3,2026-06-02 08:05:06.245772231,0
504.35,Shopping,Unknown Merchant,10,6,2026-06-02 08:08:08.754683859,1
273.1,Entertainment,JioCinema,12,1,2026-06-02 08:11:13.811113456,0
193.07,Food,KFC,13,1,2026-06-02 08:13:00.842585216,0
207.26,Food,Swiggy,21,4,2026-06-02 08:16:18.743069511,0
1218.31,Shopping,Amazon,14,2,2026-06-02 08:28:13.627715254,0
418.51,Entertainment,Hotstar,6,0,2026-06-02 08:30:05.156513488,0
525.31,Bills,Paytm,12,5,2026-06-02 08:34:51.405337313,0
649.73,Shopping,Amazon,12,5,2026-06-02 08:35:35.862978542,0
14.62,Food,Zomato,22,6,2026-06-02 08:40:07.427292358,0
1131.22,Bills,Airtel,15,3,2026-06-02 08:42:48.494675871,0
307.11,Entertainment,Netflix,16,4,2026-06-02 08:46:36.962986709,0
10.0,Food,Zomato,18,2,2026-06-02 09:02:15.160338008,0
493.39,Shopping,Meesho,19,4,2026-06-02 09:02:39.335163990,0
272.91,Entertainment,Netflix,16,2,2026-06-02 09:03:14.932432525,0
940.47,Bills,Jio,10,1,2026-06-02 09:10:51.237541590,0
313.37,Bills,Paytm,20,2,2026-06-02 09:12:22.882150434,0
351.39,Bills,Airtel,18,1,2026-06-02 09:14:27.605580615,0
458.45,Shopping,Meesho,18,1,2026-06-02 09:23:07.559096502,0
116.09,Food,Zomato,22,0,2026-06-02 09:24:04.450973918,0
232.95,Travel,Rapido,19,6,2026-06-02 09:26:28.959945806,0
31.79,Travel,Unknown Merchant,19,2,2026-06-02 09:36:21.448437028,1
203.14,Entertainment,JioCinema,21,3,2026-06-02 09:41:37.850408663,0
360.76,Entertainment,Spotify,8,3,2026-06-02 09:51:11.791393501,0
146.32,Shopping,Ajio,13,2,2026-06-02 09:52:00.835922053,0
434.1,Shopping,Meesho,15,6,2026-06-02 09:53:06.627453293,0
421.91,Travel,IRCTC,12,0,2026-06-02 10:00:28.066030503,0
177.85,Bills,Airtel,20,3,2026-06-02 10:05:03.679353085,0
816.51,Bills,Jio,19,4,2026-06-02 10:05:09.251672788,0
507.43,Travel,Ola,18,3,2026-06-02 10:09:07.026068147,0
100.64,Entertainment,Netflix,22,0,2026-06-02 10:09:10.034049552,0
160.87,Food,Local Cafe,10,1,2026-06-02 10:15:53.644618112,0
786.89,Shopping,Ajio,18,1,2026-06-02 10:19:24.507663088,0
335.97,Food,Local Cafe,14,1,2026-06-02 10:21:08.157747057,0
525.36,Shopping,Meesho,12,0,2026-06-02 10:29:23.803137557,0
92.91,Food,KFC,8,1,2026-06-02 10:43:22.430875596,0
10.0,Shopping,Ajio,20,6,2026-06-02 10:50:03.459357168,0
288.27,Shopping,Amazon,15,1,2026-06-02 10:59:51.173680578,0
38.64,Food,Swiggy,19,0,2026-06-02 11:36:23.810427482,0
1011.23,Shopping,Flipkart,14,4,2026-06-02 11:46:03.858890673,0
221.13,Food,KFC,10,3,2026-06-02 12:05:39.903171209,0
60.26,Food,Zomato,12,0,2026-06-02 12:19:33.405030952,0
146.63,Travel,RedBus,12,0,2026-06-02 12:21:30.472043386,0
520.42,Shopping,Meesho,22,2,2026-06-02 12:41:08.412074931,0
232.3,Food,Local Cafe,6,1,2026-06-02 12:42:22.543047238,0
650.51,Shopping,Ajio,22,5,2026-06-02 12:45:07.357403392,0
380.05,Travel,Ola,22,4,2026-06-02 12:52:24.884715313,0
166.13,Food,Swiggy,22,5,2026-06-02 13:27:30.987087065,0
370.52,Bills,Paytm,13,2,2026-06-02 13:32:43.640914759,0
156.49,Food,Local Cafe,22,4,2026-06-02 13:41:22.681773267,0
146.81,Food,KFC,12,1,2026-06-02 13:53:06.019811639,0
78.73,Shopping,Flipkart,6,5,2026-06-02 13:58:38.522438622,0
1002.01,Shopping,Myntra,10,1,2026-06-02 14:08:52.388043600,0
564.22,Bills,GooglePay,21,1,2026-06-02 14:15:40.803246436,0
247.76,Bills,Airtel,6,3,2026-06-02 14:15:55.199103560,0
156.38,Entertainment,Netflix,14,4,2026-06-02 14:26:55.887515859,0
422.71,Shopping,Amazon,7,4,2026-06-02 14:28:50.658653048,0
144.43,Food,Dominos,11,2,2026-06-02 14:34:03.620551467,0
245.25,Travel,Uber,7,0,2026-06-02 14:50:27.455122044,0
148.86,Food,KFC,20,1,2026-06-02 14:51:16.893821956,0
544.88,Shopping,Meesho,15,1,2026-06-02 14:51:30.616969189,0
157.83,Food,Dominos,20,5,2026-06-02 15:11:02.883629040,0
181.41,Food,Local Cafe,17,2,2026-06-02 15:11:28.825423455,0
245.36,Entertainment,Netflix,22,4,2026-06-02 15:44:00.799454478,0
395.9,Travel,RedBus,13,3,2026-06-02 16:03:12.768562020,0
1091.58,Bills,PhonePe,16,4,2026-06-02 16:10:17.536014064,0
292.29,Shopping,Meesho,15,3,2026-06-02 16:20:21.432510555,0
97.28,Food,Swiggy,13,3,2026-06-02 16:22:54.452436896,0
232.71,Food,Local Cafe,20,4,2026-06-02 16:24:51.343228647,0
117.4,Food,KFC,16,5,2026-06-02 16:32:34.907210540,0
462.71,Shopping,Myntra,19,1,2026-06-02 16:41:27.226376570,0
715.45,Bills,Jio,19,3,2026-06-02 16:47:28.838779518,0
1710.33,Bills,PhonePe,9,5,2026-06-02 16:52:05.036464302,0
81.82,Food,KFC,16,2,2026-06-02 16:57:25.755799785,0
113.07,Entertainment,Hotstar,9,2,2026-06-02 16:58:35.504945854,0
795.65,Bills,Paytm,15,3,2026-06-02 17:08:25.378828493,0
444.76,Shopping,Flipkart,17,1,2026-06-02 17:19:14.588460940,0
347.93,Bills,Paytm,22,3,2026-06-02 17:29:30.576616469,0
472.41,Shopping,Meesho,6,2,2026-06-02 17:32:25.530293997,0
151.28,Food,Dominos,7,6,2026-06-02 17:38:33.218376291,0
348.93,Shopping,Meesho,7,2,2026-06-02 17:42:06.322114471,0
269.88,Travel,RedBus,12,4,2026-06-02 18:00:32.904717499,0
88.71,Food,Swiggy,19,6,2026-06-02 18:16:54.295234843,0
59.75,Food,Local Cafe,20,1,2026-06-02 18:25:10.600022544,0
116.83,Food,Dominos,18,4,2026-06-02 18:30:26.928656584,0
70.39,Food,Local Cafe,20,6,2026-06-02 18:47:33.536507183,0
69.84,Entertainment,Hotstar,12,5,2026-06-02 18:52:21.542988424,0
58.79,Bills,PhonePe,7,6,2026-06-02 18:54:47.694535550,0
565.6,Shopping,Ajio,7,5,2026-06-02 18:56:49.004604037,0
114.29,Food,Zomato,20,5,2026-06-02 19:01:02.304729865,0
812.13,Shopping,Meesho,18,6,2026-06-02 19:01:53.111830797,0
10.0,Shopping,Ajio,17,6,2026-06-02 19:15:08.063837115,0
120.48,Food,Dominos,12,0,2026-06-02 19:16:29.838593399,0
564.14,Shopping,Flipkart,12,6,2026-06-02 19:20:12.061435772,0
309.38,Shopping,Unknown Merchant,22,5,2026-06-02 19:22:43.197842864,1
783.48,Bills,Jio,7,3,2026-06-02 19:27:42.306959227,0
61.37,Bills,GooglePay,19,4,2026-06-02 19:33:41.394334840,0
115.71,Food,KFC,12,5,2026-06-02 19:35:43.648239930,0
246.07,Shopping,Amazon,6,1,2026-06-02 19:45:08.764410051,0
1170.27,Bills,GooglePay,18,6,2026-06-02 19:48:58.485047176,0
544.84,Shopping,Flipkart,12,5,2026-06-02 19:57:46.412379514,0
277.08,Entertainment,Hotstar,18,3,2026-06-02 20:08:35.154789404,0
1263.94,Bills,Paytm,18,6,2026-06-02 20:15:01.832461167,0
109.52,Food,Swiggy,14,3,2026-06-02 20:31:22.787288187,0
158.57,Food,KFC,19,3,2026-06-02 20:33:25.382008074,0
368.59,Bills,GooglePay,15,3,2026-06-02 20:45:32.760988883,0
178.83,Food,Swiggy,11,3,2026-06-02 20:46:28.445056179,0
651.29,Shopping,Amazon,18,1,2026-06-02 20:55:23.792290367,0
229.1,Entertainment,Netflix,15,0,2026-06-02 20:59:42.515815736,0
347.9,Shopping,Flipkart,6,2,2026-06-02 21:04:08.108295234,0
1035.43,Shopping,Amazon,20,0,2026-06-02 21:08:24.697202273,0
805.38,Bills,GooglePay,14,2,2026-06-02 21:22:58.142244560,0
1380.7,Shopping,Meesho,20,4,2026-06-02 21:26:44.197692969,0
178.0,Shopping,Amazon,20,6,2026-06-02 21:31:38.476584980,0
260.02,Entertainment,Hotstar,13,3,2026-06-02 21:52:43.713078479,0
787.38,Shopping,Myntra,13,4,2026-06-02 22:11:00.057578103,0
94.4,Entertainment,Hotstar,12,4,2026-06-02 22:22:26.556405270,0
174.31,Entertainment,Spotify,13,6,2026-06-02 22:26:11.519043144,0
38.18,Food,KFC,20,2,2026-06-02 22:34:37.433788272,0
246.21,Food,Local Cafe,19,1,2026-06-02 22:52:06.596456887,0
141.84,Food,Dominos,8,3,2026-06-02 23:09:14.545883748,0
82.61,Food,Dominos,16,5,2026-06-02 23:13:18.202999413,0
227.76,Food,Zomato,22,6,2026-06-02 23:17:47.269532053,0
794.68,Bills,GooglePay,15,6,2026-06-02 23:24:09.781504345,0
215.55,Food,Swiggy,19,4,2026-06-02 23:26:30.795918077,0
183.91,Food,KFC,19,0,2026-06-02 23:32:39.311036020,0
106.84,Travel,Uber,12,3,2026-06-02 23:41:28.036931429,0
106.91,Food,Zomato,12,1,2026-06-03 00:06:57.279445043,0
136.46,Travel,Uber,18,3,2026-06-03 00:18:35.836624165,0
59.29,Food,Zomato,13,5,2026-06-03 00:21:09.461635189,0
19.84,Food,Zomato,15,5,2026-06-03 00:21:37.291279759,0
1609.04,Bills,Paytm,18,4,2026-06-03 00:21:59.830675973,0
908.97,Bills,GooglePay,19,0,2026-06-03 00:46:08.449707158,0
241.75,Entertainment,Hotstar,11,4,2026-06-03 00:46:47.945111061,0
1236.84,Bills,PhonePe,8,1,2026-06-03 00:47:10.501354550,0
190.42,Travel,Uber,11,2,2026-06-03 01:14:09.831143524,0
43.13,Food,Local Cafe,13,5,2026-06-03 01:21:22.891984310,0
207.93,Food,Local Cafe,12,0,2026-06-03 01:37:30.409907473,0
60.05,Travel,RedBus,15,5,2026-06-03 01:37:39.729594424,0
439.78,Travel,Rapido,7,1,2026-06-03 01:46:33.512858305,0
52.95,Entertainment,Spotify,13,1,2026-06-03 02:10:22.429064960,0
121.17,Shopping,Amazon,12,5,2026-06-03 02:12:40.295940000,0
307.68,Shopping,Myntra,14,4,2026-06-03 02:19:43.096066079,0
431.81,Travel,IRCTC,12,5,2026-06-03 02:29:52.342128710,0
279.5,Food,Dominos,11,4,2026-06-03 02:33:53.046866721,0
241.58,Entertainment,Spotify,20,5,2026-06-03 02:39:15.093123784,0
139.48,Entertainment,Hotstar,9,4,2026-06-03 02:39:18.975546674,0
773.13,Shopping,Myntra,17,2,2026-06-03 02:44:38.850974367,0
10.0,Travel,Ola,21,3,2026-06-03 03:05:31.870933033,0
116.36,Travel,IRCTC,14,3,2026-06-03 03:07:33.819048389,0
156.37,Food,Dominos,20,4,2026-06-03 03:10:43.356806486,0
275.88,Entertainment,JioCinema,8,4,2026-06-03 03:23:28.270081402,0
437.4,Shopping,Myntra,13,6,2026-06-03 03:27:27.609090979,0
237.47,Travel,IRCTC,13,6,2026-06-03 03:32:41.562916218,0
129.42,Food,Swiggy,6,2,2026-06-03 03:33:36.426381623,0
308.21,Entertainment,Spotify,13,3,2026-06-03 03:46:30.768274029,0
272.31,Shopping,Meesho,12,2,2026-06-03 03:46:45.585928570,0
71.7,Food,Swiggy,17,6,2026-06-03 03:49:00.653698375,0
172.76,Entertainment,Hotstar,21,6,2026-06-03 03:52:25.159673534,0
248.7,Food,Swiggy,7,1,2026-06-03 03:57:12.047366933,0
97.46,Food,KFC,12,5,2026-06-03 04:08:13.161293579,0
173.97,Entertainment,YouTube,13,6,2026-06-03 04:08:26.135830428,0
49.0,Entertainment,JioCinema,13,3,2026-06-03 04:14:41.980946861,0
433.84,Shopping,Flipkart,19,4,2026-06-03 04:28:58.510508231,0
889.31,Bills,Airtel,13,0,2026-06-03 04:31:19.422445344,0
140.48,Shopping,Amazon,6,6,2026-06-03 04:31:39.786590989,0
236.74,Food,Local Cafe,18,1,2026-06-03 04:44:06.533464208,0
166.82,Food,KFC,20,5,2026-06-03 04:44:49.328944290,0
592.9,Bills,Airtel,13,0,2026-06-03 04:59:33.436173297,0
343.56,Travel,Rapido,15,2,2026-06-03 05:12:34.265413224,0
395.12,Travel,Rapido,8,5,2026-06-03 05:13:45.748779453,0
10.0,Travel,Uber,10,2,2026-06-03 05:27:12.390377449,0
170.49,Food,KFC,10,2,2026-06-03 05:35:53.215412078,0
857.99,Shopping,Amazon,13,4,2026-06-03 05:45:13.459526670,0
88.26,Food,Swiggy,21,2,2026-06-03 05:51:45.665737116,0
350.61,Shopping,Amazon,14,6,2026-06-03 05:51:57.766192521,0
395.84,Shopping,Amazon,9,0,2026-06-03 06:00:09.057543811,0
277.08,Entertainment,YouTube,11,1,2026-06-03 06:04:40.728273579,0
183.85,Shopping,Flipkart,12,6,2026-06-03 06:07:46.841385179,0
184.23,Food,Zomato,16,4,2026-06-03 06:12:49.276358734,0
123.64,Food,KFC,13,1,2026-06-03 06:12:58.497518749,0
634.97,Travel,Uber,12,2,2026-06-03 06:21:17.830886621,0
690.08,Bills,Paytm,15,3,2026-06-03 06:26:16.479230428,0
10.0,Food,Zomato,10,5,2026-06-03 06:33:43.930779673,0
199.1,Food,KFC,7,4,2026-06-03 06:37:53.635837087,0
950.18,Bills,Jio,6,2,2026-06-03 06:38:22.054173468,0
163.41,Food,KFC,10,4,2026-06-03 06:39:24.277191491,0
532.45,Travel,Rapido,7,3,2026-06-03 06:55:35.690674137,0
147.19,Bills,GooglePay,12,0,2026-06-03 06:57:32.535820055,0
77.6,Food,Zomato,19,6,2026-06-03 07:02:55.687312342,0
146.3,Food,Swiggy,18,0,2026-06-03 07:09:30.599051778,0
211.41,Entertainment,Spotify,16,5,2026-06-03 07:11:49.718390791,0
442.93,Shopping,Flipkart,20,0,2026-06-03 07:13:37.158375485,0
50.77,Shopping,Meesho,11,6,2026-06-03 07:22:59.745401351,0
202.22,Travel,Rapido,20,6,2026-06-03 07:31:49.693415463,0
358.89,Entertainment,Spotify,12,3,2026-06-03 07:36:55.009016010,0
90.38,Entertainment,Netflix,12,1,2026-06-03 07:37:45.939112114,0
286.43,Travel,RedBus,12,3,2026-06-03 07:47:04.777568538,0
629.49,Shopping,Flipkart,7,3,2026-06-03 07:50:29.831842964,0
209.17,Food,Local Cafe,22,2,2026-06-03 08:03:44.679485546,0
421.75,Travel,Uber,8,0,2026-06-03 08:26:22.008709248,0
332.86,Shopping,Amazon,12,4,2026-06-03 08:27:05.482233871,0
227.37,Shopping,Ajio,12,6,2026-06-03 08:50:26.025867765,0
368.45,Entertainment,Netflix,7,5,2026-06-03 08:59:53.081003064,0
217.38,Food,KFC,8,1,2026-06-03 09:00:29.047741848,0
506.96,Shopping,Amazon,6,6,2026-06-03 09:13:04.956983211,0
258.08,Food,Swiggy,11,4,2026-06-03 09:14:50.330142617,0
46.24,Shopping,Ajio,20,2,2026-06-03 09:15:15.683126649,0
43.54,Food,Local Cafe,12,2,2026-06-03 09:16:50.131776666,0
10.0,Food,Swiggy,8,1,2026-06-03 09:18:05.224916923,0
158.23,Food,Swiggy,16,4,2026-06-03 09:18:45.873715439,1
859.74,Bills,GooglePay,22,1,2026-06-03 09:24:45.524557626,0
235.58,Bills,Airtel,10,1,2026-06-03 09:28:23.560187835,0
740.95,Shopping,Myntra,11,0,2026-06-03 09:32:29.426030612,0
10.72,Entertainment,Spotify,22,4,2026-06-03 09:33:51.635422187,0
593.45,Shopping,Amazon,9,0,2026-06-03 09:40:02.776134213,0
192.75,Food,Local Cafe,13,6,2026-06-03 09:49:24.370131869,0
209.11,Entertainment,Netflix,10,0,2026-06-03 09:51:39.762768109,0
27.48,Food,KFC,21,6,2026-06-03 10:06:54.967244297,0
315.03,Entertainment,Spotify,22,5,2026-06-03 10:24:40.449689920,0
107.88,Food,Dominos,19,0,2026-06-03 10:35:26.444470366,0
147.64,Entertainment,Netflix,12,3,2026-06-03 10:40:18.222186832,0
93.25,Food,Zomato,12,2,2026-06-03 10:46:53.825095582,0
264.46,Entertainment,Spotify,10,2,2026-06-03 10:50:10.748937104,0
328.91,Shopping,Amazon,20,3,2026-06-03 11:16:41.232810682,0
82.09,Entertainment,Spotify,21,6,2026-06-03 11:19:24.003260525,0
224.08,Food,KFC,12,6,2026-06-03 11:22:22.942139678,0
472.68,Shopping,Flipkart,17,1,2026-06-03 11:24:00.128815026,0
296.39,Entertainment,YouTube,8,4,2026-06-03 11:29:17.503684546,0
493.97,Shopping,Amazon,13,4,2026-06-03 11:35:42.868746018,0
491.52,Bills,PhonePe,16,4,2026-06-03 11:45:36.539563002,0
90.41,Bills,PhonePe,12,0,2026-06-03 11:51:28.816467881,0
532.12,Shopping,Amazon,12,4,2026-06-03 12:01:32.821931038,0
661.94,Bills,PhonePe,6,4,2026-06-03 12:03:41.954286017,0
706.38,Shopping,Meesho,19,6,2026-06-03 12:29:22.206332802,0
138.7,Entertainment,Spotify,20,4,2026-06-03 12:38:46.047045151,0
177.35,Food,Swiggy,22,2,2026-06-03 12:52:24.871598563,0
145.2,Food,Swiggy,18,3,2026-06-03 13:05:28.495647668,0
114.94,Entertainment,Spotify,14,5,2026-06-03 13:10:06.186355935,0
145.9,Entertainment,JioCinema,11,6,2026-06-03 13:12:34.134907279,0
95.07,Shopping,Ajio,22,1,2026-06-03 13:13:35.320521136,0
1507.27,Bills,PhonePe,15,3,2026-06-03 13:24:46.815822382,0
175.6,Food,Local Cafe,17,4,2026-06-03 13:37:20.475548690,0
37.44,Food,Swiggy,17,1,2026-06-03 13:52:42.212856160,0
1011.38,Shopping,Myntra,20,1,2026-06-03 13:59:45.479804116,0
167.57,Shopping,Myntra,6,3,2026-06-03 13:59:59.395154949,0
311.4,Shopping,Flipkart,10,3,2026-06-03 14:11:20.343780229,0
127.8,Food,Swiggy,17,3,2026-06-03 14:18:05.342846275,0
196.34,Entertainment,Spotify,20,6,2026-06-03 14:19:35.807645734,0
265.96,Entertainment,YouTube,17,6,2026-06-03 14:29:29.533200519,0
13.07,Bills,Jio,12,5,2026-06-03 14:58:31.674301795,0
493.63,Shopping,Meesho,12,3,2026-06-03 14:59:03.726280385,0
123.87,Food,Local Cafe,18,5,2026-06-03 15:07:11.789934103,0
324.95,Travel,IRCTC,18,0,2026-06-03 15:11:12.258804824,0
650.65,Bills,Jio,15,2,2026-06-03 15:11:24.834944766,0
9586.09,Food,Swiggy,11,5,2026-06-03 15:13:11.413846351,1
183.01,Entertainment,Spotify,21,2,2026-06-03 15:23:17.693230486,0
627.35,Travel,Uber,14,4,2026-06-03 15:23:29.392291982,0
151.77,Entertainment,Spotify,19,0,2026-06-03 15:24:23.664384724,0
1239.59,Bills,Paytm,9,1,2026-06-03 15:37:44.940433541,0
833.11,Bills,Paytm,12,3,2026-06-03 15:47:45.721718079,0
511.03,Shopping,Flipkart,20,4,2026-06-03 15:48:27.420375139,0
213.42,Entertainment,Netflix,7,1,2026-06-03 15:50:36.919136321,0
242.83,Entertainment,Netflix,13,6,2026-06-03 15:55:13.357270858,0
117.12,Food,Dominos,13,2,2026-06-03 16:17:07.538158367,0
231.73,Food,Local Cafe,19,1,2026-06-03 16:39:51.295478488,0
629.26,Shopping,Amazon,11,3,2026-06-03 16:43:23.166423131,0
44.86,Travel,Rapido,10,3,2026-06-03 16:43:57.314909606,0
10.0,Entertainment,Hotstar,21,5,2026-06-03 16:45:34.719080662,0
277.96,Food,KFC,15,5,2026-06-03 16:50:16.110878828,0
549.62,Shopping,Ajio,7,6,2026-06-03 16:50:34.068865661,0
85.39,Shopping,Meesho,9,2,2026-06-03 16:52:20.136761713,0
151.64,Entertainment,Spotify,22,3,2026-06-03 17:10:40.569656296,0
468.36,Travel,Ola,9,0,2026-06-03 17:23:07.385016085,0
254.58,Travel,RedBus,16,4,2026-06-03 17:50:38.924511063,0
457.47,Shopping,Myntra,12,2,2026-06-03 17:52:19.323809739,0
1603.74,Shopping,Flipkart,20,2,2026-06-03 17:59:07.525267710,1
170.7,Food,Local Cafe,19,1,2026-06-03 18:01:31.871885199,0
190.37,Food,Zomato,15,2,2026-06-03 18:03:23.620953851,0
262.65,Entertainment,Spotify,6,6,2026-06-03 18:03:31.951665087,0
150.81,Travel,Rapido,20,4,2026-06-03 18:08:12.850890745,0
133.85,Entertainment,YouTube,13,0,2026-06-03 18:33:11.121557640,0
114.37,Entertainment,Spotify,21,1,2026-06-03 18:36:57.475509327,0
316.51,Shopping,Meesho,13,4,2026-06-03 18:40:08.932029897,0
264.15,Travel,Rapido,17,5,2026-06-03 18:42:31.298009401,0
189.0,Entertainment,Hotstar,7,2,2026-06-03 19:01:30.423061126,0
563.1,Travel,RedBus,18,6,2026-06-03 19:05:00.915668488,0
166.84,Food,Dominos,12,3,2026-06-03 19:12:16.051247933,0
451.87,Shopping,Amazon,12,5,2026-06-03 19:14:25.679766613,0
350.07,Food,KFC,8,3,2026-06-03 19:23:10.726427016,0
94.44,Entertainment,Hotstar,8,4,2026-06-03 19:24:40.370932979,0
658.53,Bills,GooglePay,9,0,2026-06-03 19:24:49.690170468,0
285.14,Food,Zomato,12,3,2026-06-03 19:26:27.559974364,0
1467.97,Bills,Jio,20,6,2026-06-03 19:32:04.582235581,0
653.9,Bills,Paytm,12,4,2026-06-03 19:34:00.250369850,0
10.0,Shopping,Myntra,18,1,2026-06-03 19:39:02.664109315,0
110.64,Food,Local Cafe,7,2,2026-06-03 19:51:30.215722844,0
1331.22,Bills,PhonePe,15,0,2026-06-03 20:07:47.994804964,0
448.21,Shopping,Myntra,13,6,2026-06-03 20:09:10.669803818,0
427.74,Travel,Uber,22,6,2026-06-03 20:14:40.632899451,0
480.93,Shopping,Meesho,20,0,2026-06-03 20:16:25.741619552,0
54.91,Entertainment,Spotify,13,1,2026-06-03 20:23:04.143025989,0
491.24,Shopping,Flipkart,19,0,2026-06-03 20:40:56.527072381,0
732.53,Shopping,Amazon,9,4,2026-06-03 20:50:32.934399564,0
137.55,Entertainment,YouTube,15,0,2026-06-03 20:51:28.586650293,0
724.09,Shopping,Ajio,7,0,2026-06-03 21:21:13.153756517,0
152.52,Food,Dominos,12,0,2026-06-03 21:27:03.515609317,0
205.21,Food,Dominos,10,4,2026-06-03 21:32:50.220908176,0
354.62,Travel,Uber,18,5,2026-06-03 21:51:07.970459594,0
400.72,Bills,GooglePay,13,2,2026-06-03 21:53:40.777138806,0
662.37,Bills,GooglePay,19,3,2026-06-03 22:00:06.816090747,0
120.04,Food,Zomato,13,5,2026-06-03 22:04:15.558637046,0
96.55,Food,Local Cafe,7,0,2026-06-03 22:11:05.289797658,0
165.47,Food,Swiggy,18,1,2026-06-03 22:16:46.737375064,0
1070.08,Shopping,Myntra,19,6,2026-06-03 22:41:24.037757967,0
806.92,Shopping,Myntra,20,1,2026-06-03 22:43:56.575926958,0
850.25,Shopping,Flipkart,15,4,2026-06-03 22:44:54.517453548,0
282.81,Shopping,Flipkart,19,2,2026-06-03 23:21:33.811955420,0
318.61,Entertainment,Spotify,19,0,2026-06-03 23:23:01.625490637,0
273.23,Food,Swiggy,8,4,2026-06-03 23:38:23.611526108,0
273.84,Shopping,Flipkart,8,3,2026-06-04 00:15:50.495909663,0
376.53,Travel,Ola,7,2,2026-06-04 00:22:47.377763704,0
622.83,Shopping,Amazon,12,2,2026-06-04 00:23:44.542187013,0
689.33,Bills,PhonePe,13,4,2026-06-04 00:29:14.837752289,0
211.34,Entertainment,Netflix,22,5,2026-06-04 00:29:27.129957646,0
245.9,Entertainment,Netflix,13,6,2026-06-04 00:32:46.817650003,0
132.89,Food,Dominos,18,1,2026-06-04 00:51:42.400805922,0
297.03,Entertainment,JioCinema,17,5,2026-06-04 00:57:01.127332034,0
118.71,Shopping,Flipkart,9,2,2026-06-04 01:04:24.229274129,0
119.71,Food,KFC,7,1,2026-06-04 01:05:11.665610798,0
697.86,Shopping,Ajio,14,2,2026-06-04 01:06:59.251655878,0
376.65,Entertainment,Netflix,17,6,2026-06-04 01:09:54.229049051,0
811.58,Shopping,Flipkart,22,2,2026-06-04 01:21:51.090088075,0
157.45,Food,Local Cafe,12,2,2026-06-04 01:28:51.410464453,0
732.65,Bills,GooglePay,20,3,2026-06-04 01:29:25.588252998,0
123.92,Food,KFC,12,1,2026-06-04 01:41:17.051622477,0
124.37,Food,Dominos,17,3,2026-06-04 01:45:59.746470591,0
10.0,Food,Swiggy,15,1,2026-06-04 01:58:29.282061764,0
287.27,Food,KFC,7,6,2026-06-04 02:00:57.964696223,0
142.2,Food,Local Cafe,7,6,2026-06-04 02:02:48.402085851,0
85.13,Food,KFC,6,3,2026-06-04 02:24:49.708196176,0
946.73,Bills,PhonePe,12,3,2026-06-04 02:25:19.511508189,0
90.76,Food,KFC,18,3,2026-06-04 02:27:24.771209217,0
219.19,Food,Dominos,9,6,2026-06-04 02:40:43.147252168,0
121.74,Entertainment,Spotify,15,6,2026-06-04 02:51:17.586164783,0
712.11,Shopping,Myntra,11,4,2026-06-04 02:53:21.313390359,0
664.1,Bills,Airtel,19,3,2026-06-04 02:53:37.118023545,0
168.53,Food,KFC,19,5,2026-06-04 03:15:24.404727744,0
212.91,Food,Local Cafe,19,5,2026-06-04 03:21:41.421083947,0
105.24,Food,Local Cafe,14,2,2026-06-04 03:24:45.508397785,0
210.84,Food,Dominos,11,0,2026-06-04 03:32:59.101919134,0
10.56,Food,Zomato,19,3,2026-06-04 03:36:32.763777507,0
265.82,Food,Dominos,9,0,2026-06-04 03:39:05.501256767,0
225.09,Food,Swiggy,11,0,2026-06-04 03:51:35.083635906,0
139.53,Food,Zomato,9,2,2026-06-04 03:55:29.879156115,0
838.47,Shopping,Amazon,17,0,2026-06-04 04:00:29.055775780,0
230.82,Food,Zomato,17,6,2026-06-04 04:02:39.798995494,0
486.69,Shopping,Myntra,16,0,2026-06-04 04:05:54.693650718,0
483.57,Shopping,Ajio,12,6,2026-06-04 04:07:39.094882787,0
431.03,Bills,Jio,7,6,2026-06-04 04:11:56.592323194,0
150.59,Food,Swiggy,21,5,2026-06-04 04:40:24.200674343,0
10.0,Travel,Rapido,13,6,2026-06-04 04:50:20.156221590,0
1077.57,Bills,PhonePe,12,0,2026-06-04 04:54:11.993086684,0
207.33,Food,KFC,15,1,2026-06-04 04:57:39.647426223,0
26.97,Entertainment,Spotify,9,3,2026-06-04 04:58:10.515050172,0
333.39,Bills,GooglePay,8,3,2026-06-04 05:02:03.426756812,1
98.71,Food,Local Cafe,12,0,2026-06-04 05:05:42.480378136,0
375.95,Food,Swiggy,10,2,2026-06-04 05:07:26.243925994,0
335.92,Travel,Uber,10,1,2026-06-04 05:08:13.755053836,0
1338.06,Bills,Jio,20,2,2026-06-04 05:15:29.496481873,0
73.91,Food,Local Cafe,14,2,2026-06-04 05:23:51.406082573,0
122.65,Food,Swiggy,13,0,2026-06-04 05:36:22.296908223,0
330.74,Shopping,Flipkart,17,4,2026-06-04 05:39:09.193258853,0
51.79,Shopping,Meesho,21,0,2026-06-04 05:49:34.689021319,0
292.75,Bills,GooglePay,7,5,2026-06-04 06:08:41.518714246,0
449.52,Shopping,Flipkart,19,4,2026-06-04 06:19:22.063993090,0
599.49,Shopping,Myntra,15,6,2026-06-04 06:48:30.344609939,0
381.14,Bills,Paytm,8,1,2026-06-04 06:58:14.316371856,0
118.01,Food,KFC,11,4,2026-06-04 06:58:30.748056512,0
90.39,Food,KFC,13,0,2026-06-04 07:02:57.108102924,0
758.01,Bills,PhonePe,17,0,2026-06-04 07:04:26.282202925,0
261.28,Entertainment,Spotify,10,2,2026-06-04 07:14:33.513266755,0
517.51,Shopping,Flipkart,14,0,2026-06-04 07:25:40.575758216,0
318.84,Shopping,Flipkart,17,6,2026-06-04 08:09:13.392548846,0
227.9,Food,Dominos,13,5,2026-06-04 08:14:11.048652569,0
589.64,Shopping,Flipkart,20,0,2026-06-04 08:15:23.001339340,0
526.1,Shopping,Amazon,20,3,2026-06-04 08:18:15.440840707,0
67.11,Food,Swiggy,13,3,2026-06-04 08:19:22.823592842,0
218.54,Food,Swiggy,22,2,2026-06-04 08:21:41.522953292,0
619.41,Shopping,Meesho,7,4,2026-06-04 08:47:41.982169202,0
186.04,Food,Zomato,6,4,2026-06-04 08:56:25.677721784,0
129.06,Food,Local Cafe,12,3,2026-06-04 09:17:39.727029862,0
115.29,Food,Zomato,15,5,2026-06-04 09:23:52.809321440,0
287.77,Food,Swiggy,16,1,2026-06-04 09:24:30.365090614,0
114.16,Food,Local Cafe,13,6,2026-06-04 09:27:10.515540492,0
78.52,Entertainment,Spotify,8,6,2026-06-04 09:28:50.194086711,0
540.76,Shopping,Myntra,8,6,2026-06-04 09:35:34.905866801,0
779.0,Bills,PhonePe,20,5,2026-06-04 09:52:29.080217639,0
504.57,Travel,Rapido,20,3,2026-06-04 09:56:58.930725179,0
442.87,Shopping,Amazon,17,6,2026-06-04 10:12:25.559738753,0
196.35,Food,Local Cafe,17,5,2026-06-04 10:14:52.584677403,0
923.61,Shopping,Amazon,15,1,2026-06-04 10:24:44.378679376,0
601.51,Shopping,Amazon,9,4,2026-06-04 10:26:46.456274613,0
402.97,Entertainment,JioCinema,13,3,2026-06-04 10:32:57.129857793,1
10.0,Shopping,Ajio,17,0,2026-06-04 10:45:00.877315716,0
179.34,Food,KFC,14,6,2026-06-04 10:50:20.096174058,0
119.29,Food,Swiggy,6,1,2026-06-04 10:50:21.436082307,0
560.68,Shopping,Flipkart,21,1,2026-06-04 10:50:52.863961817,0
781.9,Bills,GooglePay,20,1,2026-06-04 11:05:28.449696641,0
130.07,Shopping,Myntra,10,4,2026-06-04 11:11:48.409048558,0
441.26,Shopping,Amazon,16,5,2026-06-04 11:14:56.222938139,0
95.77,Entertainment,YouTube,21,2,2026-06-04 11:19:34.434991343,0
592.53,Bills,Jio,7,6,2026-06-04 11:21:06.621605210,0
218.26,Food,Swiggy,13,0,2026-06-04 11:27:35.643349014,0
152.35,Food,Zomato,13,6,2026-06-04 11:34:20.541755264,0
191.33,Food,Zomato,12,3,2026-06-04 11:38:42.923261573,0
158.58,Food,Zomato,19,5,2026-06-04 11:39:29.470423438,0
124.49,Food,KFC,12,1,2026-06-04 11:52:28.907048551,0
166.41,Food,Local Cafe,7,6,2026-06-04 12:00:58.745964592,0
20.13,Food,Dominos,7,4,2026-06-04 12:20:40.540071653,0
205.81,Food,Swiggy,6,1,2026-06-04 12:22:43.882271293,0
116.39,Entertainment,Hotstar,12,5,2026-06-04 12:25:46.828024258,0
186.17,Food,KFC,18,3,2026-06-04 12:27:42.673653891,0
393.21,Shopping,Flipkart,9,0,2026-06-04 12:29:32.595371835,0
130.24,Shopping,Amazon,16,1,2026-06-04 12:30:34.968142567,0
131.55,Entertainment,Netflix,17,6,2026-06-04 12:59:33.439756205,0
186.59,Food,KFC,10,6,2026-06-04 13:21:07.962410399,0
1129.47,Shopping,Flipkart,15,4,2026-06-04 13:25:43.394572569,0
189.3,Entertainment,Unknown Merchant,17,4,2026-06-04 13:35:55.153482966,1
394.22,Entertainment,Netflix,13,2,2026-06-04 13:43:08.637897656,0
10.0,Travel,IRCTC,12,4,2026-06-04 13:46:10.396105667,0
10.0,Food,KFC,16,2,2026-06-04 13:47:17.901282810,0
127.21,Food,Local Cafe,22,0,2026-06-04 13:50:17.736658249,0
757.52,Bills,Paytm,13,3,2026-06-04 14:06:39.108056117,0
251.01,Entertainment,JioCinema,12,2,2026-06-04 14:21:00.260121969,0
305.19,Shopping,Ajio,13,1,2026-06-04 14:23:44.884148244,0
588.57,Shopping,Myntra,7,5,2026-06-04 14:26:37.170023116,0
130.94,Food,Local Cafe,14,6,2026-06-04 14:56:29.625976921,0
535.44,Travel,Ola,12,1,2026-06-04 15:01:38.652215720,0
160.94,Food,Zomato,8,6,2026-06-04 15:10:59.100379243,0
366.24,Food,Swiggy,13,3,2026-06-04 15:17:38.560413195,0
430.8,Shopping,Ajio,6,4,2026-06-04 15:23:15.012240316,0
830.97,Shopping,Amazon,12,5,2026-06-04 15:26:41.622846940,0
265.36,Food,Local Cafe,7,1,2026-06-04 15:28:25.762480862,0
10.0,Food,Local Cafe,6,5,2026-06-04 15:38:34.492010292,0
1073.67,Bills,PhonePe,19,2,2026-06-04 15:40:36.296949530,0
50.01,Food,KFC,21,3,2026-06-04 15:44:23.289290583,0
420.43,Shopping,Myntra,9,1,2026-06-04 15:56:27.667879044,0
60.81,Food,Swiggy,14,4,2026-06-04 16:04:36.135541401,0
859.07,Shopping,Ajio,11,5,2026-06-04 16:14:11.961673504,0
320.93,Shopping,Myntra,13,4,2026-06-04 16:14:27.018243037,0
16.04,Food,Swiggy,13,5,2026-06-04 16:21:59.051666314,0
162.85,Food,Zomato,11,1,2026-06-04 16:22:51.265265861,0
258.97,Food,Swiggy,17,3,2026-06-04 16:50:42.098396720,0
61.75,Food,Swiggy,8,0,2026-06-04 16:55:43.072487813,0
282.06,Travel,Ola,7,1,2026-06-04 17:01:57.662877676,1
10.0,Food,Zomato,19,4,2026-06-04 17:02:00.037125005,0
588.88,Travel,Uber,17,0,2026-06-04 17:02:37.576977085,0
178.67,Food,Zomato,13,3,2026-06-04 17:04:20.895790413,0
321.38,Bills,GooglePay,13,4,2026-06-04 17:07:07.706817917,0
444.2,Travel,Ola,13,3,2026-06-04 17:29:15.250380548,0
336.44,Shopping,Flipkart,13,5,2026-06-04 17:35:18.010051193,0
223.56,Shopping,Amazon,12,1,2026-06-04 17:36:03.257258352,0
330.38,Shopping,Myntra,13,3,2026-06-04 17:49:21.826831895,0
198.99,Food,Zomato,14,4,2026-06-04 17:59:55.832217617,0
102.14,Entertainment,Spotify,17,1,2026-06-04 18:27:43.086284753,0
10.0,Travel,Uber,18,6,2026-06-04 18:58:16.909790360,0
148.19,Entertainment,Spotify,12,4,2026-06-04 19:01:04.492009471,0
249.47,Food,Zomato,12,4,2026-06-04 19:03:08.895272443,0
1291.21,Bills,GooglePay,12,6,2026-06-04 19:10:17.396258127,0
143.33,Entertainment,Netflix,14,6,2026-06-04 19:21:23.793380218,0
102.01,Food,KFC,13,0,2026-06-04 19:37:42.287266162,0
97.43,Food,Zomato,20,2,2026-06-04 19:45:59.385618357,0
520.91,Bills,PhonePe,17,3,2026-06-04 20:01:47.980753880,0
309.34,Shopping,Amazon,20,3,2026-06-04 20:03:48.948605561,0
341.66,Travel,Ola,18,0,2026-06-04 20:05:26.637873111,0
251.69,Food,Local Cafe,22,5,2026-06-04 20:18:24.349537453,0
103.99,Travel,Rapido,16,3,2026-06-04 20:20:50.805365181,0
84.61,Food,Local Cafe,22,6,2026-06-04 20:24:15.959416670,0
175.7,Food,Zomato,8,0,2026-06-04 20:27:29.788935434,0
203.78,Food,KFC,7,3,2026-06-04 20:49:22.232949646,0
10.0,Travel,RedBus,15,3,2026-06-04 20:59:38.908392841,0
208.49,Bills,PhonePe,22,4,2026-06-04 21:02:28.300839537,0
1001.68,Shopping,Amazon,12,0,2026-06-04 21:17:53.221660095,0
10.0,Shopping,Ajio,9,6,2026-06-04 21:21:28.618038456,0
164.92,Entertainment,Spotify,14,5,2026-06-04 21:21:43.449266596,0
80.28,Shopping,Meesho,16,3,2026-06-04 21:22:06.842913402,0
10.0,Travel,IRCTC,12,5,2026-06-04 21:28:05.377932650,0
28.65,Shopping,Meesho,18,2,2026-06-04 21:37:10.247798174,0
824.45,Shopping,Amazon,22,0,2026-06-04 21:46:39.304736389,0
511.26,Shopping,Flipkart,20,0,2026-06-04 22:14:52.783597953,0
237.34,Food,Local Cafe,11,0,2026-06-04 22:18:25.034419464,0
739.21,Bills,GooglePay,12,6,2026-06-04 22:32:24.205233438,0
818.04,Shopping,Amazon,12,6,2026-06-04 22:57:28.577197000,0
135.91,Food,Zomato,12,4,2026-06-04 23:00:44.406594870,0
10.0,Entertainment,Hotstar,7,0,2026-06-04 23:10:51.796827903,0
651.72,Shopping,Myntra,19,4,2026-06-04 23:37:42.961045587,0
473.99,Shopping,Meesho,12,6,2026-06-04 23:43:19.499724367,0
176.51,Entertainment,Spotify,20,2,2026-06-04 23:57:32.105472997,0
442.59,Bills,Paytm,21,1,2026-06-05 00:02:29.379170081,0
201.67,Food,Local Cafe,6,4,2026-06-05 00:21:23.811395405,0
90.1,Entertainment,YouTube,22,3,2026-06-05 00:38:50.230350565,0
1057.65,Bills,GooglePay,18,0,2026-06-05 00:46:09.778366603,0
156.56,Food,Zomato,14,1,2026-06-05 00:58:51.866397480,0
203.79,Food,KFC,12,4,2026-06-05 01:08:57.974816020,0
333.33,Travel,RedBus,14,5,2026-06-05 01:16:02.562670677,0
1272.4,Bills,GooglePay,12,6,2026-06-05 01:23:11.965582440,0
620.98,Shopping,Amazon,16,5,2026-06-05 01:23:57.797640900,0
210.29,Entertainment,Hotstar,7,3,2026-06-05 01:24:33.118985801,0
10.0,Travel,IRCTC,16,1,2026-06-05 01:29:02.445149110,0
248.16,Food,Local Cafe,11,2,2026-06-05 01:40:06.314157593,0
23.55,Food,Local Cafe,6,4,2026-06-05 01:46:41.366714996,0
44.33,Food,Swiggy,14,5,2026-06-05 01:47:29.054798673,0
1108.56,Bills,PhonePe,15,5,2026-06-05 02:04:14.443065142,0
150.09,Food,KFC,13,4,2026-06-05 02:07:36.824335774,0
36.67,Shopping,Myntra,7,5,2026-06-05 02:15:54.087331315,0
179.77,Travel,Rapido,20,2,2026-06-05 02:31:09.002829443,0
316.59,Entertainment,Spotify,16,5,2026-06-05 02:36:20.025805361,0
160.93,Food,Swiggy,8,4,2026-06-05 02:38:52.388607533,0
305.08,Travel,Uber,13,0,2026-06-05 02:46:34.687309776,0
92.67,Food,KFC,13,5,2026-06-05 02:54:58.531939820,0
461.92,Travel,IRCTC,7,4,2026-06-05 03:02:39.901354127,0
140.15,Food,Dominos,15,0,2026-06-05 03:04:13.104688907,0
680.77,Shopping,Flipkart,19,5,2026-06-05 03:17:05.087487035,0
137.49,Travel,Uber,19,5,2026-06-05 03:20:15.052162856,0
318.42,Food,Local Cafe,9,4,2026-06-05 03:27:13.215391459,0
259.45,Food,Dominos,20,3,2026-06-05 03:30:23.589234934,0
850.36,Bills,Paytm,12,3,2026-06-05 03:40:17.491012205,0
935.18,Bills,Paytm,21,1,2026-06-05 03:43:33.137000542,0
563.1,Bills,Jio,7,3,2026-06-05 03:51:38.124698199,0
1074.34,Bills,PhonePe,13,2,2026-06-05 03:56:38.572824906,0
10.0,Shopping,Myntra,15,1,2026-06-05 04:15:29.366044824,0
282.26,Food,KFC,10,3,2026-06-05 04:27:29.486335611,0
199.85,Food,Dominos,19,0,2026-06-05 04:36:16.710891453,0
70.12,Food,Swiggy,16,6,2026-06-05 04:47:25.111522526,0
362.33,Entertainment,Netflix,6,4,2026-06-05 04:54:51.095015075,0
1097.41,Shopping,Flipkart,16,3,2026-06-05 05:08:45.789285528,0
617.87,Shopping,Myntra,13,0,2026-06-05 05:10:51.825496980,0
260.87,Shopping,Amazon,9,6,2026-06-05 05:11:26.433679516,0
204.09,Entertainment,YouTube,22,1,2026-06-05 05:36:19.272360248,0
193.02,Food,Swiggy,20,4,2026-06-05 05:38:02.122478942,0
591.92,Shopping,Ajio,11,3,2026-06-05 05:44:03.230662943,0
200.51,Shopping,Myntra,14,1,2026-06-05 06:01:58.156668675,0
1007.52,Bills,Airtel,12,3,2026-06-05 06:13:52.932790151,0
242.21,Food,Swiggy,19,1,2026-06-05 06:26:49.177818826,0
78.26,Entertainment,Hotstar,21,3,2026-06-05 06:34:51.553431081,0
88.59,Entertainment,Spotify,12,6,2026-06-05 07:19:40.837046020,0
310.72,Shopping,Amazon,19,0,2026-06-05 07:22:36.811697526,0
714.34,Bills,PhonePe,13,2,2026-06-05 07:25:37.153050237,0
283.72,Entertainment,Spotify,12,6,2026-06-05 07:25:46.101758489,0
1256.03,Bills,Airtel,21,0,2026-06-05 07:29:25.899604357,0
83.03,Food,Zomato,13,4,2026-06-05 07:41:06.704929377,0
559.88,Shopping,Amazon,13,3,2026-06-05 07:52:31.709215065,0
1237.67,Bills,Paytm,17,2,2026-06-05 07:54:53.240857305,0
1153.57,Shopping,Meesho,10,6,2026-06-05 07:58:55.024992294,0
877.73,Bills,GooglePay,12,2,2026-06-05 08:01:27.956871972,1
224.95,Entertainment,Spotify,21,4,2026-06-05 08:24:35.981166717,0
239.92,Entertainment,Hotstar,17,4,2026-06-05 08:24:46.254400147,0
404.67,Shopping,Flipkart,19,2,2026-06-05 08:47:01.884584498,0
605.64,Food,Local Cafe,11,4,2026-06-05 08:50:53.413027336,1
10.0,Entertainment,Spotify,14,4,2026-06-05 08:51:18.117117482,0
182.58,Travel,Rapido,22,3,2026-06-05 09:02:51.321760951,0
190.2,Food,Local Cafe,12,0,2026-06-05 09:03:34.798214398,0
110.93,Entertainment,Netflix,8,5,2026-06-05 09:06:49.001100727,0
286.25,Entertainment,Netflix,13,1,2026-06-05 09:10:25.913043436,0
10.0,Shopping,Amazon,12,2,2026-06-05 09:12:11.537444151,0
746.07,Shopping,Myntra,8,1,2026-06-05 09:15:48.946648539,0
745.19,Shopping,Myntra,20,2,2026-06-05 09:32:50.024540100,0
326.16,Food,Swiggy,22,2,2026-06-05 09:39:49.895180475,0
121.51,Food,Local Cafe,15,0,2026-06-05 09:51:28.234245154,0
300.4,Travel,Rapido,19,6,2026-06-05 10:18:24.943702696,0
272.63,Food,Zomato,20,6,2026-06-05 10:38:06.699600692,0
260.17,Food,KFC,18,2,2026-06-05 10:47:46.797268976,0
806.01,Shopping,Flipkart,6,2,2026-06-05 10:58:44.295544171,0
602.36,Shopping,Meesho,8,0,2026-06-05 11:06:41.375159400,0
350.03,Entertainment,Spotify,7,4,2026-06-05 11:10:28.888378383,0
361.36,Food,Dominos,6,6,2026-06-05 11:10:56.068183228,0
197.85,Food,KFC,11,5,2026-06-05 11:16:54.738715225,0
819.73,Bills,Paytm,12,1,2026-06-05 11:22:53.336799063,0
716.73,Shopping,Flipkart,10,2,2026-06-05 11:25:52.347384589,0
164.41,Food,Dominos,7,0,2026-06-05 11:50:51.481664565,0
418.12,Shopping,Flipkart,14,2,2026-06-05 11:52:26.520313407,0
219.37,Food,Swiggy,11,6,2026-06-05 11:54:57.807299663,0
110.21,Food,KFC,19,0,2026-06-05 12:04:04.673599322,0
672.94,Shopping,Ajio,6,1,2026-06-05 12:32:52.453006626,0
47.43,Shopping,Myntra,20,3,2026-06-05 12:36:40.694955270,0
370.73,Entertainment,Spotify,22,6,2026-06-05 12:39:20.315600353,0
268.75,Shopping,Amazon,18,4,2026-06-05 12:42:31.981979714,0
99.03,Shopping,Amazon,18,3,2026-06-05 12:48:16.354698264,0
1334.66,Bills,PhonePe,21,0,2026-06-05 13:03:30.775051574,0
273.89,Food,Local Cafe,9,2,2026-06-05 13:36:59.651154782,0
928.09,Bills,Jio,22,4,2026-06-05 13:38:12.032569043,0
142.39,Food,Swiggy,19,6,2026-06-05 13:38:23.194500150,0
166.7,Entertainment,Spotify,18,1,2026-06-05 13:40:09.113539111,0
171.14,Food,Local Cafe,12,6,2026-06-05 13:40:46.595960843,0
487.9,Shopping,Ajio,14,5,2026-06-05 13:42:40.052383887,0
136.98,Food,KFC,16,4,2026-06-05 13:57:51.651108603,0
112.88,Entertainment,Spotify,16,2,2026-06-05 14:01:05.912410852,0
157.0,Shopping,Amazon,18,3,2026-06-05 14:02:11.858055485,0
526.24,Shopping,Meesho,7,0,2026-06-05 14:03:01.886774252,0
168.64,Food,KFC,12,3,2026-06-05 14:06:33.800077602,0
512.77,Bills,PhonePe,13,6,2026-06-05 14:15:29.051768051,0
102.97,Food,Local Cafe,10,4,2026-06-05 14:15:32.754555914,0
223.06,Entertainment,Netflix,9,5,2026-06-05 14:25:28.592473964,0
78.37,Food,Local Cafe,8,2,2026-06-05 14:32:58.754506850,0
235.03,Food,Local Cafe,12,0,2026-06-05 14:36:12.335791110,0
192.74,Food,Zomato,13,2,2026-06-05 14:36:19.080611831,0
281.98,Shopping,Myntra,7,2,2026-06-05 14:43:46.127310194,0
644.18,Shopping,Amazon,21,5,2026-06-05 14:49:00.963621057,0
80.16,Food,Zomato,19,4,2026-06-05 14:49:57.764987276,0
464.47,Travel,Rapido,18,3,2026-06-05 15:12:24.902413486,0
248.91,Shopping,Meesho,9,2,2026-06-05 15:18:08.759589433,0
465.66,Shopping,Myntra,15,6,2026-06-05 15:19:18.210363629,0
544.33,Shopping,Amazon,14,6,2026-06-05 15:19:22.077995482,0
959.1,Shopping,Myntra,22,2,2026-06-05 15:46:07.115395136,0
266.57,Shopping,Myntra,19,2,2026-06-05 15:55:19.123875722,0
84.71,Food,Unknown Merchant,15,0,2026-06-05 15:58:10.097515453,1
33.6,Food,Dominos,20,2,2026-06-05 16:11:20.417911009,0
386.86,Entertainment,Netflix,8,6,2026-06-05 16:13:36.582740401,0
203.48,Entertainment,Spotify,6,2,2026-06-05 16:26:51.701797682,0
826.97,Shopping,Meesho,17,4,2026-06-05 16:40:14.832873173,0
104.31,Food,Local Cafe,7,6,2026-06-05 16:45:57.976576548,0
606.3,Bills,Jio,8,2,2026-06-05 16:54:29.786238120,0
486.22,Shopping,Amazon,18,5,2026-06-05 17:11:42.154737286,0
148.67,Food,Zomato,11,5,2026-06-05 17:41:15.718047371,0
204.67,Food,KFC,16,6,2026-06-05 17:41:52.206431744,0
825.46,Bills,Paytm,21,2,2026-06-05 17:44:11.448047948,0
651.29,Bills,PhonePe,12,5,2026-06-05 17:46:26.505684540,0
301.38,Food,Dominos,10,4,2026-06-05 18:00:06.946786297,0
79.3,Food,Swiggy,7,0,2026-06-05 18:19:51.014299064,0
88.16,Food,Swiggy,8,5,2026-06-05 18:34:44.391067919,0
451.71,Bills,PhonePe,7,6,2026-06-05 18:40:05.698991377,0
207.97,Food,Zomato,7,5,2026-06-05 18:46:07.788750343,0
185.88,Food,Swiggy,13,3,2026-06-05 18:54:20.557818549,0
268.29,Travel,Uber,12,4,2026-06-05 19:13:06.233915314,0
76.56,Food,Local Cafe,18,5,2026-06-05 19:13:29.711035639,0
857.37,Bills,GooglePay,20,0,2026-06-05 19:20:09.436771258,0
219.72,Food,Zomato,19,3,2026-06-05 19:24:44.851686490,0
276.36,Food,Local Cafe,14,6,2026-06-05 19:32:04.127527161,0
101.06,Food,KFC,7,6,2026-06-05 19:35:34.726786732,0
735.22,Bills,Paytm,18,2,2026-06-05 19:36:21.477072053,0
243.84,Entertainment,Netflix,12,4,2026-06-05 19:36:30.905595641,0
223.7,Travel,Uber,7,5,2026-06-05 19:39:53.288465258,0
103.85,Shopping,Meesho,20,2,2026-06-05 19:48:44.106239708,0
737.19,Bills,Paytm,12,4,2026-06-05 20:02:17.631617064,0
53.19,Food,Dominos,10,6,2026-06-05 20:44:28.192864902,0
227.13,Food,Local Cafe,20,3,2026-06-05 20:50:57.278332178,0
169.46,Entertainment,Spotify,20,5,2026-06-05 20:58:37.149025582,0
145.11,Food,KFC,12,6,2026-06-05 21:17:57.959056666,0
90.1,Food,Local Cafe,12,0,2026-06-05 21:21:26.916693566,0
148.16,Food,Swiggy,15,4,2026-06-05 21:22:52.463331833,0
252.29,Food,Swiggy,18,6,2026-06-05 21:32:54.596907087,1
236.64,Food,Dominos,7,6,2026-06-05 21:33:39.642033138,0
177.09,Shopping,Amazon,15,0,2026-06-05 21:51:01.793417801,0
10.0,Shopping,Flipkart,21,2,2026-06-05 22:06:09.875535793,0
185.05,Entertainment,Netflix,10,6,2026-06-05 22:10:43.607104640,0
240.24,Travel,Uber,21,2,2026-06-05 22:22:49.279943585,0
121.34,Food,Swiggy,21,3,2026-06-05 22:33:23.944522188,0
105.82,Food,Zomato,11,3,2026-06-05 22:37:27.872351551,0
170.86,Shopping,Amazon,19,1,2026-06-05 22:40:29.227771873,0
1187.57,Shopping,Myntra,10,1,2026-06-05 23:03:50.595406360,0
299.4,Food,Zomato,18,3,2026-06-05 23:04:37.283904243,0
640.21,Bills,PhonePe,19,5,2026-06-05 23:30:20.752539684,0
538.76,Shopping,Flipkart,10,2,2026-06-05 23:31:39.623308354,0
795.16,Shopping,Amazon,18,0,2026-06-05 23:34:13.889827335,0
537.77,Shopping,Meesho,2,6,2026-06-05 23:41:05.227125201,1
111.88,Food,Zomato,12,6,2026-06-05 23:45:25.010754061,0
69.54,Entertainment,Spotify,8,3,2026-06-05 23:51:20.988190005,0
302.44,Travel,IRCTC,7,5,2026-06-06 00:51:45.321941449,0
54.27,Food,Zomato,15,0,2026-06-06 00:54:27.621626838,0
319.93,Entertainment,Hotstar,22,1,2026-06-06 00:56:01.337912466,0
490.32,Shopping,Flipkart,19,0,2026-06-06 01:13:26.607422409,0
252.08,Entertainment,Hotstar,13,3,2026-06-06 01:21:49.917321652,0
234.44,Travel,Uber,14,2,2026-06-06 01:26:00.718974106,0
748.8,Shopping,Amazon,11,3,2026-06-06 01:49:47.159911014,0
99.47,Food,KFC,8,6,2026-06-06 01:54:09.126989232,0
173.3,Food,Zomato,13,6,2026-06-06 02:06:26.556508503,0
390.93,Shopping,Flipkart,13,4,2026-06-06 02:07:21.173319677,0
711.29,Bills,Paytm,14,5,2026-06-06 02:08:42.840058329,0
227.55,Food,Swiggy,21,5,2026-06-06 02:11:42.123429989,0
89.52,Food,Swiggy,15,5,2026-06-06 02:19:39.919247828,0
372.09,Travel,Rapido,15,4,2026-06-06 02:53:35.823205217,0
333.26,Entertainment,Netflix,8,4,2026-06-06 02:59:47.372721246,0
778.68,Shopping,Amazon,22,2,2026-06-06 03:17:43.754251568,0
101.61,Food,KFC,19,5,2026-06-06 03:24:09.243130408,0
189.82,Food,Dominos,20,3,2026-06-06 03:34:18.935979296,0
14.46,Food,Zomato,12,4,2026-06-06 03:40:53.129625885,0
300.66,Entertainment,Netflix,13,3,2026-06-06 03:56:32.198367715,0
7312.83,Food,Unknown Merchant,2,1,2026-06-06 03:56:32.589546998,1
590.56,Shopping,Flipkart,9,5,2026-06-06 04:05:23.519585034,0
261.18,Food,KFC,17,4,2026-06-06 04:06:51.016029766,0
96.44,Shopping,Amazon,20,4,2026-06-06 04:13:30.389460931,0
398.62,Bills,Paytm,8,2,2026-06-06 04:13:38.566161774,0
233.73,Travel,IRCTC,7,3,2026-06-06 04:29:49.163286671,0
137.37,Food,KFC,18,2,2026-06-06 04:31:23.605548439,0
174.66,Food,Swiggy,11,2,2026-06-06 04:32:20.635450469,0
101.97,Food,KFC,16,3,2026-06-06 04:45:00.684617921,0
213.97,Entertainment,Spotify,17,1,2026-06-06 04:53:37.028510422,0
296.72,Entertainment,Netflix,12,3,2026-06-06 05:10:19.459718570,0
648.19,Shopping,Amazon,19,1,2026-06-06 05:12:27.980686012,0
655.06,Bills,PhonePe,14,2,2026-06-06 05:13:11.192944572,0
1096.73,Bills,GooglePay,20,1,2026-06-06 05:16:33.300926975,0
117.74,Food,Zomato,19,5,2026-06-06 05:34:54.726632742,0
208.45,Entertainment,Netflix,20,1,2026-06-06 05:36:06.009052933,0
773.06,Shopping,Ajio,6,1,2026-06-06 05:59:09.258826511,0
444.94,Shopping,Myntra,10,4,2026-06-06 06:05:43.988106124,0
137.24,Shopping,Ajio,7,4,2026-06-06 06:12:18.939278758,0
154.54,Food,Dominos,13,6,2026-06-06 06:57:19.225109179,0
223.59,Food,Swiggy,20,2,2026-06-06 07:19:32.809656624,0
1207.57,Bills,PhonePe,13,3,2026-06-06 07:33:23.615327460,0
66.78,Food,Zomato,20,1,2026-06-06 07:35:58.320457386,0
1079.53,Bills,Jio,12,5,2026-06-06 08:08:35.259026411,0
130.69,Food,Dominos,12,4,2026-06-06 08:16:39.251734059,0
940.03,Shopping,Meesho,20,3,2026-06-06 08:22:52.102162151,0
54.73,Food,Zomato,13,5,2026-06-06 08:24:07.442382889,0
703.62,Shopping,Flipkart,19,1,2026-06-06 08:26:55.280605095,0
661.29,Bills,PhonePe,10,3,2026-06-06 08:29:24.541389022,0
103.14,Food,Local Cafe,21,6,2026-06-06 08:31:08.093755802,0
787.64,Shopping,Amazon,15,5,2026-06-06 08:31:37.440684692,0
838.31,Shopping,Ajio,19,0,2026-06-06 08:36:28.662603959,0
21.06,Bills,Jio,7,5,2026-06-06 09:00:50.278922603,0
297.85,Entertainment,Netflix,13,5,2026-06-06 09:08:00.979747092,0
772.62,Bills,Jio,20,1,2026-06-06 09:17:50.734689223,0
152.3,Food,Zomato,20,3,2026-06-06 09:22:39.700441440,0
50.83,Food,Dominos,7,1,2026-06-06 09:46:17.654621491,0
198.63,Food,Dominos,2,1,2026-06-06 09:52:40.615898157,1
1197.41,Shopping,Flipkart,13,0,2026-06-06 10:13:13.930869550,0
107.68,Food,KFC,9,6,2026-06-06 10:15:30.630908479,0
870.02,Shopping,Meesho,18,5,2026-06-06 10:26:22.776782324,0
497.69,Shopping,Flipkart,9,3,2026-06-06 10:32:07.463490484,0
110.68,Food,KFC,12,6,2026-06-06 10:42:18.089442476,0
17.45,Travel,Uber,17,2,2026-06-06 10:48:15.550489400,0
261.36,Food,Zomato,13,4,2026-06-06 10:48:54.658713270,0
158.89,Food,Local Cafe,18,6,2026-06-06 10:52:31.820844872,0
622.69,Bills,Jio,3,1,2026-06-06 10:55:14.715709015,1
413.43,Shopping,Amazon,8,1,2026-06-06 11:02:02.822963091,0
1076.36,Bills,GooglePay,18,1,2026-06-06 11:11:18.258511500,0
366.56,Shopping,Ajio,10,1,2026-06-06 11:15:08.599571193,0
75.93,Food,Dominos,12,4,2026-06-06 11:16:10.429899444,0
5808.47,Travel,Uber,6,2,2026-06-06 11:21:54.975923961,1
271.27,Travel,RedBus,8,0,2026-06-06 11:25:31.954883752,0
733.97,Bills,Paytm,12,2,2026-06-06 11:34:48.465218616,0
115.42,Food,Zomato,12,4,2026-06-06 11:42:17.506800642,0
881.81,Shopping,Amazon,20,3,2026-06-06 11:47:25.100036794,0
1333.99,Shopping,Myntra,18,0,2026-06-06 11:56:12.230050783,0
66.96,Food,Zomato,22,0,2026-06-06 11:57:26.991195220,0
10.0,Entertainment,Spotify,15,3,2026-06-06 11:59:46.565967195,0
131.18,Food,Local Cafe,10,5,2026-06-06 12:17:08.885537665,0
10.0,Entertainment,Hotstar,12,1,2026-06-06 12:29:17.828432451,0
6143.13,Shopping,Unknown Merchant,2,4,2026-06-06 12:32:52.249453553,1
108.99,Food,Local Cafe,12,3,2026-06-06 12:33:33.432104402,0
704.96,Shopping,Myntra,17,2,2026-06-06 12:34:15.969936745,0
175.37,Entertainment,Spotify,14,2,2026-06-06 12:34:30.833438954,0
10.0,Bills,PhonePe,12,5,2026-06-06 12:38:05.756592800,0
248.21,Travel,IRCTC,8,3,2026-06-06 12:38:15.440794337,0
724.86,Bills,Paytm,6,4,2026-06-06 12:39:38.405780900,0
731.33,Bills,Paytm,10,5,2026-06-06 12:54:19.398347548,0
519.7,Travel,RedBus,7,5,2026-06-06 12:57:13.567395421,0
222.52,Food,Swiggy,19,5,2026-06-06 12:59:35.985967238,0
521.68,Shopping,Amazon,7,0,2026-06-06 13:00:16.605064375,0
314.62,Food,KFC,18,0,2026-06-06 13:06:00.358808389,0
56.16,Entertainment,JioCinema,12,1,2026-06-06 13:09:33.434445489,0
148.48,Entertainment,YouTube,7,4,2026-06-06 13:16:11.101899866,0
139.88,Food,Local Cafe,19,2,2026-06-06 13:42:04.025301684,0
790.24,Bills,Paytm,15,2,2026-06-06 13:43:50.679026725,0
57.78,Entertainment,YouTube,10,1,2026-06-06 13:57:46.533952657,0
10.0,Food,KFC,20,2,2026-06-06 14:03:47.049064178,0
498.86,Shopping,Myntra,6,5,2026-06-06 14:04:36.076344470,0
3471.79,Entertainment,Hotstar,9,1,2026-06-06 14:05:21.022272146,1
96.83,Food,Swiggy,19,1,2026-06-06 14:15:03.137822850,0
846.73,Bills,GooglePay,18,3,2026-06-06 14:58:37.575985677,0
47.15,Food,Local Cafe,11,0,2026-06-06 15:12:28.642605924,0
233.01,Entertainment,Netflix,7,4,2026-06-06 15:14:52.264038558,0
118.6,Shopping,Ajio,20,4,2026-06-06 15:18:57.351340367,1
163.43,Entertainment,YouTube,12,0,2026-06-06 15:26:04.420639723,0
651.28,Shopping,Myntra,9,5,2026-06-06 15:29:49.148376418,0
191.77,Entertainment,Hotstar,13,4,2026-06-06 15:48:53.218200944,0
361.29,Travel,Uber,21,2,2026-06-06 15:54:20.115062646,0
185.16,Food,Local Cafe,6,2,2026-06-06 15:55:38.535511771,0
280.34,Travel,Rapido,19,4,2026-06-06 16:15:46.441193528,0
179.16,Food,Local Cafe,15,6,2026-06-06 16:20:12.068356432,0
295.95,Shopping,Flipkart,13,6,2026-06-06 16:28:38.421551631,0
189.32,Food,Zomato,18,3,2026-06-06 16:40:37.354635283,0
131.67,Food,Zomato,22,4,2026-06-06 16:42:20.187301302,0
254.21,Food,Swiggy,10,1,2026-06-06 16:42:52.644915064,0
855.06,Bills,Airtel,8,5,2026-06-06 16:48:58.046802901,0
105.95,Food,Dominos,21,1,2026-06-06 17:00:33.420687921,0
1003.88,Bills,GooglePay,17,0,2026-06-06 17:14:19.823299985,0
258.22,Food,KFC,13,5,2026-06-06 17:15:12.616598068,0
112.67,Food,Swiggy,15,5,2026-06-06 17:20:46.094248304,0
311.4,Shopping,Flipkart,18,2,2026-06-06 17:30:47.311637103,0
10.0,Travel,Rapido,19,5,2026-06-06 17:35:52.848827955,0
160.82,Food,Zomato,21,3,2026-06-06 17:38:41.087308968,0
669.51,Bills,PhonePe,13,4,2026-06-06 17:46:52.384401863,0
250.53,Entertainment,Spotify,11,1,2026-06-06 17:48:22.412232190,0
1011.14,Bills,GooglePay,16,2,2026-06-06 17:53:05.822139893,0
39.33,Food,Swiggy,12,6,2026-06-06 18:10:28.370502403,0
222.14,Food,Dominos,15,2,2026-06-06 18:26:36.609087034,0
123.4,Entertainment,Netflix,12,3,2026-06-06 18:27:01.118618964,0
113.1,Food,KFC,8,3,2026-06-06 18:28:10.818313805,0
10.0,Entertainment,YouTube,13,3,2026-06-06 18:33:43.992858115,0
2168.34,Shopping,Flipkart,17,3,2026-06-06 18:37:56.300285729,1
90.16,Entertainment,Spotify,19,6,2026-06-06 18:45:26.240378740,0
176.18,Travel,Rapido,13,1,2026-06-06 18:51:53.996180191,0
81.8,Entertainment,Hotstar,8,3,2026-06-06 18:52:44.273997685,0
798.79,Shopping,Amazon,12,2,2026-06-06 19:01:03.853867051,0
223.85,Travel,RedBus,19,2,2026-06-06 19:09:34.888451967,0
119.16,Shopping,Flipkart,12,6,2026-06-06 19:28:16.701669832,0
137.67,Shopping,Amazon,17,5,2026-06-06 19:41:51.471005252,0
1123.65,Bills,PhonePe,13,4,2026-06-06 19:51:03.964253423,0
115.03,Entertainment,Netflix,10,2,2026-06-06 20:21:08.378406260,0
151.7,Entertainment,YouTube,19,2,2026-06-06 20:25:17.705226329,0
307.51,Travel,Rapido,7,6,2026-06-06 20:26:03.980644216,0
405.59,Shopping,Flipkart,14,1,2026-06-06 20:26:35.848441748,0
10.0,Shopping,Amazon,9,5,2026-06-06 20:29:04.317071666,0
1046.39,Bills,Paytm,7,2,2026-06-06 20:39:17.536578886,0
130.48,Food,Swiggy,13,0,2026-06-06 20:52:41.416100896,0
173.58,Food,KFC,13,2,2026-06-06 21:03:50.144177489,0
707.97,Shopping,Flipkart,18,4,2026-06-06 21:11:30.774508357,0
10.0,Food,Swiggy,18,4,2026-06-06 21:11:48.513629480,1
206.25,Food,Swiggy,18,5,2026-06-06 21:12:01.437019480,0
349.87,Food,Local Cafe,12,5,2026-06-06 21:27:33.231417595,0
182.18,Food,Swiggy,16,3,2026-06-06 21:27:38.505089458,0
255.68,Food,Local Cafe,15,1,2026-06-06 21:30:21.712042215,0
295.8,Entertainment,Hotstar,12,4,2026-06-06 21:38:54.960899524,0
699.06,Shopping,Amazon,15,0,2026-06-06 21:40:01.618265214,0
799.18,Shopping,Amazon,21,0,2026-06-06 21:41:03.615434975,0
1272.76,Bills,GooglePay,9,3,2026-06-06 22:04:49.334486010,0
248.18,Food,Swiggy,20,1,2026-06-06 22:11:22.204930096,0
78.98,Entertainment,Hotstar,7,1,2026-06-06 22:12:57.726701339,0
513.08,Travel,Rapido,11,5,2026-06-06 22:15:52.268449131,0
129.36,Food,KFC,11,2,2026-06-06 22:19:00.220589008,0
880.57,Shopping,Amazon,16,0,2026-06-06 22:31:12.276390074,0
249.14,Entertainment,Netflix,8,0,2026-06-06 22:42:04.560198299,0
77.68,Entertainment,Hotstar,20,6,2026-06-06 22:42:31.141682652,0
927.39,Shopping,Myntra,19,0,2026-06-06 22:43:09.269772164,0
495.36,Bills,PhonePe,16,0,2026-06-06 22:51:36.031283011,0
125.52,Food,Local Cafe,13,6,2026-06-06 22:58:39.060458925,0
369.23,Entertainment,Spotify,21,4,2026-06-06 23:08:41.795305905,0
161.55,Food,Zomato,19,1,2026-06-06 23:18:42.114855262,0
165.18,Entertainment,Spotify,13,2,2026-06-06 23:23:33.237224672,0
770.03,Bills,Airtel,18,4,2026-06-06 23:23:46.547406043,0
652.55,Bills,Paytm,15,1,2026-06-06 23:24:37.632677430,0
742.11,Shopping,Meesho,15,3,2026-06-06 23:31:04.782401982,0
122.86,Food,Swiggy,12,0,2026-06-06 23:36:02.187616823,0
146.69,Food,Local Cafe,13,2,2026-06-06 23:44:51.445175590,0
196.31,Food,Local Cafe,7,1,2026-06-06 23:53:17.926421130,0
186.8,Food,Local Cafe,12,3,2026-06-07 00:09:26.566029615,0
162.87,Travel,IRCTC,17,0,2026-06-07 00:10:08.364673492,0
746.09,Shopping,Amazon,21,3,2026-06-07 00:16:25.760423513,0
108.67,Food,Zomato,22,6,2026-06-07 00:18:50.096008655,0
97.67,Entertainment,Spotify,14,3,2026-06-07 00:20:02.230477162,0
24.9,Entertainment,Netflix,15,4,2026-06-07 00:31:21.943473605,0
182.25,Entertainment,Hotstar,9,3,2026-06-07 00:45:50.310917544,0
42.06,Entertainment,YouTube,17,4,2026-06-07 00:53:38.786962185,0
84.57,Food,Dominos,7,5,2026-06-07 00:59:21.881503475,0
495.13,Shopping,Amazon,11,4,2026-06-07 01:05:29.663845172,0
531.37,Travel,IRCTC,17,6,2026-06-07 01:08:10.626472061,0
687.8,Bills,PhonePe,12,6,2026-06-07 01:18:35.950141107,0
37.77,Food,KFC,7,3,2026-06-07 01:37:30.478508251,0
278.37,Travel,IRCTC,19,1,2026-06-07 01:43:53.417969079,0
238.97,Food,Local Cafe,12,3,2026-06-07 01:54:23.405648133,0
125.77,Food,Dominos,7,3,2026-06-07 02:02:42.486635312,0
903.83,Shopping,Flipkart,7,1,2026-06-07 02:18:30.536035545,0
493.44,Shopping,Flipkart,10,0,2026-06-07 02:19:42.014013539,0
712.17,Shopping,Meesho,9,2,2026-06-07 02:20:45.640467119,0
167.47,Food,Swiggy,19,5,2026-06-07 02:24:07.505413872,0
698.54,Entertainment,Spotify,12,0,2026-06-07 02:27:52.768049794,1
321.44,Food,KFC,19,3,2026-06-07 02:28:40.998536891,0
112.42,Food,Swiggy,9,0,2026-06-07 02:47:31.808974247,0
215.88,Entertainment,Netflix,13,2,2026-06-07 02:59:50.882431471,0
315.6,Entertainment,Spotify,17,6,2026-06-07 03:01:15.890518341,0
225.37,Entertainment,Netflix,16,0,2026-06-07 03:20:20.962285170,0
10.0,Travel,Uber,15,2,2026-06-07 03:23:18.512314338,0
684.84,Bills,PhonePe,21,0,2026-06-07 03:31:56.060293593,0
573.51,Shopping,Flipkart,10,4,2026-06-07 03:41:43.156051480,0
277.53,Food,Zomato,13,3,2026-06-07 03:43:15.397620728,0
531.06,Shopping,Meesho,20,2,2026-06-07 03:50:02.336424093,0
236.0,Shopping,Amazon,7,5,2026-06-07 03:54:56.441650098,0
171.53,Food,Zomato,7,3,2026-06-07 04:00:19.676728217,0
1387.91,Bills,Paytm,10,4,2026-06-07 04:00:37.625421840,0
313.32,Shopping,Flipkart,16,6,2026-06-07 04:02:26.140825677,0
109.66,Food,Local Cafe,10,0,2026-06-07 04:02:59.343810132,0
101.37,Food,Zomato,9,3,2026-06-07 04:09:54.036019988,0
284.21,Bills,Paytm,13,0,2026-06-07 04:19:35.201200265,0
154.68,Food,KFC,16,0,2026-06-07 04:22:44.157567278,0
194.03,Entertainment,JioCinema,10,3,2026-06-07 04:23:55.677073202,0
10.0,Shopping,Flipkart,11,2,2026-06-07 04:56:33.187990914,0
257.08,Shopping,Myntra,16,2,2026-06-07 04:57:42.434522002,0
556.34,Shopping,Amazon,21,3,2026-06-07 04:59:08.596272584,0
436.35,Travel,Ola,17,2,2026-06-07 05:06:47.251297845,0
227.0,Food,Zomato,19,1,2026-06-07 05:20:17.714220818,0
1106.99,Bills,Paytm,12,0,2026-06-07 05:20:42.042033353,0
499.49,Shopping,Flipkart,11,3,2026-06-07 05:21:39.618901695,0
34.9,Food,Swiggy,13,5,2026-06-07 05:26:40.080745177,0
177.47,Entertainment,Netflix,19,4,2026-06-07 05:42:54.209038568,0
10.0,Travel,Rapido,13,6,2026-06-07 05:51:11.527644747,0
877.06,Bills,Airtel,20,3,2026-06-07 05:52:27.809851065,0
134.55,Entertainment,Netflix,22,3,2026-06-07 05:52:30.453745443,0
10.0,Entertainment,Netflix,7,0,2026-06-07 05:53:50.000696196,0
949.41,Bills,Jio,6,4,2026-06-07 06:15:58.615783206,0
591.09,Travel,Uber,8,0,2026-06-07 06:25:01.580660050,0
172.74,Bills,PhonePe,12,5,2026-06-07 06:31:54.119177573,0
982.89,Bills,PhonePe,8,6,2026-06-07 06:33:17.989733018,0
642.65,Bills,PhonePe,3,2,2026-06-07 06:34:46.445829479,1
147.52,Travel,RedBus,6,3,2026-06-07 06:37:33.238064622,0
89.17,Food,Swiggy,12,0,2026-06-07 06:47:08.062859330,0
160.64,Entertainment,Hotstar,9,6,2026-06-07 06:49:11.634848763,0
160.29,Entertainment,Hotstar,21,5,2026-06-07 06:51:59.085146813,0
146.68,Food,Zomato,17,5,2026-06-07 06:52:04.856967549,0
129.3,Travel,IRCTC,21,6,2026-06-07 07:08:17.639847363,0
96.45,Food,Zomato,22,1,2026-06-07 07:10:18.794428166,0
194.23,Food,Local Cafe,13,3,2026-06-07 07:10:42.772570531,0
425.36,Bills,Jio,10,5,2026-06-07 07:12:55.204710846,0
170.58,Food,Dominos,9,6,2026-06-07 07:14:11.108147747,0
231.1,Travel,Uber,10,2,2026-06-07 07:14:27.931833983,0
190.98,Food,Dominos,18,0,2026-06-07 07:27:06.026647561,1
1045.03,Shopping,Amazon,6,0,2026-06-07 07:33:08.520789559,0
48.46,Food,KFC,7,1,2026-06-07 07:50:17.581736408,0
272.89,Food,Zomato,15,2,2026-06-07 08:04:23.990329713,0
1133.26,Bills,Airtel,16,5,2026-06-07 08:07:22.244645970,0
136.98,Entertainment,Netflix,17,6,2026-06-07 08:07:51.489403384,0
1145.7,Bills,GooglePay,12,1,2026-06-07 08:18:57.346008919,0
10.0,Food,Swiggy,19,5,2026-06-07 08:20:17.968605045,0
512.0,Bills,GooglePay,14,5,2026-06-07 08:27:31.094826839,0
222.78,Shopping,Amazon,7,3,2026-06-07 08:28:10.063891500,0
377.15,Travel,Uber,19,4,2026-06-07 08:29:52.559240581,0
206.21,Food,Dominos,21,6,2026-06-07 08:41:45.584295615,0
373.8,Travel,Uber,7,5,2026-06-07 08:45:45.025983695,0
537.29,Shopping,Amazon,12,0,2026-06-07 08:55:55.974085171,0
293.61,Entertainment,Netflix,13,5,2026-06-07 08:58:45.144920060,0
212.15,Food,Local Cafe,8,1,2026-06-07 09:01:28.658004189,0
538.82,Bills,Jio,20,6,2026-06-07 09:06:24.523860785,0
145.02,Entertainment,Netflix,11,5,2026-06-07 09:17:04.251660570,0
207.21,Food,Swiggy,19,6,2026-06-07 09:18:18.729811240,0
194.89,Entertainment,JioCinema,17,0,2026-06-07 09:35:23.206650505,0
806.45,Bills,PhonePe,15,0,2026-06-07 09:35:31.278980166,0
161.46,Food,Zomato,9,1,2026-06-07 09:38:16.359335786,0
10.0,Food,Zomato,10,0,2026-06-07 09:56:51.422047257,0
521.94,Bills,Airtel,7,2,2026-06-07 10:03:15.645454907,0
187.85,Food,Swiggy,10,2,2026-06-07 10:26:18.350339202,0
289.13,Shopping,Myntra,12,4,2026-06-07 10:27:47.671460556,0
130.98,Food,Swiggy,19,6,2026-06-07 10:30:54.595056437,0
986.57,Bills,Paytm,12,2,2026-06-07 10:38:40.091821130,0
229.76,Food,Zomato,19,1,2026-06-07 10:41:45.466738017,0
312.74,Entertainment,Netflix,13,5,2026-06-07 10:45:07.852399478,0
319.11,Entertainment,Spotify,19,2,2026-06-07 10:46:35.164158492,0
185.31,Entertainment,Spotify,22,4,2026-06-07 10:52:35.769717231,0
700.25,Bills,Paytm,10,6,2026-06-07 10:57:52.310846786,0
56.96,Food,Swiggy,20,3,2026-06-07 11:03:03.657369756,0
592.45,Travel,IRCTC,16,3,2026-06-07 11:04:11.393110126,0
126.76,Food,Local Cafe,19,1,2026-06-07 11:06:44.764562213,0
264.74,Food,Local Cafe,16,4,2026-06-07 11:10:24.110925763,0
172.78,Food,Zomato,12,2,2026-06-07 11:14:25.026801230,0
814.52,Shopping,Myntra,10,4,2026-06-07 11:18:04.541147706,0
283.79,Travel,IRCTC,7,0,2026-06-07 11:27:04.893662189,0
1027.31,Bills,GooglePay,14,4,2026-06-07 11:37:40.075743841,0
825.91,Shopping,Flipkart,22,2,2026-06-07 12:02:34.357153308,0
110.07,Food,Zomato,18,1,2026-06-07 12:05:09.601032789,0
319.72,Entertainment,Netflix,12,0,2026-06-07 12:09:54.399159425,0
186.55,Shopping,Flipkart,19,4,2026-06-07 12:11:22.485407089,0
1035.18,Shopping,Myntra,19,3,2026-06-07 12:13:54.518753992,0
161.78,Food,Dominos,11,2,2026-06-07 12:16:28.052663579,0
163.9,Travel,IRCTC,6,1,2026-06-07 12:23:39.573473938,0
1124.68,Bills,GooglePay,8,5,2026-06-07 12:28:38.523797750,0
176.55,Food,Local Cafe,20,2,2026-06-07 12:29:03.242897133,0
13.15,Food,Zomato,19,4,2026-06-07 12:33:04.717060249,0
642.76,Bills,GooglePay,11,6,2026-06-07 12:40:33.227368826,0
399.47,Bills,Jio,11,1,2026-06-07 12:47:15.840716656,0
76.22,Food,Swiggy,19,3,2026-06-07 12:59:56.363714548,0
104.54,Entertainment,Spotify,21,0,2026-06-07 13:46:52.119634870,0
191.46,Food,Swiggy,19,4,2026-06-07 13:49:54.200126650,0
768.27,Shopping,Meesho,15,1,2026-06-07 13:51:24.262974540,0
123.37,Entertainment,Netflix,10,0,2026-06-07 13:58:31.071361601,0
10.0,Shopping,Meesho,14,6,2026-06-07 14:04:37.061276051,0
10.0,Bills,Jio,10,1,2026-06-07 14:42:58.869723944,0
1119.27,Shopping,Meesho,19,5,2026-06-07 14:45:56.498165549,0
162.65,Food,Swiggy,12,4,2026-06-07 14:56:21.973449937,0
281.97,Entertainment,Hotstar,19,1,2026-06-07 14:57:56.131358761,0
441.36,Shopping,Flipkart,12,3,2026-06-07 15:04:42.578147020,0
10.0,Entertainment,Spotify,19,6,2026-06-07 15:08:27.157332290,0
183.09,Food,Dominos,12,1,2026-06-07 15:12:04.526573840,0
282.05,Food,KFC,13,4,2026-06-07 15:30:53.947579842,0
99.66,Food,Swiggy,16,1,2026-06-07 15:49:49.631293026,0
10.0,Bills,Paytm,7,0,2026-06-07 15:54:50.254874620,0
149.55,Shopping,Amazon,21,0,2026-06-07 16:01:00.636622133,0
287.22,Entertainment,Spotify,15,6,2026-06-07 16:12:49.676962693,0
597.21,Shopping,Ajio,13,5,2026-06-07 16:23:09.842336219,0
320.19,Entertainment,Netflix,20,2,2026-06-07 16:27:47.548401793,0
150.7,Food,Local Cafe,20,6,2026-06-07 16:56:03.926133779,0
268.45,Entertainment,Netflix,14,5,2026-06-07 16:56:16.491193182,0
215.76,Travel,IRCTC,21,6,2026-06-07 17:14:34.853470212,0
80.22,Travel,Uber,7,2,2026-06-07 17:18:56.139686748,0
437.49,Travel,Rapido,7,3,2026-06-07 17:20:49.423519588,0
478.01,Travel,IRCTC,15,0,2026-06-07 17:24:48.074478368,0
557.1,Bills,GooglePay,12,2,2026-06-07 17:27:05.976460868,0
273.13,Food,KFC,13,1,2026-06-07 17:31:49.110451256,0
275.79,Food,Zomato,12,3,2026-06-07 17:44:16.707474819,0
105.1,Entertainment,Spotify,12,4,2026-06-07 17:51:42.624594059,0
437.24,Bills,GooglePay,19,2,2026-06-07 17:54:34.031207554,0
127.2,Travel,IRCTC,15,6,2026-06-07 17:59:40.220207376,0
462.04,Shopping,Amazon,22,5,2026-06-07 18:01:09.929616148,0
119.95,Food,Swiggy,19,2,2026-06-07 18:02:09.234326278,0
45.61,Food,Local Cafe,11,5,2026-06-07 18:03:27.948372568,0
465.04,Bills,Paytm,11,6,2026-06-07 18:08:18.110784318,0
10.0,Shopping,Amazon,12,6,2026-06-07 18:13:27.291430213,0
10.0,Food,Swiggy,20,5,2026-06-07 18:14:21.952853368,0
55.66,Shopping,Flipkart,6,0,2026-06-07 18:18:46.114188857,0
309.36,Food,Dominos,10,3,2026-06-07 18:24:14.853892936,0
1050.17,Shopping,Amazon,20,5,2026-06-07 18:34:48.501999461,0
209.94,Food,KFC,16,0,2026-06-07 18:56:02.556954448,0
180.5,Travel,Uber,10,0,2026-06-07 18:58:50.301460830,0
30.36,Food,Swiggy,10,5,2026-06-07 19:08:34.728745710,0
496.31,Shopping,Flipkart,20,3,2026-06-07 19:13:07.426959293,0
185.39,Food,Local Cafe,20,1,2026-06-07 19:19:14.795420824,0
89.94,Food,Swiggy,10,6,2026-06-07 19:26:24.536516696,0
615.79,Shopping,Flipkart,12,2,2026-06-07 19:30:02.678037146,0
147.01,Shopping,Myntra,19,0,2026-06-07 19:31:08.061475557,0
568.75,Bills,PhonePe,19,2,2026-06-07 19:33:04.284128032,0
9603.47,Food,Unknown Merchant,1,3,2026-06-07 19:36:01.600761714,1
1548.43,Bills,GooglePay,14,1,2026-06-07 19:47:29.859623919,0
114.91,Entertainment,Netflix,21,4,2026-06-07 19:48:07.535370010,0
788.24,Travel,RedBus,12,6,2026-06-07 20:15:28.224161459,0
184.97,Food,Local Cafe,8,6,2026-06-07 20:26:15.772289431,0
1258.98,Shopping,Ajio,18,1,2026-06-07 21:09:43.564187411,0
70.51,Food,KFC,14,3,2026-06-07 21:14:17.097948935,0
60.37,Food,Zomato,20,1,2026-06-07 21:15:33.135498295,0
124.51,Entertainment,Spotify,7,6,2026-06-07 21:16:24.671279719,0
151.79,Food,Swiggy,20,4,2026-06-07 21:27:28.670701893,0
1008.06,Shopping,Myntra,11,0,2026-06-07 21:28:12.485342829,0
552.74,Bills,Paytm,17,1,2026-06-07 21:36:00.188378656,0
1159.4,Bills,GooglePay,6,5,2026-06-07 21:42:21.689535768,0
1080.01,Shopping,Meesho,16,5,2026-06-07 21:56:02.269164569,0
170.54,Food,Local Cafe,18,3,2026-06-07 21:58:43.462533780,0
487.63,Food,Swiggy,12,6,2026-06-07 21:59:43.959450221,1
258.2,Shopping,Flipkart,9,6,2026-06-07 22:03:43.557691949,0
182.73,Food,Zomato,14,1,2026-06-07 22:19:43.771202183,0
699.99,Shopping,Amazon,19,4,2026-06-07 22:26:13.533121415,0
42.22,Food,Swiggy,12,3,2026-06-07 22:55:10.908726940,0
78.1,Food,Dominos,10,1,2026-06-07 22:57:04.142217407,0
409.75,Shopping,Flipkart,11,3,2026-06-07 23:18:50.171848059,0
10161.14,Food,Unknown Merchant,1,5,2026-06-07 23:27:13.138655168,1
281.31,Shopping,Amazon,12,4,2026-06-07 23:34:23.587202126,0
724.39,Bills,Paytm,6,0,2026-06-07 23:36:13.052422009,0
10.0,Travel,Rapido,19,4,2026-06-07 23:40:32.801337278,0
294.45,Food,Swiggy,17,0,2026-06-07 23:42:35.360693032,0
230.87,Food,Swiggy,8,6,2026-06-07 23:47:49.093323253,0
432.32,Food,Swiggy,22,2,2026-06-07 23:49:57.526115743,0
302.21,Bills,GooglePay,15,5,2026-06-07 23:50:49.108179293,0
979.93,Bills,PhonePe,13,6,2026-06-07 23:55:31.048635904,0
92.38,Food,Swiggy,12,5,2026-06-08 00:30:48.456408053,0
87.43,Entertainment,Spotify,20,5,2026-06-08 00:42:01.696302019,0
225.74,Food,Swiggy,10,4,2026-06-08 00:46:36.483075469,0
1529.29,Shopping,Meesho,11,0,2026-06-08 01:16:48.358901357,1
653.12,Bills,GooglePay,8,2,2026-06-08 01:21:57.449680561,0
228.76,Entertainment,Netflix,19,2,2026-06-08 01:22:48.432994785,0
456.15,Bills,Paytm,15,2,2026-06-08 01:34:21.856127916,0
121.89,Travel,Rapido,16,6,2026-06-08 01:40:14.253651148,0
95.08,Food,Swiggy,10,3,2026-06-08 01:54:03.423785276,0
532.68,Travel,RedBus,16,4,2026-06-08 01:57:36.056944103,0
235.5,Food,Local Cafe,19,4,2026-06-08 01:57:58.911731194,0
71.4,Entertainment,Spotify,12,6,2026-06-08 02:08:18.810428711,0
1025.28,Shopping,Amazon,19,5,2026-06-08 02:11:41.538566341,0
293.7,Travel,IRCTC,12,4,2026-06-08 02:22:29.063926528,0
629.71,Shopping,Flipkart,19,4,2026-06-08 02:22:34.313110557,0
513.13,Bills,GooglePay,6,3,2026-06-08 02:23:07.683504380,0
506.33,Shopping,Amazon,14,4,2026-06-08 02:24:36.903899800,0
347.57,Bills,GooglePay,22,0,2026-06-08 02:42:34.699200510,0
87.41,Food,Local Cafe,22,6,2026-06-08 02:53:36.507948496,0
218.25,Food,KFC,11,2,2026-06-08 03:12:09.293836250,0
220.32,Food,Zomato,13,3,2026-06-08 03:12:09.640366646,0
188.45,Food,Dominos,7,3,2026-06-08 03:20:27.751782107,0
157.04,Entertainment,YouTube,20,5,2026-06-08 03:22:55.697012453,0
45.91,Food,Zomato,15,4,2026-06-08 03:31:12.930795222,0
330.0,Entertainment,Hotstar,12,2,2026-06-08 03:31:14.886980422,0
226.82,Food,Zomato,7,6,2026-06-08 03:34:32.660499140,0
10.0,Food,Swiggy,21,0,2026-06-08 03:37:53.706901079,0
479.62,Travel,RedBus,14,6,2026-06-08 03:44:19.107733905,0
652.89,Bills,Paytm,11,2,2026-06-08 03:49:45.699235864,0
710.76,Shopping,Flipkart,12,6,2026-06-08 03:54:10.665436528,0
60.51,Shopping,Flipkart,11,1,2026-06-08 03:55:59.180791107,0
532.62,Bills,GooglePay,15,2,2026-06-08 04:08:35.459303328,0
157.56,Food,KFC,21,0,2026-06-08 04:11:48.686399790,0
380.61,Entertainment,Netflix,20,0,2026-06-08 04:12:42.167776703,0
466.69,Entertainment,JioCinema,13,0,2026-06-08 04:12:56.140182777,0
838.86,Bills,PhonePe,19,3,2026-06-08 04:19:53.882095637,0
239.33,Food,Swiggy,12,6,2026-06-08 04:26:59.137392964,0
892.84,Bills,Jio,10,3,2026-06-08 04:38:32.968718240,0
165.61,Food,Zomato,22,1,2026-06-08 04:39:40.488654913,0
632.46,Food,Swiggy,11,2,2026-06-08 05:09:39.814343200,1
145.33,Food,Swiggy,12,4,2026-06-08 05:13:28.294950184,0
747.92,Shopping,Myntra,22,5,2026-06-08 05:21:15.308264620,0
93.4,Entertainment,Netflix,8,1,2026-06-08 06:11:47.802291876,0
779.38,Bills,PhonePe,19,6,2026-06-08 06:13:23.721971758,0
1564.8,Bills,Paytm,21,4,2026-06-08 06:16:05.042984853,0
849.22,Shopping,Meesho,13,6,2026-06-08 06:28:48.917781758,0
175.68,Food,Swiggy,6,4,2026-06-08 06:31:12.521726939,0
800.67,Shopping,Myntra,12,1,2026-06-08 06:44:55.220295350,0
356.03,Entertainment,Hotstar,7,2,2026-06-08 06:50:37.092093987,0
10.0,Food,Zomato,12,5,2026-06-08 07:14:47.658200254,0
172.31,Entertainment,Spotify,19,4,2026-06-08 07:16:59.342848920,0
298.48,Shopping,Amazon,13,3,2026-06-08 07:26:18.039666464,0
79.29,Shopping,Amazon,13,3,2026-06-08 07:29:40.417459668,0
1636.44,Bills,GooglePay,14,1,2026-06-08 07:31:34.594327624,0
676.42,Shopping,Myntra,15,5,2026-06-08 07:52:53.282103120,0
296.23,Entertainment,Hotstar,20,5,2026-06-08 07:59:31.809137387,0
136.92,Entertainment,Netflix,11,6,2026-06-08 08:00:29.369883580,0
410.64,Shopping,Meesho,19,4,2026-06-08 08:04:48.727017082,0
149.59,Food,Swiggy,15,1,2026-06-08 08:13:13.925699313,0
619.63,Shopping,Amazon,11,5,2026-06-08 08:18:15.327879542,0
278.52,Entertainment,Netflix,4,5,2026-06-08 08:21:20.790202729,1
10.0,Food,KFC,12,3,2026-06-08 08:27:37.804396894,0
1085.9,Bills,Jio,16,1,2026-06-08 08:28:58.518195368,0
706.51,Bills,Jio,10,4,2026-06-08 08:33:02.635095072,0
1443.17,Bills,Paytm,21,4,2026-06-08 08:33:29.830673282,0
258.28,Food,Local Cafe,15,3,2026-06-08 08:33:35.606237794,0
916.55,Bills,Paytm,21,6,2026-06-08 08:33:35.824628970,0
203.22,Entertainment,YouTube,7,0,2026-06-08 08:35:14.151303720,0
125.27,Food,Swiggy,12,0,2026-06-08 08:38:49.711681028,0
182.39,Food,Local Cafe,6,5,2026-06-08 08:45:12.911534636,0
329.05,Entertainment,Spotify,11,2,2026-06-08 08:55:24.174000490,0
154.42,Food,Local Cafe,20,3,2026-06-08 09:06:33.775982085,0
144.32,Entertainment,Hotstar,6,2,2026-06-08 09:07:35.841910660,0
509.79,Shopping,Meesho,13,5,2026-06-08 09:12:48.235230435,0
174.84,Food,Local Cafe,8,6,2026-06-08 09:26:34.672111007,0
87.27,Entertainment,Netflix,12,3,2026-06-08 09:32:21.047357884,0
90.77,Shopping,Amazon,20,4,2026-06-08 09:52:09.180726192,0
340.44,Shopping,Myntra,16,6,2026-06-08 09:52:39.416430043,0
981.61,Shopping,Amazon,18,3,2026-06-08 09:59:02.280867684,0
867.18,Shopping,Meesho,12,1,2026-06-08 10:08:17.270327925,0
24.29,Food,Local Cafe,21,2,2026-06-08 10:23:32.244418422,0
220.29,Shopping,Flipkart,18,3,2026-06-08 10:27:13.863873837,0
276.64,Entertainment,YouTube,12,2,2026-06-08 10:53:10.293077928,0
116.89,Food,KFC,13,6,2026-06-08 11:25:15.959881624,0
984.32,Travel,Ola,21,5,2026-06-08 11:39:32.618637645,1
28.21,Food,KFC,15,3,2026-06-08 11:42:12.805637469,0
302.43,Travel,Rapido,2,0,2026-06-08 12:00:13.595319542,1
142.57,Food,Zomato,12,2,2026-06-08 12:04:16.243523901,0
296.78,Entertainment,Hotstar,10,4,2026-06-08 12:05:59.741394018,0
619.7,Shopping,Meesho,18,4,2026-06-08 12:08:58.945975977,0
161.44,Food,Local Cafe,15,3,2026-06-08 12:16:21.426173811,0
11.92,Food,Swiggy,13,4,2026-06-08 12:28:11.491950967,0
306.25,Food,Local Cafe,16,6,2026-06-08 12:35:52.741023636,0
706.09,Shopping,Myntra,9,4,2026-06-08 12:42:54.805351630,0
93.1,Food,Swiggy,19,2,2026-06-08 12:44:24.931406513,0
323.42,Travel,Ola,21,6,2026-06-08 12:48:13.577052740,0
384.68,Shopping,Flipkart,20,3,2026-06-08 12:53:44.461321489,0
133.54,Food,Local Cafe,12,2,2026-06-08 13:04:23.678186644,0
1282.33,Bills,Paytm,12,3,2026-06-08 13:04:59.346533907,0
425.28,Bills,GooglePay,19,4,2026-06-08 13:12:05.097652901,0
208.55,Food,Local Cafe,15,6,2026-06-08 13:21:08.315295908,0
250.36,Food,Local Cafe,14,3,2026-06-08 13:23:11.590314070,0
194.7,Food,KFC,21,5,2026-06-08 13:25:15.179414534,0
737.41,Bills,Paytm,14,3,2026-06-08 13:27:20.997867721,0
488.25,Bills,GooglePay,13,1,2026-06-08 13:28:29.964027730,0
10611.48,Shopping,Unknown Merchant,4,3,2026-06-08 13:40:23.305418631,1
327.62,Travel,Uber,7,1,2026-06-08 13:46:15.119462409,0
10.0,Travel,RedBus,6,2,2026-06-08 13:47:32.505376867,0
515.92,Shopping,Myntra,21,1,2026-06-08 13:48:34.160033815,0
286.53,Entertainment,Spotify,12,6,2026-06-08 14:13:59.968050524,0
33.16,Food,Zomato,13,2,2026-06-08 14:25:55.869847615,0
245.3,Food,Local Cafe,20,3,2026-06-08 14:29:24.048192489,0
366.86,Food,Zomato,16,2,2026-06-08 14:36:46.184089610,0
144.9,Food,Zomato,16,4,2026-06-08 15:08:41.934437103,0
433.99,Shopping,Amazon,11,5,2026-06-08 15:10:43.348655871,0
187.26,Entertainment,YouTube,19,3,2026-06-08 15:10:59.558228807,0
158.21,Food,Zomato,8,6,2026-06-08 15:14:11.900815472,0
126.18,Food,KFC,7,1,2026-06-08 15:32:22.402809726,0
10.0,Shopping,Flipkart,9,5,2026-06-08 15:37:59.958627792,0
185.06,Entertainment,Spotify,11,0,2026-06-08 15:40:07.952386133,0
71.66,Food,KFC,11,5,2026-06-08 15:47:51.344406311,0
549.01,Shopping,Flipkart,17,3,2026-06-08 15:52:18.542949125,0
255.13,Food,Zomato,10,6,2026-06-08 16:03:34.235938897,0
74.1,Food,KFC,17,6,2026-06-08 16:16:11.870929387,0
375.32,Entertainment,Netflix,7,5,2026-06-08 16:20:19.924004215,0
163.48,Entertainment,YouTube,8,5,2026-06-08 16:26:32.509901177,0
82.76,Food,Swiggy,13,4,2026-06-08 16:45:40.007264605,0
268.72,Entertainment,Spotify,21,2,2026-06-08 17:05:54.374125460,0
608.86,Bills,GooglePay,20,5,2026-06-08 17:23:25.335816762,0
195.54,Entertainment,Hotstar,22,1,2026-06-08 17:28:09.069212030,0
506.92,Shopping,Meesho,16,6,2026-06-08 17:30:04.846162353,0
687.47,Shopping,Flipkart,17,1,2026-06-08 17:34:40.954781800,0
477.7,Shopping,Myntra,16,4,2026-06-08 17:37:42.414148861,0
726.18,Bills,Airtel,16,5,2026-06-08 17:38:26.997004246,0
118.77,Food,Swiggy,8,5,2026-06-08 17:51:41.367612617,0
191.29,Food,Swiggy,14,4,2026-06-08 17:55:46.815553750,0
107.76,Food,Local Cafe,12,3,2026-06-08 18:03:46.426969332,0
1341.23,Bills,GooglePay,13,0,2026-06-08 18:10:03.889854178,0
152.74,Food,Swiggy,14,0,2026-06-08 18:13:54.766677120,0
127.65,Bills,PhonePe,8,2,2026-06-08 18:15:01.176079171,0
230.97,Entertainment,Spotify,12,1,2026-06-08 18:20:14.267220431,0
188.06,Food,Local Cafe,7,3,2026-06-08 18:21:41.778109372,0
1346.56,Bills,Jio,22,1,2026-06-08 18:41:22.139802538,0
278.68,Shopping,Meesho,8,3,2026-06-08 18:53:45.621499370,0
112.33,Entertainment,Spotify,10,4,2026-06-08 19:13:27.035611962,0
202.84,Food,Local Cafe,20,2,2026-06-08 19:26:12.936495097,0
1267.1,Bills,GooglePay,13,4,2026-06-08 19:26:30.781155963,0
144.99,Travel,Uber,8,1,2026-06-08 19:28:17.376344263,0
227.22,Entertainment,Netflix,12,6,2026-06-08 19:59:20.232351530,0
777.09,Bills,Paytm,8,2,2026-06-08 20:00:42.546985332,0
277.28,Shopping,Flipkart,9,5,2026-06-08 20:04:53.595212759,0
753.6,Bills,Paytm,7,6,2026-06-08 20:19:04.208224204,0
308.52,Entertainment,Netflix,13,3,2026-06-08 20:21:15.499712004,0
511.57,Shopping,Amazon,19,3,2026-06-08 20:25:40.149855275,0
136.53,Food,Local Cafe,15,2,2026-06-08 20:44:17.153711953,0
260.36,Entertainment,YouTube,15,4,2026-06-08 20:48:18.956932366,0
1274.83,Bills,PhonePe,9,2,2026-06-08 20:48:44.198452940,0
414.08,Bills,GooglePay,12,4,2026-06-08 20:48:48.714013242,0
175.16,Food,Swiggy,20,2,2026-06-08 20:49:03.527335724,0
656.42,Bills,Paytm,7,4,2026-06-08 20:51:34.100169820,0
512.91,Shopping,Flipkart,20,0,2026-06-08 21:10:21.385690679,0
1074.74,Bills,GooglePay,13,2,2026-06-08 21:37:46.589104486,0
127.35,Food,Local Cafe,19,4,2026-06-08 21:40:34.272469381,0
10.0,Bills,Airtel,12,5,2026-06-08 21:53:23.742431521,0
191.81,Entertainment,Hotstar,12,1,2026-06-08 22:04:53.724917101,0
229.3,Food,KFC,4,6,2026-06-08 22:12:13.661699531,1
245.02,Entertainment,Spotify,19,6,2026-06-08 22:21:27.525025512,0
468.69,Shopping,Myntra,10,6,2026-06-08 22:53:41.649397868,0
213.97,Entertainment,Netflix,22,1,2026-06-08 23:03:27.928817974,0
313.0,Travel,IRCTC,7,2,2026-06-08 23:17:04.426880889,0
10.0,Shopping,Meesho,7,2,2026-06-08 23:19:03.818752827,0
862.73,Bills,Paytm,15,3,2026-06-08 23:27:46.388290339,0
72.96,Entertainment,Spotify,18,4,2026-06-08 23:27:53.413342041,0
846.41,Shopping,Myntra,22,2,2026-06-08 23:46:27.760326133,0
46.72,Food,KFC,12,1,2026-06-08 23:49:56.328620649,0
637.21,Bills,Paytm,6,1,2026-06-09 00:16:46.015047212,0
181.72,Travel,Rapido,15,6,2026-06-09 00:22:31.615222114,0
611.04,Travel,Rapido,11,1,2026-06-09 00:26:00.256209542,0
521.34,Travel,Ola,13,4,2026-06-09 00:34:10.805926903,0
10.0,Shopping,Flipkart,13,0,2026-06-09 01:01:12.082185720,0
297.59,Travel,Uber,7,2,2026-06-09 01:22:50.303214657,0
60.34,Food,Swiggy,13,6,2026-06-09 01:23:21.258581656,0
548.19,Shopping,Myntra,13,0,2026-06-09 01:36:59.325805709,0
202.98,Food,Zomato,18,4,2026-06-09 02:08:11.459469335,0
169.61,Food,Dominos,16,6,2026-06-09 02:08:54.210757361,0
718.04,Shopping,Flipkart,9,5,2026-06-09 02:23:43.227589849,0
422.88,Shopping,Amazon,9,2,2026-06-09 02:23:54.450649694,0
911.02,Bills,GooglePay,10,3,2026-06-09 02:24:47.177537264,0
706.46,Shopping,Amazon,9,2,2026-06-09 02:32:45.891095631,0
366.92,Shopping,Amazon,17,2,2026-06-09 02:37:28.279179103,0
81.69,Food,Swiggy,22,2,2026-06-09 03:02:21.707937581,0
307.04,Shopping,Meesho,16,6,2026-06-09 03:05:54.625020267,0
140.59,Food,Zomato,15,6,2026-06-09 03:15:49.058315864,0
151.2,Food,Zomato,12,2,2026-06-09 03:18:37.665742146,0
934.51,Bills,Paytm,12,5,2026-06-09 03:36:04.921362413,0
505.19,Bills,Paytm,21,2,2026-06-09 03:42:54.113727205,0
1087.67,Bills,Airtel,22,4,2026-06-09 03:45:40.752160199,0
1045.93,Shopping,Flipkart,13,2,2026-06-09 03:50:57.517386648,0
324.68,Shopping,Ajio,11,5,2026-06-09 03:58:49.317983191,0
445.24,Entertainment,Netflix,19,4,2026-06-09 04:13:02.781427867,0
1095.09,Shopping,Meesho,8,2,2026-06-09 04:13:42.209955704,0
503.56,Shopping,Myntra,19,2,2026-06-09 04:17:03.343893286,0
138.23,Food,Swiggy,19,4,2026-06-09 04:27:20.240008597,0
97.47,Food,Zomato,8,2,2026-06-09 04:30:11.706855704,0
762.2,Shopping,Meesho,22,5,2026-06-09 04:42:44.962571464,0
523.53,Shopping,Amazon,22,6,2026-06-09 04:43:27.620652283,0
554.9,Shopping,Flipkart,21,1,2026-06-09 05:08:55.880082936,0
249.72,Shopping,Amazon,13,2,2026-06-09 05:11:54.822782390,0
1161.98,Bills,GooglePay,10,3,2026-06-09 05:17:13.948046705,0
254.84,Travel,IRCTC,15,4,2026-06-09 05:21:24.333567176,0
89.06,Travel,RedBus,12,5,2026-06-09 05:27:34.329507719,0
773.11,Bills,GooglePay,9,2,2026-06-09 05:56:50.222070067,0
122.5,Entertainment,Netflix,12,2,2026-06-09 05:58:24.867288794,0
259.45,Food,Swiggy,17,4,2026-06-09 06:02:00.599707407,0
307.35,Food,Zomato,7,0,2026-06-09 06:09:45.178489265,0
146.87,Food,Dominos,12,5,2026-06-09 06:23:04.389301040,0
1230.09,Bills,GooglePay,6,5,2026-06-09 06:24:08.349074083,0
304.73,Entertainment,JioCinema,19,1,2026-06-09 06:27:17.031139997,0
10.0,Food,Swiggy,16,6,2026-06-09 06:29:51.038799493,0
135.83,Entertainment,Spotify,7,6,2026-06-09 06:36:01.233956118,0
159.78,Food,Swiggy,22,1,2026-06-09 06:38:19.768744903,0
158.1,Entertainment,Spotify,6,2,2026-06-09 07:13:08.203987036,0
285.35,Shopping,Amazon,15,4,2026-06-09 07:26:37.354056478,0
239.72,Food,Swiggy,19,3,2026-06-09 07:42:36.240756682,0
362.99,Shopping,Flipkart,19,2,2026-06-09 07:47:51.540950930,0
177.12,Food,Local Cafe,6,1,2026-06-09 07:50:40.470461811,0
231.73,Food,KFC,20,2,2026-06-09 08:08:31.491122860,0
9834.3,Food,Unknown Merchant,3,4,2026-06-09 08:17:27.022304255,1
89.96,Travel,Uber,14,5,2026-06-09 08:20:07.641215263,0
208.31,Shopping,Amazon,13,5,2026-06-09 08:35:40.919130547,0
167.91,Food,Dominos,6,5,2026-06-09 08:50:19.378836726,0
21.39,Bills,GooglePay,14,5,2026-06-09 08:54:50.981617237,0
428.71,Bills,GooglePay,12,6,2026-06-09 09:06:38.587583118,0
249.47,Food,Local Cafe,19,3,2026-06-09 09:11:02.207496942,0
690.6,Shopping,Myntra,12,0,2026-06-09 09:18:11.071929232,0
140.59,Food,Swiggy,17,6,2026-06-09 09:36:42.768283711,0
187.97,Food,Local Cafe,7,3,2026-06-09 09:46:35.065123436,0
1083.04,Bills,Jio,8,2,2026-06-09 09:48:00.817474670,0
39.95,Food,Local Cafe,8,1,2026-06-09 09:48:45.251032023,0
357.91,Shopping,Flipkart,6,4,2026-06-09 09:50:09.852899080,0
1747.71,Bills,Airtel,14,2,2026-06-09 09:57:32.586243616,0
261.63,Food,KFC,19,0,2026-06-09 10:39:45.872237136,0
572.54,Shopping,Ajio,16,4,2026-06-09 10:40:56.412444949,0
174.11,Food,Swiggy,15,4,2026-06-09 10:55:16.124338403,0
196.34,Entertainment,YouTube,17,4,2026-06-09 10:59:37.575448742,0
10.0,Shopping,Flipkart,12,2,2026-06-09 11:11:56.186038032,0
180.07,Travel,Rapido,12,0,2026-06-09 11:19:33.915858933,0
623.59,Shopping,Myntra,12,2,2026-06-09 11:21:26.668382288,0
113.9,Food,Zomato,18,4,2026-06-09 11:30:53.751876374,0
392.84,Bills,GooglePay,8,4,2026-06-09 11:48:57.079045690,0
109.96,Entertainment,Hotstar,6,6,2026-06-09 11:57:02.334602910,0
1367.78,Bills,PhonePe,15,1,2026-06-09 12:00:37.533886730,0
199.43,Travel,Ola,21,3,2026-06-09 12:04:18.059630554,0
317.89,Entertainment,Hotstar,16,2,2026-06-09 12:26:56.691618249,0
174.49,Food,Local Cafe,19,0,2026-06-09 12:41:08.323485792,0
7310.82,Food,Zomato,17,6,2026-06-09 12:41:42.997897469,1
496.13,Bills,GooglePay,13,4,2026-06-09 12:46:11.829730885,0
699.09,Shopping,Meesho,18,2,2026-06-09 12:51:03.142326889,1
507.6,Travel,Rapido,19,3,2026-06-09 12:58:50.609716791,0
276.42,Entertainment,Hotstar,4,2,2026-06-09 13:03:03.514036022,1
114.24,Shopping,Myntra,12,3,2026-06-09 13:08:18.587697971,0
109.56,Food,KFC,10,2,2026-06-09 13:18:20.373017218,0
221.31,Travel,IRCTC,13,1,2026-06-09 13:47:27.574791900,0
10.0,Food,Local Cafe,20,2,2026-06-09 13:50:40.596808133,0
392.85,Travel,Uber,12,6,2026-06-09 13:51:17.287087440,0
682.74,Shopping,Ajio,12,5,2026-06-09 13:53:41.762248612,0
1028.98,Bills,Paytm,20,1,2026-06-09 13:57:43.726614531,0
181.76,Food,KFC,13,3,2026-06-09 14:03:28.127551984,0
674.93,Bills,Jio,14,4,2026-06-09 14:16:22.658278847,0
261.2,Shopping,Amazon,20,4,2026-06-09 14:19:49.586437148,0
405.18,Shopping,Meesho,13,2,2026-06-09 14:21:24.955663570,0
175.15,Food,Dominos,17,0,2026-06-09 14:34:01.350232755,0
1313.12,Bills,GooglePay,7,2,2026-06-09 14:39:45.696382951,0
207.8,Entertainment,Netflix,9,1,2026-06-09 15:07:48.614831598,0
153.53,Food,Local Cafe,12,1,2026-06-09 15:10:35.512414419,0
10.0,Food,KFC,13,3,2026-06-09 15:19:30.119538442,0
180.51,Food,Dominos,22,2,2026-06-09 15:29:29.351588901,0
1346.21,Bills,PhonePe,22,3,2026-06-09 15:31:35.960570751,0
756.05,Bills,Unknown Merchant,20,0,2026-06-09 15:59:46.495097007,1
444.77,Shopping,Flipkart,12,4,2026-06-09 16:00:55.763439253,0
119.96,Food,Swiggy,22,4,2026-06-09 16:02:31.166802495,0
709.84,Shopping,Flipkart,17,2,2026-06-09 16:13:41.882518361,0
10.0,Shopping,Flipkart,12,3,2026-06-09 16:15:14.312542529,0
854.0,Shopping,Meesho,18,3,2026-06-09 16:49:57.353012724,0
177.31,Entertainment,Spotify,6,0,2026-06-09 16:53:58.141870236,0
182.0,Food,Local Cafe,8,3,2026-06-09 16:56:55.645685201,0
1112.81,Bills,GooglePay,19,5,2026-06-09 17:02:22.559981801,0
226.51,Shopping,Amazon,16,5,2026-06-09 17:04:45.490117793,0
494.02,Shopping,Flipkart,12,1,2026-06-09 17:06:47.309014879,0
700.85,Bills,PhonePe,13,5,2026-06-09 17:08:39.879996389,0
346.33,Bills,Paytm,20,5,2026-06-09 17:31:24.122317717,0
302.92,Entertainment,Spotify,16,1,2026-06-09 17:42:41.648262413,0
123.88,Food,Swiggy,12,5,2026-06-09 17:43:27.072674652,0
56.33,Food,Local Cafe,8,5,2026-06-09 17:45:24.252301036,0
815.89,Bills,PhonePe,11,1,2026-06-09 17:49:27.611633991,0
73.14,Shopping,Myntra,22,2,2026-06-09 17:53:02.110116599,0
113.92,Food,Local Cafe,13,6,2026-06-09 17:58:57.135670861,0
173.52,Food,Swiggy,13,1,2026-06-09 18:11:05.729421043,0
28.89,Food,Local Cafe,13,1,2026-06-09 18:14:21.125523440,0
263.09,Entertainment,Spotify,20,5,2026-06-09 18:18:37.559162710,0
157.29,Food,Local Cafe,15,4,2026-06-09 18:20:47.628018324,0
213.06,Food,Zomato,17,6,2026-06-09 18:22:56.034763413,0
212.1,Food,Zomato,12,5,2026-06-09 18:33:29.656152045,0
354.82,Shopping,Meesho,6,2,2026-06-09 18:36:35.225848547,0
113.36,Food,Unknown Merchant,21,1,2026-06-09 18:52:01.238584709,1
642.6,Shopping,Amazon,21,0,2026-06-09 18:52:26.675842051,0
65.52,Food,Dominos,21,1,2026-06-09 18:54:13.380665167,0
89.99,Travel,Uber,21,6,2026-06-09 19:00:38.976412772,0
100.66,Food,Local Cafe,19,2,2026-06-09 19:19:24.575999113,0
95.6,Shopping,Amazon,17,6,2026-06-09 19:20:24.065142015,0
81.9,Entertainment,Spotify,20,3,2026-06-09 19:22:12.442827488,0
339.33,Bills,Paytm,15,6,2026-06-09 19:28:03.027630267,0
403.09,Shopping,Meesho,8,5,2026-06-09 19:32:27.632156580,0
120.62,Food,Zomato,12,4,2026-06-09 19:36:57.969780747,0
225.85,Food,Dominos,22,4,2026-06-09 19:39:34.535972510,0
677.62,Bills,GooglePay,12,5,2026-06-09 19:47:52.386091785,0
190.47,Entertainment,YouTube,20,5,2026-06-09 19:48:36.924808779,0
1492.13,Bills,Airtel,7,2,2026-06-09 20:07:53.877818343,0
10.0,Shopping,Flipkart,12,1,2026-06-09 20:11:14.134177552,0
878.16,Bills,Paytm,12,0,2026-06-09 20:15:26.584692573,0
432.35,Shopping,Ajio,7,1,2026-06-09 20:18:18.550582234,0
173.64,Food,KFC,8,1,2026-06-09 20:25:37.977892115,0
332.36,Shopping,Amazon,9,0,2026-06-09 20:48:07.055576496,0
168.79,Entertainment,Netflix,19,4,2026-06-09 20:50:18.008621137,0
248.31,Food,KFC,7,1,2026-06-09 20:51:06.062599136,0
984.43,Bills,Paytm,11,3,2026-06-09 20:59:23.013537252,0
128.85,Food,Local Cafe,6,3,2026-06-09 21:01:17.045594007,0
267.74,Shopping,Amazon,17,2,2026-06-09 21:03:45.209844423,0
10981.82,Food,Unknown Merchant,1,2,2026-06-09 21:05:00.538766857,1
349.92,Shopping,Flipkart,16,6,2026-06-09 21:13:45.186939806,0
10.0,Travel,RedBus,12,0,2026-06-09 21:21:56.956387998,0
135.63,Food,Swiggy,9,0,2026-06-09 21:26:27.025919331,0
1490.28,Bills,Paytm,18,2,2026-06-09 21:31:32.765793082,0
324.37,Travel,RedBus,19,5,2026-06-09 21:52:42.731819024,0
133.27,Entertainment,Netflix,8,1,2026-06-09 21:57:13.385040776,0
10.0,Food,Local Cafe,13,5,2026-06-09 22:03:12.737222967,0
259.9,Shopping,Flipkart,10,4,2026-06-09 22:17:40.254168693,0
110.08,Food,Local Cafe,8,3,2026-06-09 22:26:18.991292182,0
221.72,Entertainment,Hotstar,18,0,2026-06-09 22:27:23.145019576,0
153.52,Entertainment,Netflix,14,2,2026-06-09 22:33:45.073785272,0
1034.87,Shopping,Flipkart,9,3,2026-06-09 22:50:22.937172775,0
250.53,Travel,Rapido,12,5,2026-06-09 22:51:52.439905949,0
795.62,Shopping,Ajio,22,0,2026-06-09 23:05:11.622545107,0
165.66,Bills,Paytm,20,0,2026-06-09 23:08:21.422678529,0
144.15,Food,KFC,20,6,2026-06-09 23:08:38.362888664,0
141.85,Travel,Uber,13,1,2026-06-09 23:28:24.805418453,0
231.27,Food,Zomato,16,0,2026-06-09 23:37:46.371265673,0
219.32,Travel,Rapido,12,4,2026-06-09 23:43:26.682891808,0
552.17,Travel,Uber,7,0,2026-06-09 23:43:38.067400975,0
1046.67,Bills,Paytm,12,4,2026-06-09 23:44:50.671822537,0
107.68,Food,Zomato,15,5,2026-06-09 23:48:26.892943982,0
63.94,Food,Local Cafe,11,6,2026-06-10 00:02:45.585602795,0
91.11,Food,Swiggy,20,1,2026-06-10 00:19:22.435136060,0
406.72,Shopping,Amazon,8,6,2026-06-10 00:31:03.395284638,0
198.79,Food,Swiggy,12,4,2026-06-10 00:32:37.214176203,0
196.01,Entertainment,JioCinema,8,5,2026-06-10 00:33:56.657863382,0
738.48,Shopping,Myntra,12,3,2026-06-10 00:34:54.239118660,0
257.93,Food,KFC,6,6,2026-06-10 00:35:14.513862245,0
503.56,Shopping,Myntra,11,6,2026-06-10 00:37:05.434886003,0
205.76,Shopping,Myntra,12,0,2026-06-10 00:37:19.195613055,0
936.84,Bills,GooglePay,13,6,2026-06-10 00:47:08.408192296,0
1075.18,Shopping,Flipkart,14,2,2026-06-10 00:48:18.390330088,0
285.52,Entertainment,Spotify,11,2,2026-06-10 00:51:36.498813915,0
579.29,Shopping,Meesho,14,4,2026-06-10 00:56:31.396044304,0
113.2,Entertainment,Netflix,13,1,2026-06-10 01:06:44.436357533,0
178.64,Entertainment,Netflix,12,4,2026-06-10 01:18:46.441432356,1
27.39,Food,Dominos,19,6,2026-06-10 01:22:39.338415073,0
87.14,Entertainment,Hotstar,14,6,2026-06-10 01:29:51.389125891,0
179.04,Food,Swiggy,12,5,2026-06-10 01:31:32.869334858,0
10.0,Travel,Uber,21,6,2026-06-10 01:35:35.595974519,0
392.48,Shopping,Flipkart,20,5,2026-06-10 01:38:33.299991263,0
77.5,Entertainment,YouTube,22,6,2026-06-10 01:41:04.333971947,0
91.43,Entertainment,Hotstar,17,6,2026-06-10 01:43:37.666573160,0
305.96,Travel,Rapido,12,4,2026-06-10 01:48:00.739756604,0
153.04,Travel,Ola,11,4,2026-06-10 02:12:26.016898074,0
38.06,Food,Zomato,17,3,2026-06-10 02:28:07.482165862,0
105.05,Food,Swiggy,22,5,2026-06-10 02:34:26.074045591,0
71.33,Shopping,Meesho,16,3,2026-06-10 02:35:29.755185619,0
245.14,Food,KFC,20,4,2026-06-10 02:35:47.976891827,0
1066.9,Bills,GooglePay,12,1,2026-06-10 02:49:12.126662654,0
203.0,Food,Dominos,12,0,2026-06-10 03:11:35.228893371,0
117.71,Entertainment,Netflix,20,5,2026-06-10 03:24:25.141894040,0
958.55,Bills,Paytm,19,2,2026-06-10 03:29:25.409125414,0
333.95,Travel,Uber,22,3,2026-06-10 03:40:46.972349817,0
89.56,Food,Zomato,19,5,2026-06-10 03:41:35.509011304,0
189.8,Entertainment,Hotstar,13,0,2026-06-10 03:45:04.545318689,0
42.7,Entertainment,Hotstar,14,3,2026-06-10 03:46:49.429937603,0
184.24,Shopping,Meesho,20,5,2026-06-10 03:56:14.616659605,0
748.45,Bills,PhonePe,14,3,2026-06-10 04:05:14.484984627,0
198.18,Travel,IRCTC,10,3,2026-06-10 04:13:03.774348904,0
4389.45,Food,Zomato,13,4,2026-06-10 04:13:40.064106906,1
280.62,Shopping,Amazon,14,6,2026-06-10 04:29:21.288488826,0
387.38,Shopping,Flipkart,7,4,2026-06-10 04:31:50.330952741,0
146.09,Food,Local Cafe,18,3,2026-06-10 04:34:20.186610374,0
257.7,Shopping,Flipkart,7,3,2026-06-10 05:03:13.846690030,0
118.67,Food,Dominos,12,6,2026-06-10 05:03:51.810662282,0
163.02,Food,Local Cafe,19,2,2026-06-10 05:12:24.798824823,0
269.6,Food,Swiggy,13,0,2026-06-10 05:16:29.805396858,0
119.77,Entertainment,Netflix,20,6,2026-06-10 05:24:35.089325411,0
348.61,Shopping,Amazon,12,0,2026-06-10 05:27:01.267069810,0
472.19,Entertainment,JioCinema,22,1,2026-06-10 05:29:20.280810594,0
753.34,Shopping,Amazon,9,6,2026-06-10 05:30:36.642175570,0
238.14,Food,Local Cafe,6,1,2026-06-10 05:32:34.384296777,0
647.6,Shopping,Amazon,20,1,2026-06-10 05:34:50.940314284,0
821.88,Shopping,Amazon,19,4,2026-06-10 05:44:42.082752165,0
81.73,Food,Swiggy,10,4,2026-06-10 05:55:53.060251397,0
1186.13,Bills,GooglePay,22,2,2026-06-10 06:06:05.773099340,0
206.35,Food,Dominos,13,4,2026-06-10 06:07:55.887433781,0
360.96,Bills,GooglePay,21,1,2026-06-10 06:08:38.895556547,0
655.35,Bills,Paytm,13,5,2026-06-10 06:33:18.546705526,0
10.0,Food,Local Cafe,13,3,2026-06-10 06:44:01.040692821,0
157.15,Food,Swiggy,13,1,2026-06-10 06:47:30.146915905,0
489.06,Travel,Ola,12,2,2026-06-10 06:50:14.513329232,0
334.23,Shopping,Flipkart,14,3,2026-06-10 07:06:45.241312438,0
70.22,Food,Zomato,13,4,2026-06-10 07:12:20.385213129,0
94.1,Entertainment,YouTube,6,3,2026-06-10 07:13:17.899199676,0
144.93,Food,Zomato,10,5,2026-06-10 07:15:11.215366102,0
993.12,Bills,Jio,9,2,2026-06-10 07:17:45.870814789,0
352.0,Entertainment,Netflix,20,4,2026-06-10 07:23:38.613581176,0
10.0,Food,Dominos,15,0,2026-06-10 07:23:58.049040987,0
259.78,Food,Dominos,19,1,2026-06-10 07:26:28.043372736,0
161.36,Food,Swiggy,22,6,2026-06-10 07:34:46.139555908,0
8458.69,Food,Zomato,16,5,2026-06-10 07:38:35.459156754,1
201.35,Food,Swiggy,22,5,2026-06-10 07:43:05.352032833,0
798.37,Bills,GooglePay,12,6,2026-06-10 07:54:01.393044611,0
146.7,Food,Local Cafe,9,1,2026-06-10 08:02:10.712716006,0
600.3,Shopping,Amazon,12,2,2026-06-10 08:05:29.337907152,0
171.0,Entertainment,Netflix,13,2,2026-06-10 08:05:47.467161714,0
257.09,Travel,Uber,20,5,2026-06-10 08:22:18.400449318,0
10.0,Bills,GooglePay,14,1,2026-06-10 08:22:35.633543816,0
192.62,Food,Dominos,11,3,2026-06-10 08:32:17.299629084,0
477.79,Bills,GooglePay,18,0,2026-06-10 08:32:23.085638155,0
798.31,Shopping,Amazon,13,0,2026-06-10 08:55:53.975260447,0
770.68,Shopping,Ajio,8,2,2026-06-10 09:03:31.265878758,0
110.01,Food,Swiggy,15,2,2026-06-10 09:04:52.027118223,0
254.3,Entertainment,Netflix,21,3,2026-06-10 09:36:03.486811434,0
622.91,Shopping,Flipkart,20,2,2026-06-10 09:38:09.138431067,0
102.24,Food,Dominos,15,0,2026-06-10 09:46:36.679022890,0
685.51,Shopping,Myntra,12,1,2026-06-10 09:49:00.241699746,0
936.68,Shopping,Amazon,7,5,2026-06-10 10:02:45.137106422,0
506.33,Travel,Uber,13,0,2026-06-10 10:07:09.867533463,0
236.43,Bills,PhonePe,19,3,2026-06-10 10:07:40.323641181,0
388.98,Travel,Rapido,12,1,2026-06-10 10:18:13.455658529,0
218.06,Food,Dominos,10,1,2026-06-10 10:29:03.824501162,0
302.89,Shopping,Amazon,21,5,2026-06-10 10:30:37.045356478,0
798.37,Shopping,Ajio,19,0,2026-06-10 10:39:11.563050139,0
89.06,Food,Local Cafe,16,6,2026-06-10 10:46:08.652532122,0
126.02,Food,Dominos,8,1,2026-06-10 10:48:19.253547814,0
154.65,Travel,Uber,8,1,2026-06-10 10:52:28.355974597,0
79.79,Food,KFC,7,2,2026-06-10 10:57:09.624747196,0
599.82,Shopping,Ajio,16,1,2026-06-10 10:58:17.127158349,0
43.35,Food,Swiggy,8,3,2026-06-10 11:06:01.362601027,0
130.21,Food,Local Cafe,20,1,2026-06-10 11:10:19.876406621,0
176.66,Food,Dominos,22,2,2026-06-10 11:23:41.601052166,0
128.59,Entertainment,Netflix,12,4,2026-06-10 11:35:22.052879197,0
535.68,Travel,Rapido,13,4,2026-06-10 11:39:13.766432046,0
182.8,Entertainment,Spotify,18,3,2026-06-10 11:59:40.708529907,0
931.45,Shopping,Ajio,21,5,2026-06-10 12:09:00.683011355,0
280.98,Food,Zomato,20,5,2026-06-10 12:23:58.191003367,0
70.59,Shopping,Flipkart,7,6,2026-06-10 12:28:19.793299864,0
611.79,Shopping,Flipkart,8,6,2026-06-10 12:35:35.879750663,0
333.3,Travel,IRCTC,19,3,2026-06-10 12:49:01.035969886,0
117.67,Food,Zomato,17,1,2026-06-10 12:55:56.347653434,0
500.54,Shopping,Flipkart,8,1,2026-06-10 13:13:27.095119271,0
366.83,Food,KFC,13,4,2026-06-10 13:14:52.285858043,0
191.59,Food,Local Cafe,19,4,2026-06-10 13:17:19.553647001,0
1083.76,Bills,Jio,10,0,2026-06-10 13:28:34.035760405,0
457.83,Shopping,Amazon,20,4,2026-06-10 13:34:40.541499676,0
615.71,Shopping,Myntra,7,6,2026-06-10 13:39:50.326808214,0
257.03,Shopping,Meesho,19,4,2026-06-10 13:39:58.561818349,0
718.95,Shopping,Ajio,16,3,2026-06-10 13:45:46.894307565,0
578.38,Travel,Ola,12,0,2026-06-10 13:46:34.347109131,0
281.0,Entertainment,JioCinema,18,5,2026-06-10 13:53:56.686010262,0
127.51,Entertainment,Hotstar,19,0,2026-06-10 13:56:47.356094802,0
108.79,Travel,Rapido,21,1,2026-06-10 13:58:17.916260372,0
335.41,Food,Zomato,12,1,2026-06-10 14:03:33.957951505,0
1325.69,Bills,Paytm,17,0,2026-06-10 14:05:45.098335833,0
713.98,Shopping,Amazon,15,0,2026-06-10 14:10:04.164673708,0
267.43,Food,Local Cafe,14,1,2026-06-10 14:10:53.115311750,0
293.95,Travel,Ola,20,6,2026-06-10 14:17:11.587982728,0
205.51,Food,Zomato,6,3,2026-06-10 14:23:22.233401198,0
316.65,Entertainment,YouTube,11,3,2026-06-10 14:23:31.221322825,0
412.87,Shopping,Myntra,14,3,2026-06-10 14:24:16.814281412,0
977.66,Bills,Jio,9,3,2026-06-10 14:24:51.073717601,0
1216.02,Bills,PhonePe,21,1,2026-06-10 14:41:38.036133102,0
98.11,Entertainment,Spotify,16,6,2026-06-10 14:45:15.700933390,0
645.55,Bills,Paytm,13,2,2026-06-10 14:53:00.387541623,0
1206.09,Bills,Paytm,19,4,2026-06-10 15:13:53.485372606,0
165.47,Food,Swiggy,13,4,2026-06-10 15:18:17.059811933,0
517.91,Shopping,Myntra,14,4,2026-06-10 15:19:47.797220962,0
145.37,Food,Swiggy,6,4,2026-06-10 15:31:24.177194107,0
1251.12,Bills,Paytm,12,1,2026-06-10 15:33:39.983474138,0
222.47,Shopping,Meesho,8,2,2026-06-10 15:36:22.328224510,0
619.92,Bills,Paytm,17,1,2026-06-10 15:37:08.487508186,0
42.76,Food,KFC,13,2,2026-06-10 15:38:28.646929968,0
124.41,Food,Swiggy,11,1,2026-06-10 15:38:58.026920744,0
857.72,Bills,GooglePay,13,6,2026-06-10 15:47:03.218868516,0
10.0,Food,Swiggy,9,0,2026-06-10 15:51:03.843073301,0
86.32,Food,Swiggy,21,2,2026-06-10 15:53:49.009924970,0
165.35,Food,Zomato,7,4,2026-06-10 15:55:36.275918204,0
242.8,Entertainment,Spotify,20,2,2026-06-10 16:14:46.733521092,0
1489.23,Bills,Paytm,13,5,2026-06-10 16:21:04.391728838,0
673.12,Shopping,Amazon,16,3,2026-06-10 16:23:51.510812315,0
135.76,Food,Dominos,11,2,2026-06-10 16:26:09.676246730,0
159.41,Food,Swiggy,22,5,2026-06-10 16:28:41.524789937,0
330.28,Travel,Rapido,11,3,2026-06-10 16:30:51.554280531,0
620.52,Bills,Jio,15,5,2026-06-10 16:55:46.840069890,0
168.74,Food,Dominos,22,3,2026-06-10 17:03:18.475367164,0
110.46,Food,Dominos,20,0,2026-06-10 17:09:01.076627073,0
172.71,Food,Dominos,14,2,2026-06-10 17:12:11.060439549,0
776.47,Bills,PhonePe,22,5,2026-06-10 17:23:19.024876120,0
255.81,Travel,Ola,18,6,2026-06-10 17:26:42.228164953,0
134.51,Food,KFC,9,0,2026-06-10 17:29:14.146986685,0
209.57,Food,Swiggy,12,4,2026-06-10 17:35:28.630737768,0
201.36,Food,Swiggy,12,2,2026-06-10 17:36:35.017722926,0
172.97,Entertainment,Hotstar,12,1,2026-06-10 17:54:23.877567123,0
206.28,Food,Swiggy,19,1,2026-06-10 18:06:08.098638746,0
284.44,Travel,Uber,15,1,2026-06-10 18:06:31.348120538,0
774.84,Bills,GooglePay,6,6,2026-06-10 18:09:30.700215523,0
365.64,Shopping,Meesho,20,5,2026-06-10 18:12:41.341159855,0
277.44,Food,Local Cafe,11,5,2026-06-10 18:20:34.242284658,0
267.22,Food,Swiggy,22,3,2026-06-10 18:51:14.886285847,0
539.74,Bills,GooglePay,22,1,2026-06-10 18:54:40.547264265,0
234.67,Travel,IRCTC,21,4,2026-06-10 19:15:01.940568251,0
944.09,Bills,Airtel,19,5,2026-06-10 19:15:46.635541432,0
662.4,Shopping,Amazon,10,6,2026-06-10 19:17:18.915424236,0
69.95,Food,Zomato,14,2,2026-06-10 19:25:17.004265533,0
114.49,Entertainment,Netflix,10,5,2026-06-10 19:32:24.432662474,0
10.0,Travel,Ola,10,2,2026-06-10 19:37:28.126602062,0
193.57,Food,Dominos,16,6,2026-06-10 19:39:46.512272928,0
58.37,Entertainment,Netflix,6,5,2026-06-10 19:40:14.387586419,0
542.89,Bills,GooglePay,22,3,2026-06-10 19:49:30.662195179,0
758.05,Shopping,Myntra,21,3,2026-06-10 19:56:15.349625527,0
1124.1,Bills,PhonePe,12,3,2026-06-10 20:02:56.585558035,0
605.36,Travel,Ola,13,4,2026-06-10 20:05:14.982491057,0
1561.02,Bills,Paytm,13,5,2026-06-10 20:20:38.090682836,0
375.94,Food,Dominos,20,2,2026-06-10 20:26:54.596064469,0
121.66,Food,Swiggy,17,6,2026-06-10 20:28:36.094294004,0
141.79,Entertainment,Netflix,11,5,2026-06-10 20:42:29.056638537,0
181.92,Food,KFC,13,6,2026-06-10 21:02:20.602828335,0
103.98,Shopping,Flipkart,13,0,2026-06-10 21:08:44.591153526,0
428.37,Shopping,Meesho,22,3,2026-06-10 21:32:27.985575021,0
542.48,Shopping,Flipkart,9,1,2026-06-10 21:40:28.019128563,0
990.1,Bills,Paytm,7,6,2026-06-10 21:41:23.916301228,0
258.45,Entertainment,YouTube,20,0,2026-06-10 22:18:29.835885922,0
128.55,Food,Local Cafe,20,6,2026-06-10 22:20:06.740744042,0
54.47,Food,Swiggy,20,0,2026-06-10 22:20:26.542681071,0
68.99,Food,KFC,2,6,2026-06-10 22:21:39.678571394,1
10.0,Entertainment,Spotify,17,3,2026-06-10 22:42:39.519012550,0
580.34,Bills,Jio,15,1,2026-06-10 22:48:12.485055206,0
42.79,Food,Zomato,7,3,2026-06-10 22:52:21.819802819,0
202.86,Travel,Rapido,15,6,2026-06-10 22:55:16.434564924,0
238.88,Entertainment,Spotify,6,3,2026-06-10 22:55:59.696682672,0
65.23,Travel,RedBus,12,1,2026-06-10 23:01:33.988763811,0
208.56,Entertainment,YouTube,21,0,2026-06-10 23:11:53.498800977,0
127.73,Food,Dominos,11,0,2026-06-10 23:32:42.621052607,0
367.01,Travel,RedBus,21,6,2026-06-10 23:42:32.880774726,0
669.44,Shopping,Flipkart,10,5,2026-06-10 23:48:10.996589512,0
232.42,Travel,Uber,12,1,2026-06-10 23:56:34.107799560,0
800.89,Bills,PhonePe,16,0,2026-06-11 00:10:22.502403105,0
245.07,Travel,Uber,19,4,2026-06-11 00:10:25.015157141,0
617.11,Bills,PhonePe,13,3,2026-06-11 00:16:34.328208760,0
94.87,Food,KFC,20,6,2026-06-11 00:22:10.072370140,0
640.31,Shopping,Meesho,6,4,2026-06-11 00:29:06.521079728,0
331.06,Entertainment,Netflix,21,4,2026-06-11 00:39:52.031464667,0
317.11,Entertainment,JioCinema,9,5,2026-06-11 00:44:51.876252614,0
49.47,Food,KFC,20,5,2026-06-11 00:49:55.466105200,0
253.14,Food,Zomato,12,5,2026-06-11 00:50:59.898272421,0
77.5,Food,KFC,19,4,2026-06-11 01:15:09.515419911,0
13413.93,Bills,Unknown Merchant,1,2,2026-06-11 01:28:47.351148945,1
362.74,Travel,IRCTC,9,2,2026-06-11 01:32:23.946539179,0
31.23,Food,Local Cafe,21,4,2026-06-11 01:36:22.129602517,0
447.61,Shopping,Ajio,10,3,2026-06-11 01:38:58.995976339,0
572.03,Travel,Rapido,10,6,2026-06-11 01:46:14.939757550,0
10.0,Bills,GooglePay,19,4,2026-06-11 02:03:41.452320810,0
1225.63,Shopping,Meesho,7,6,2026-06-11 02:30:58.932171553,0
10.0,Shopping,Amazon,10,4,2026-06-11 02:34:55.742757246,0
586.41,Shopping,Amazon,13,5,2026-06-11 02:36:35.156188878,0
34.49,Food,Swiggy,19,6,2026-06-11 02:49:55.539950535,0
633.46,Shopping,Myntra,8,5,2026-06-11 02:50:06.084863291,0
1248.39,Bills,Paytm,14,5,2026-06-11 03:03:17.308404676,0
280.56,Entertainment,YouTube,18,2,2026-06-11 03:12:15.685458307,0
233.79,Bills,Airtel,20,4,2026-06-11 03:27:26.716423080,0
495.57,Travel,Rapido,21,3,2026-06-11 03:53:41.662895469,0
128.37,Food,Swiggy,19,3,2026-06-11 03:54:25.135431667,0
83.07,Shopping,Ajio,16,5,2026-06-11 03:55:07.086191418,0
258.16,Food,Dominos,13,5,2026-06-11 03:55:54.899308492,0
317.95,Food,Local Cafe,7,4,2026-06-11 04:02:19.582569522,0
836.53,Bills,Paytm,18,3,2026-06-11 04:08:31.223958210,0
161.95,Entertainment,Spotify,22,4,2026-06-11 04:09:06.014039751,0
87.59,Food,Swiggy,18,6,2026-06-11 04:35:25.854981631,0
720.58,Shopping,Amazon,6,2,2026-06-11 04:38:50.711909271,0
506.05,Travel,IRCTC,13,4,2026-06-11 04:43:47.557484900,0
119.6,Food,Zomato,16,5,2026-06-11 04:49:02.073940517,0
979.22,Shopping,Amazon,17,0,2026-06-11 04:49:52.254180154,0
1057.88,Bills,PhonePe,18,2,2026-06-11 05:00:37.830894881,0
831.97,Bills,Airtel,14,3,2026-06-11 05:01:27.566215414,0
175.67,Food,Zomato,10,3,2026-06-11 05:09:40.649640949,0
203.64,Shopping,Amazon,21,5,2026-06-11 05:11:53.616147693,0
444.61,Travel,Ola,17,5,2026-06-11 05:13:04.367142442,0
221.32,Shopping,Amazon,10,2,2026-06-11 05:27:48.873568226,0
109.67,Food,Swiggy,12,5,2026-06-11 05:37:13.979761773,0
285.43,Travel,Uber,21,0,2026-06-11 05:50:36.367246270,0
301.14,Food,Swiggy,20,2,2026-06-11 06:01:27.802354020,0
895.27,Bills,PhonePe,12,5,2026-06-11 06:03:23.940263249,0
82.74,Food,Dominos,6,6,2026-06-11 06:12:29.943995721,0
232.48,Entertainment,Netflix,7,1,2026-06-11 06:16:15.787300013,0
674.17,Shopping,Meesho,11,0,2026-06-11 06:37:54.526196537,0
246.74,Food,Local Cafe,16,2,2026-06-11 06:40:31.188050568,0
148.06,Food,Dominos,15,1,2026-06-11 06:44:58.202868779,0
93.4,Food,Swiggy,16,4,2026-06-11 07:27:54.530507795,0
420.99,Entertainment,Netflix,18,0,2026-06-11 07:31:30.151323606,0
232.7,Entertainment,Hotstar,6,4,2026-06-11 07:35:38.756457557,0
249.46,Shopping,Myntra,7,1,2026-06-11 07:45:24.714031479,0
490.09,Shopping,Ajio,12,3,2026-06-11 08:16:19.368943317,0
598.54,Bills,GooglePay,8,3,2026-06-11 08:19:12.676194066,0
327.79,Entertainment,YouTube,7,5,2026-06-11 08:20:30.595285603,0
671.15,Shopping,Flipkart,16,3,2026-06-11 08:21:05.389403820,0
406.15,Shopping,Meesho,19,4,2026-06-11 08:23:05.384248218,0
809.28,Shopping,Amazon,19,0,2026-06-11 08:31:30.095483697,0
754.57,Bills,Jio,19,4,2026-06-11 08:39:57.892022703,0
145.53,Food,Zomato,17,4,2026-06-11 08:43:02.844036435,0
506.83,Bills,Airtel,18,3,2026-06-11 08:50:19.252271623,0
277.93,Shopping,Meesho,11,4,2026-06-11 09:07:54.065066086,0
724.2,Travel,Unknown Merchant,22,1,2026-06-11 09:08:34.396883474,1
228.23,Food,Zomato,9,2,2026-06-11 09:18:40.621272391,0
10.0,Entertainment,Netflix,9,2,2026-06-11 09:32:06.928034141,1
214.79,Shopping,Flipkart,11,2,2026-06-11 10:00:19.911975879,0
343.22,Bills,Paytm,22,5,2026-06-11 10:04:41.495849153,0
154.79,Food,Swiggy,22,6,2026-06-11 10:13:48.492292800,0
375.53,Shopping,Myntra,19,6,2026-06-11 10:31:21.650684132,0
950.59,Shopping,Myntra,16,3,2026-06-11 10:32:18.247552424,0
402.02,Shopping,Flipkart,14,6,2026-06-11 10:32:40.107318121,0
1594.15,Bills,GooglePay,22,3,2026-06-11 10:44:21.195417775,0
766.49,Bills,Jio,17,2,2026-06-11 10:49:16.639133724,0
750.81,Travel,RedBus,21,0,2026-06-11 10:51:32.941160475,0
133.81,Food,Local Cafe,12,5,2026-06-11 11:08:24.854447124,0
263.35,Travel,Rapido,12,2,2026-06-11 11:11:12.180161574,0
785.95,Shopping,Amazon,20,4,2026-06-11 11:29:22.608247866,0
213.13,Food,Swiggy,8,6,2026-06-11 11:29:24.338897626,0
46.55,Food,Zomato,21,2,2026-06-11 11:40:41.454663406,0
156.71,Food,Zomato,13,6,2026-06-11 11:52:11.653237013,0
215.26,Travel,IRCTC,21,2,2026-06-11 11:53:01.631856771,0
604.34,Bills,PhonePe,12,6,2026-06-11 11:56:45.901331318,0
315.81,Travel,RedBus,18,0,2026-06-11 12:01:39.794227570,0
413.55,Shopping,Flipkart,13,3,2026-06-11 12:13:13.105934593,0
554.9,Shopping,Ajio,16,6,2026-06-11 12:19:58.676901498,0
70.68,Food,Dominos,13,3,2026-06-11 12:26:46.940867855,0
29.76,Food,Local Cafe,22,4,2026-06-11 12:38:51.248567493,0
798.71,Shopping,Amazon,17,2,2026-06-11 12:54:40.541836151,0
243.15,Food,KFC,10,1,2026-06-11 13:01:05.511055454,0
224.05,Food,Zomato,21,4,2026-06-11 13:03:10.362096340,0
510.3,Shopping,Myntra,11,6,2026-06-11 13:17:37.017368527,0
655.0,Bills,Jio,12,3,2026-06-11 13:26:27.625895250,0
138.16,Entertainment,Spotify,7,0,2026-06-11 13:29:14.310664953,0
120.51,Entertainment,Spotify,20,6,2026-06-11 13:30:59.902941161,0
766.92,Bills,Jio,11,3,2026-06-11 13:46:41.025586525,0
840.86,Shopping,Myntra,10,3,2026-06-11 14:10:25.041701221,0
521.05,Bills,Jio,21,6,2026-06-11 14:15:28.168915882,0
527.63,Travel,Rapido,19,0,2026-06-11 14:15:48.908427210,0
33.3,Food,Local Cafe,8,2,2026-06-11 14:18:22.464297332,0
570.54,Shopping,Flipkart,19,2,2026-06-11 14:24:05.099369727,0
388.07,Travel,RedBus,21,6,2026-06-11 14:25:54.160609219,0
343.71,Shopping,Amazon,7,6,2026-06-11 14:37:12.830398472,0
184.87,Shopping,Amazon,19,6,2026-06-11 14:43:27.217730088,0
753.84,Shopping,Flipkart,14,3,2026-06-11 14:57:28.744614772,0
153.35,Food,KFC,17,6,2026-06-11 15:19:01.065717690,0
1291.0,Shopping,Amazon,13,4,2026-06-11 15:24:32.735856819,0
242.28,Food,Dominos,17,1,2026-06-11 15:24:45.842179415,0
243.01,Food,KFC,6,6,2026-06-11 15:31:32.915819541,0
10.0,Food,Zomato,19,4,2026-06-11 15:34:37.328483335,0
164.2,Travel,Ola,6,5,2026-06-11 15:38:53.348171441,0
57.41,Food,KFC,13,4,2026-06-11 15:40:50.311553886,0
10.0,Shopping,Amazon,8,3,2026-06-11 15:40:51.523278781,0
146.93,Food,Local Cafe,19,3,2026-06-11 15:44:47.038143466,0
281.88,Entertainment,YouTube,12,1,2026-06-11 16:00:19.219982168,0
72.93,Food,Zomato,13,1,2026-06-11 16:05:58.548214931,0
10.0,Shopping,Flipkart,13,1,2026-06-11 16:10:19.153001980,0
111.11,Entertainment,Hotstar,19,3,2026-06-11 16:19:39.537810268,0
268.05,Travel,Uber,13,3,2026-06-11 16:28:42.054222112,0
131.42,Food,Zomato,19,4,2026-06-11 16:34:26.777215189,0
302.11,Travel,IRCTC,7,3,2026-06-11 16:38:47.627602246,0
625.61,Shopping,Meesho,9,5,2026-06-11 16:56:12.212103043,0
495.81,Shopping,Flipkart,14,2,2026-06-11 17:02:12.026551258,0
220.32,Food,KFC,21,2,2026-06-11 17:07:29.413205046,0
74.28,Food,Swiggy,7,1,2026-06-11 17:32:49.206531485,0
690.8,Bills,Airtel,6,3,2026-06-11 17:33:50.322515865,0
675.51,Shopping,Amazon,8,5,2026-06-11 17:37:37.205700543,0
584.36,Shopping,Flipkart,16,2,2026-06-11 17:48:05.879737512,0
1533.02,Bills,PhonePe,12,4,2026-06-11 18:10:03.868892684,0
118.3,Travel,Ola,19,0,2026-06-11 18:10:27.007946094,0
198.33,Food,Zomato,7,6,2026-06-11 18:13:29.104745980,0
547.98,Bills,GooglePay,9,4,2026-06-11 18:23:05.807283945,0
91.27,Food,Swiggy,11,0,2026-06-11 18:25:31.874363479,0
516.9,Travel,IRCTC,16,5,2026-06-11 18:56:30.325472434,0
789.92,Bills,Paytm,17,4,2026-06-11 18:58:31.455521205,0
226.38,Entertainment,Netflix,8,2,2026-06-11 19:06:32.006418873,0
105.3,Food,Dominos,3,3,2026-06-11 19:08:10.264312091,1
109.65,Food,Zomato,12,0,2026-06-11 19:14:45.846714993,0
28.41,Food,KFC,18,3,2026-06-11 19:27:47.424030785,0
164.57,Food,Swiggy,14,5,2026-06-11 19:30:30.738384949,0
67.12,Food,Dominos,10,6,2026-06-11 19:30:42.304662846,0
185.83,Entertainment,Spotify,20,6,2026-06-11 19:33:29.715363882,0
220.23,Food,KFC,19,3,2026-06-11 19:54:41.473398589,0
10.0,Food,Local Cafe,12,2,2026-06-11 19:58:51.612445866,0
898.56,Travel,IRCTC,15,5,2026-06-11 20:01:35.917356799,0
274.04,Shopping,Meesho,10,6,2026-06-11 20:08:04.485339862,0
277.28,Travel,Rapido,17,1,2026-06-11 20:12:14.792445277,0
171.0,Food,KFC,12,1,2026-06-11 20:12:29.457241803,0
264.75,Shopping,Meesho,20,0,2026-06-11 20:41:13.801461565,0
112.34,Food,Local Cafe,10,2,2026-06-11 20:51:40.334889491,0
239.7,Food,Local Cafe,6,3,2026-06-11 21:05:53.671991042,0
275.7,Entertainment,Spotify,11,4,2026-06-11 21:11:51.254017142,0
129.79,Food,Local Cafe,9,4,2026-06-11 21:11:52.133548927,0
499.45,Shopping,Amazon,13,5,2026-06-11 21:31:24.264566097,0
541.99,Shopping,Flipkart,9,0,2026-06-11 21:37:14.592872824,0
194.59,Food,Dominos,19,0,2026-06-11 21:46:50.102847657,0
263.22,Entertainment,Hotstar,10,0,2026-06-11 21:51:16.014733833,0
198.32,Food,KFC,18,2,2026-06-11 22:00:36.989191239,0
635.99,Bills,PhonePe,15,4,2026-06-11 22:02:38.440058972,0
210.77,Entertainment,Hotstar,22,5,2026-06-11 22:07:43.142426294,0
799.47,Shopping,Flipkart,22,2,2026-06-11 22:13:08.235470034,0
420.65,Entertainment,Spotify,20,5,2026-06-11 22:14:03.685608453,0
156.37,Food,Local Cafe,19,2,2026-06-11 22:14:57.239817555,0
337.89,Shopping,Amazon,12,3,2026-06-11 22:21:10.918144886,0
85.88,Food,Swiggy,19,2,2026-06-11 22:24:56.661229004,0
1044.91,Bills,Paytm,22,2,2026-06-11 22:29:55.095386697,0
44.06,Entertainment,Netflix,6,3,2026-06-11 22:45:07.000173456,0
199.84,Food,Swiggy,14,1,2026-06-11 22:51:09.409125270,0
1056.62,Bills,GooglePay,10,3,2026-06-11 22:52:02.851370467,0
109.47,Food,Zomato,14,0,2026-06-11 23:02:16.401839085,0
571.96,Shopping,Myntra,13,6,2026-06-11 23:05:21.974283150,0
433.78,Shopping,Myntra,15,1,2026-06-11 23:20:35.087028226,0
66.73,Entertainment,Spotify,14,6,2026-06-11 23:23:41.624083941,0
1017.85,Bills,GooglePay,22,4,2026-06-11 23:35:52.212747434,0
185.95,Food,KFC,14,6,2026-06-11 23:39:48.128098310,0
115.39,Food,KFC,20,5,2026-06-11 23:45:04.486062278,0
324.86,Food,Zomato,12,2,2026-06-12 00:02:04.815399600,0
150.51,Food,Local Cafe,13,1,2026-06-12 00:03:42.606179882,0
10.0,Food,Zomato,13,4,2026-06-12 00:16:57.029154216,0
305.61,Entertainment,YouTube,11,3,2026-06-12 00:29:09.726403746,0
736.49,Shopping,Ajio,12,3,2026-06-12 00:36:09.201076238,0
774.22,Shopping,Flipkart,15,0,2026-06-12 00:39:24.038939709,0
71.04,Food,Dominos,15,6,2026-06-12 00:39:31.772246624,0
221.28,Entertainment,Hotstar,16,0,2026-06-12 00:39:56.334871359,0
795.86,Bills,Airtel,12,1,2026-06-12 00:48:13.457101957,0
136.09,Food,Zomato,12,6,2026-06-12 00:56:27.693665401,0
1335.44,Bills,GooglePay,16,5,2026-06-12 01:04:06.855338508,0
506.0,Shopping,Flipkart,8,2,2026-06-12 01:11:29.323142016,0
118.01,Food,Local Cafe,10,3,2026-06-12 01:21:34.577997041,0
377.2,Shopping,Flipkart,6,1,2026-06-12 01:24:50.508438685,0
183.17,Shopping,Flipkart,7,6,2026-06-12 01:35:07.468064959,0
159.2,Food,Local Cafe,10,1,2026-06-12 01:53:07.515855594,0
342.73,Entertainment,YouTube,6,5,2026-06-12 01:58:37.370643271,0
235.37,Travel,IRCTC,10,6,2026-06-12 02:01:08.517375210,0
907.52,Bills,GooglePay,17,1,2026-06-12 02:11:34.914830547,0
443.24,Shopping,Flipkart,7,0,2026-06-12 02:16:58.261222278,0
474.1,Shopping,Flipkart,13,5,2026-06-12 02:17:47.542105673,0
1134.59,Bills,Jio,21,3,2026-06-12 02:29:07.770850520,0
179.68,Shopping,Amazon,19,6,2026-06-12 02:57:29.684978424,0
31.87,Food,Swiggy,11,0,2026-06-12 02:59:15.335634847,0
817.34,Shopping,Amazon,21,0,2026-06-12 03:00:27.700469268,0
193.57,Travel,Ola,12,5,2026-06-12 03:13:04.630811119,0
383.43,Shopping,Amazon,7,5,2026-06-12 03:13:39.457323268,0
346.79,Food,Zomato,22,1,2026-06-12 03:16:32.095876184,0
456.3,Travel,Uber,20,4,2026-06-12 03:17:13.637618869,0
80.86,Food,Dominos,13,4,2026-06-12 03:37:22.604698878,0
240.85,Food,Zomato,17,4,2026-06-12 03:41:33.173487115,0
214.53,Food,Dominos,17,6,2026-06-12 03:50:43.091026541,0
10.0,Food,Zomato,9,6,2026-06-12 03:55:26.365839340,0
330.33,Travel,Rapido,9,1,2026-06-12 04:02:17.513026142,0
192.87,Shopping,Flipkart,13,2,2026-06-12 04:09:40.876667313,0
142.93,Food,Local Cafe,21,6,2026-06-12 04:10:59.032594923,0
421.07,Entertainment,Spotify,2,3,2026-06-12 04:11:36.187679227,1
288.24,Entertainment,Spotify,19,1,2026-06-12 04:16:50.000129219,0
302.75,Entertainment,Hotstar,7,1,2026-06-12 04:22:00.459027681,0
135.02,Food,Zomato,13,0,2026-06-12 04:27:35.598033595,0
809.8,Shopping,Meesho,16,4,2026-06-12 04:27:44.223839021,0
127.84,Entertainment,YouTube,17,5,2026-06-12 04:28:37.043370300,0
327.77,Travel,Uber,7,1,2026-06-12 04:30:23.891930977,0
216.52,Food,KFC,12,2,2026-06-12 04:34:09.326262312,0
213.85,Food,Swiggy,15,6,2026-06-12 04:50:57.889557907,0
72.75,Shopping,Flipkart,7,3,2026-06-12 04:54:21.762166532,0
391.16,Entertainment,Netflix,8,2,2026-06-12 05:10:51.865812153,0
229.2,Shopping,Amazon,17,1,2026-06-12 05:14:52.961025976,0
1309.5,Shopping,Myntra,14,1,2026-06-12 05:28:22.619586214,0
219.11,Food,KFC,8,0,2026-06-12 05:31:33.467885305,0
1107.65,Bills,GooglePay,14,2,2026-06-12 05:40:21.616136029,0
134.94,Travel,Rapido,21,0,2026-06-12 05:47:09.803491415,0
352.12,Shopping,Flipkart,6,5,2026-06-12 05:47:22.112762282,0
661.53,Travel,IRCTC,16,2,2026-06-12 06:08:54.070328686,0
364.14,Entertainment,Spotify,7,4,2026-06-12 06:30:10.907839138,0
137.19,Food,Swiggy,6,5,2026-06-12 06:34:35.976666827,0
426.98,Shopping,Myntra,8,4,2026-06-12 06:44:52.123027231,0
132.78,Food,KFC,12,2,2026-06-12 06:55:20.983004026,0
528.68,Travel,Ola,19,0,2026-06-12 07:04:36.881159410,0
809.41,Shopping,Amazon,11,4,2026-06-12 07:06:08.136585898,0
955.27,Bills,GooglePay,16,1,2026-06-12 07:13:28.127448967,0
329.76,Travel,Rapido,12,6,2026-06-12 07:26:23.238855549,0
448.62,Shopping,Ajio,10,3,2026-06-12 07:28:10.576136122,0
458.36,Entertainment,Spotify,13,0,2026-06-12 07:30:58.639915026,0
100.93,Shopping,Flipkart,19,5,2026-06-12 07:31:48.881283533,0
119.89,Food,Dominos,19,6,2026-06-12 07:56:58.330411974,0
926.43,Bills,Paytm,20,5,2026-06-12 08:03:50.690180700,0
10.0,Travel,RedBus,12,2,2026-06-12 08:08:55.195429427,0
105.46,Food,Dominos,19,5,2026-06-12 08:23:53.888893045,0
419.34,Entertainment,Netflix,9,3,2026-06-12 08:33:35.439858469,0
295.57,Entertainment,Spotify,18,3,2026-06-12 08:37:46.496545252,0
104.86,Food,Dominos,21,1,2026-06-12 08:39:04.218078253,0
140.73,Entertainment,JioCinema,6,5,2026-06-12 08:57:19.797254979,0
44.11,Food,Local Cafe,13,0,2026-06-12 09:14:35.407885854,0
115.13,Food,KFC,16,3,2026-06-12 09:15:00.542083708,0
195.49,Food,Local Cafe,18,0,2026-06-12 09:21:11.792910620,0
238.29,Entertainment,YouTube,9,1,2026-06-12 09:27:16.974123680,0
645.59,Bills,GooglePay,22,2,2026-06-12 09:28:14.912170983,0
76.74,Food,Local Cafe,16,3,2026-06-12 09:32:00.755854391,0
444.71,Shopping,Flipkart,8,3,2026-06-12 09:51:02.276696297,0
717.66,Bills,GooglePay,6,3,2026-06-12 09:58:36.980630088,0
214.77,Food,KFC,19,5,2026-06-12 10:01:55.814543510,0
223.07,Entertainment,Hotstar,7,0,2026-06-12 10:13:16.730632529,0
318.53,Travel,Uber,8,6,2026-06-12 10:15:34.078356284,0
872.86,Shopping,Flipkart,15,3,2026-06-12 10:16:26.647445714,0
363.01,Entertainment,Netflix,15,0,2026-06-12 10:21:33.615105292,0
611.1,Shopping,Flipkart,17,5,2026-06-12 10:46:13.558989772,0
239.59,Entertainment,Spotify,12,4,2026-06-12 10:54:52.143133105,0
753.13,Bills,Jio,19,4,2026-06-12 11:05:47.876572363,0
465.05,Bills,Paytm,22,0,2026-06-12 11:10:59.959426689,0
221.66,Food,KFC,11,5,2026-06-12 11:26:32.069756411,0
267.64,Entertainment,Netflix,18,4,2026-06-12 11:26:53.418294904,0
488.69,Shopping,Amazon,21,1,2026-06-12 11:36:36.202212179,0
168.71,Food,Zomato,17,1,2026-06-12 11:38:18.114329743,0
243.2,Food,KFC,17,4,2026-06-12 11:53:57.535064373,0
905.71,Shopping,Flipkart,10,2,2026-06-12 12:02:03.999513910,0
10.0,Shopping,Myntra,14,0,2026-06-12 12:07:23.445043586,0
549.16,Bills,Jio,15,4,2026-06-12 12:21:40.009459135,0
686.92,Entertainment,Spotify,17,0,2026-06-12 12:34:14.044473400,1
65.37,Food,Swiggy,22,6,2026-06-12 12:38:00.238988428,0
904.31,Bills,PhonePe,6,6,2026-06-12 12:41:44.537828696,0
103.74,Food,KFC,7,5,2026-06-12 12:51:42.372801635,0
229.51,Entertainment,Netflix,7,6,2026-06-12 12:52:14.965643090,0
190.02,Travel,Uber,18,6,2026-06-12 12:53:03.433193385,0
346.98,Shopping,Meesho,8,4,2026-06-12 13:05:04.137874638,0
914.91,Bills,PhonePe,16,1,2026-06-12 13:28:16.962112198,0
225.5,Food,Zomato,12,5,2026-06-12 13:36:04.862919506,0
684.04,Shopping,Amazon,13,6,2026-06-12 13:39:45.005317032,0
293.5,Travel,IRCTC,9,2,2026-06-12 13:42:15.774618929,0
10.0,Shopping,Flipkart,20,0,2026-06-12 13:51:35.276938334,0
340.1,Shopping,Amazon,15,2,2026-06-12 13:53:56.536587222,0
308.95,Shopping,Myntra,21,6,2026-06-12 14:05:13.070440173,0
448.2,Travel,Uber,15,1,2026-06-12 14:08:35.247024707,0
162.61,Food,KFC,8,6,2026-06-12 14:13:09.860998702,0
165.6,Food,Local Cafe,9,3,2026-06-12 14:13:50.627037304,0
481.74,Bills,PhonePe,22,3,2026-06-12 14:21:27.970382012,0
579.88,Travel,Rapido,18,0,2026-06-12 14:40:38.318651196,0
165.05,Food,Local Cafe,7,5,2026-06-12 14:41:05.025004373,0
81.91,Food,Local Cafe,18,1,2026-06-12 14:48:22.013420027,0
87.07,Food,Local Cafe,12,6,2026-06-12 14:59:37.106295223,0
176.59,Food,Zomato,11,0,2026-06-12 15:01:20.124199471,0
234.29,Shopping,Amazon,8,5,2026-06-12 15:10:16.465701276,0
550.07,Bills,PhonePe,20,0,2026-06-12 15:16:37.700004960,0
359.49,Bills,Paytm,7,0,2026-06-12 15:28:30.049170071,0
1092.86,Bills,Jio,11,2,2026-06-12 16:03:39.784975175,0
240.67,Shopping,Flipkart,11,4,2026-06-12 16:03:51.016856402,0
617.9,Travel,Ola,8,1,2026-06-12 16:05:07.018021689,0
2865.65,Shopping,Flipkart,13,2,2026-06-12 16:20:15.100286460,1
89.52,Entertainment,YouTube,6,5,2026-06-12 16:28:13.009796722,0
1041.49,Bills,GooglePay,11,4,2026-06-12 16:37:55.001059109,0
262.12,Food,Swiggy,21,0,2026-06-12 16:40:06.148881123,0
769.73,Bills,PhonePe,12,3,2026-06-12 16:42:44.725909966,0
273.0,Food,Swiggy,4,6,2026-06-12 16:47:12.667850118,1
9896.94,Bills,PhonePe,13,2,2026-06-12 16:48:02.141940543,1
103.82,Food,Local Cafe,14,1,2026-06-12 16:49:54.159705044,0
327.15,Food,KFC,19,1,2026-06-12 17:01:23.088426050,0
65.23,Entertainment,YouTube,9,4,2026-06-12 17:06:15.642042545,0
124.26,Food,Zomato,20,2,2026-06-12 17:10:56.012395149,0
293.5,Travel,Ola,19,0,2026-06-12 17:14:15.313484278,0
308.7,Food,Swiggy,18,4,2026-06-12 17:24:04.011190636,0
1102.87,Bills,Paytm,7,5,2026-06-12 17:46:57.717258555,0
1028.46,Bills,GooglePay,6,1,2026-06-12 17:59:16.591905845,0
282.95,Shopping,Myntra,15,5,2026-06-12 18:02:23.534344134,0
140.95,Food,Dominos,20,2,2026-06-12 18:06:15.378097816,0
105.58,Food,Swiggy,15,3,2026-06-12 18:27:24.754195799,0
192.84,Food,Local Cafe,9,5,2026-06-12 18:46:51.204919592,0
246.72,Food,Zomato,7,6,2026-06-12 18:47:33.423360049,0
1802.18,Bills,GooglePay,17,0,2026-06-12 18:56:26.844122811,0
154.84,Entertainment,Hotstar,18,6,2026-06-12 19:01:12.282161178,0
62.76,Entertainment,Netflix,9,1,2026-06-12 19:11:51.674474734,0
238.87,Travel,Uber,6,6,2026-06-12 19:12:30.277253182,0
509.64,Travel,IRCTC,12,2,2026-06-12 19:39:00.684365128,0
464.73,Bills,PhonePe,15,3,2026-06-12 19:49:21.210711610,0
150.24,Food,KFC,18,1,2026-06-12 20:20:37.421986268,0
258.46,Entertainment,Hotstar,19,3,2026-06-12 20:21:50.447773167,0
627.08,Bills,PhonePe,16,1,2026-06-12 20:23:32.558278848,0
569.52,Shopping,Amazon,7,4,2026-06-12 20:24:04.290052612,0
75.81,Food,Dominos,17,6,2026-06-12 20:29:01.980554273,0
886.53,Shopping,Flipkart,22,4,2026-06-12 20:34:47.340131106,0
429.92,Shopping,Amazon,20,4,2026-06-12 20:59:02.291792170,0
220.2,Entertainment,Spotify,20,2,2026-06-12 21:09:31.163049602,0
10.0,Shopping,Meesho,11,4,2026-06-12 21:11:32.971957335,0
183.4,Shopping,Amazon,19,2,2026-06-12 21:21:55.586099862,0
301.04,Shopping,Ajio,20,0,2026-06-12 21:24:36.900292767,1
114.34,Food,KFC,17,4,2026-06-12 21:26:26.710793077,0
235.41,Shopping,Meesho,10,2,2026-06-12 21:26:33.770953820,0
34.58,Food,Local Cafe,21,1,2026-06-12 21:29:08.049299196,0
1306.53,Bills,PhonePe,13,2,2026-06-12 21:31:57.471941548,0
270.99,Entertainment,YouTube,8,5,2026-06-12 21:44:58.175545988,0
201.08,Food,KFC,7,2,2026-06-12 21:59:52.528683792,0
369.76,Entertainment,Hotstar,16,6,2026-06-12 22:00:21.939205455,0
124.34,Food,Local Cafe,13,5,2026-06-12 22:00:53.301270935,0
63.8,Entertainment,Netflix,7,1,2026-06-12 22:06:27.493805649,0
312.16,Travel,Uber,18,6,2026-06-12 22:07:43.915001720,0
685.26,Travel,RedBus,19,2,2026-06-12 22:19:36.176184291,0
156.5,Food,Swiggy,18,6,2026-06-12 22:36:18.100715818,0
317.88,Entertainment,Netflix,9,1,2026-06-12 22:38:49.343142217,0
268.4,Bills,Paytm,17,6,2026-06-12 22:38:56.097816938,0
90.61,Food,KFC,6,5,2026-06-12 22:45:43.220112554,0
488.59,Travel,IRCTC,11,3,2026-06-12 22:50:13.083822220,0
164.5,Food,Local Cafe,12,4,2026-06-12 22:53:18.485447615,0
190.61,Entertainment,YouTube,19,5,2026-06-12 23:00:15.714428931,0
243.04,Food,Zomato,12,0,2026-06-12 23:00:46.423592222,0
1171.21,Bills,Airtel,6,2,2026-06-12 23:04:05.898498894,0
562.55,Shopping,Amazon,12,6,2026-06-12 23:15:46.963952658,0
10.0,Food,Local Cafe,13,1,2026-06-12 23:25:18.328263361,0
151.46,Food,Dominos,21,4,2026-06-12 23:29:05.436779815,0
185.67,Food,Dominos,21,6,2026-06-12 23:33:10.147355921,0
10.0,Shopping,Amazon,9,2,2026-06-12 23:45:16.312276990,0
182.83,Food,KFC,9,4,2026-06-12 23:48:58.682852647,0
864.4,Shopping,Flipkart,8,3,2026-06-12 23:56:41.946212706,0
151.31,Food,Swiggy,19,2,2026-06-13 00:27:00.708058322,0
71.04,Food,KFC,6,6,2026-06-13 00:27:20.088518556,0
10.0,Bills,PhonePe,8,1,2026-06-13 00:35:59.741323257,0
184.48,Food,Local Cafe,14,3,2026-06-13 00:50:16.560008717,0
38.08,Entertainment,JioCinema,10,2,2026-06-13 00:51:43.256034147,0
262.97,Entertainment,Spotify,7,4,2026-06-13 00:55:46.391407132,0
1545.62,Bills,PhonePe,12,6,2026-06-13 01:03:15.204422437,0
10.0,Shopping,Ajio,11,3,2026-06-13 01:06:42.567085453,0
130.04,Entertainment,Spotify,13,1,2026-06-13 01:14:02.181943556,0
133.25,Food,Local Cafe,22,2,2026-06-13 01:15:42.739550972,0
304.87,Food,Swiggy,8,4,2026-06-13 01:40:24.797662081,0
160.87,Food,Zomato,12,6,2026-06-13 01:50:29.564425537,0
212.75,Travel,Ola,21,4,2026-06-13 02:02:15.111104894,0
233.85,Food,Swiggy,20,5,2026-06-13 02:34:49.909912072,0
384.75,Shopping,Flipkart,12,3,2026-06-13 02:38:54.326450007,0
123.79,Entertainment,Hotstar,17,6,2026-06-13 02:41:40.025372484,0
261.33,Entertainment,Hotstar,7,2,2026-06-13 02:50:55.680813376,0
841.33,Shopping,Flipkart,18,5,2026-06-13 02:53:12.910269668,0
10.0,Food,KFC,22,4,2026-06-13 02:57:57.230894442,0
146.25,Travel,Uber,14,3,2026-06-13 03:01:28.555234300,0
565.62,Shopping,Meesho,13,0,2026-06-13 03:10:18.390051456,0
136.65,Food,Swiggy,9,6,2026-06-13 03:10:41.195068839,0
149.04,Food,Local Cafe,16,4,2026-06-13 03:14:57.924255697,0
102.2,Entertainment,Netflix,15,3,2026-06-13 03:20:41.555489943,0
1077.48,Bills,GooglePay,16,0,2026-06-13 03:21:29.199735834,0
616.9,Travel,Uber,6,6,2026-06-13 03:26:34.099665424,0
121.0,Entertainment,YouTube,14,3,2026-06-13 03:35:32.649338497,0
707.84,Shopping,Flipkart,15,4,2026-06-13 03:38:16.278704078,0
806.59,Shopping,Meesho,9,0,2026-06-13 03:50:34.343643039,0
563.36,Shopping,Flipkart,9,6,2026-06-13 03:54:13.431251816,0
201.75,Food,Zomato,11,3,2026-06-13 03:55:17.916176792,0
294.67,Shopping,Amazon,18,2,2026-06-13 04:00:44.738488228,0
603.08,Travel,Rapido,15,0,2026-06-13 04:11:45.254084801,0
1258.59,Bills,GooglePay,20,3,2026-06-13 04:18:58.218972932,0
327.47,Entertainment,Netflix,11,2,2026-06-13 04:26:23.314320288,0
159.31,Shopping,Ajio,21,0,2026-06-13 04:43:54.945309745,0
1003.72,Bills,PhonePe,18,3,2026-06-13 04:45:30.616974557,0
553.57,Bills,PhonePe,12,4,2026-06-13 05:05:21.505378881,0
985.11,Shopping,Myntra,7,0,2026-06-13 05:20:54.761834680,0
491.83,Bills,Jio,10,0,2026-06-13 05:32:56.505420711,0
170.18,Food,Local Cafe,22,6,2026-06-13 05:43:11.693974552,0
10.0,Shopping,Flipkart,12,2,2026-06-13 05:56:11.796351183,0
169.75,Food,Dominos,12,5,2026-06-13 06:01:45.286721739,0
162.44,Shopping,Amazon,9,6,2026-06-13 06:02:05.491807079,0
668.86,Shopping,Amazon,19,5,2026-06-13 06:36:27.034936513,0
744.9,Bills,Paytm,11,3,2026-06-13 06:42:01.777449681,0
164.41,Entertainment,JioCinema,12,4,2026-06-13 06:43:34.305825053,0
1459.15,Bills,Paytm,12,2,2026-06-13 06:43:48.225582595,0
1722.38,Bills,Paytm,13,0,2026-06-13 06:44:11.831640721,0
2385.82,Shopping,Myntra,12,5,2026-06-13 06:46:30.317429388,1
670.06,Bills,GooglePay,13,2,2026-06-13 06:47:06.730802700,0
218.77,Food,Swiggy,19,2,2026-06-13 07:08:50.459658941,0
180.8,Food,Dominos,19,6,2026-06-13 07:20:23.881084384,0
739.57,Shopping,Myntra,19,2,2026-06-13 07:21:00.865152442,0
479.77,Shopping,Meesho,3,0,2026-06-13 07:22:28.617979785,1
245.49,Food,Zomato,19,6,2026-06-13 07:52:38.933714280,0
166.6,Food,Zomato,8,1,2026-06-13 08:00:42.719200182,0
185.65,Food,Local Cafe,8,2,2026-06-13 08:02:02.473119996,0
87.59,Entertainment,Hotstar,21,1,2026-06-13 08:02:17.426963601,0
158.2,Food,Zomato,19,5,2026-06-13 08:04:13.943865037,0
761.47,Shopping,Myntra,14,4,2026-06-13 08:04:58.467516335,0
176.17,Entertainment,JioCinema,20,6,2026-06-13 08:05:34.025761554,1
1614.88,Bills,Airtel,22,5,2026-06-13 08:06:14.227712558,0
161.77,Food,Zomato,16,6,2026-06-13 08:09:00.612013963,0
190.84,Food,Zomato,16,4,2026-06-13 08:12:52.774334819,0
560.52,Shopping,Ajio,19,4,2026-06-13 08:36:22.132937441,0
147.23,Food,Local Cafe,10,6,2026-06-13 08:46:28.573445179,0
222.46,Food,Local Cafe,8,5,2026-06-13 09:15:59.005227001,0
141.7,Food,KFC,19,3,2026-06-13 09:17:14.009817947,0
55.56,Food,Swiggy,12,0,2026-06-13 09:22:23.414384378,0
277.36,Food,Dominos,8,1,2026-06-13 09:24:44.236306774,0
102.98,Food,KFC,12,3,2026-06-13 09:31:47.450617390,0
11.36,Travel,RedBus,12,1,2026-06-13 09:32:08.947112660,0
691.46,Shopping,Meesho,22,6,2026-06-13 09:51:12.906028807,0
1023.29,Shopping,Ajio,17,0,2026-06-13 09:57:53.559326028,0
203.09,Food,Dominos,14,6,2026-06-13 10:04:20.473994863,0
341.48,Entertainment,Netflix,22,2,2026-06-13 10:07:23.020308142,0
237.74,Shopping,Flipkart,20,6,2026-06-13 10:09:53.995404685,0
56.57,Food,Swiggy,13,5,2026-06-13 10:16:24.660834532,0
668.65,Bills,PhonePe,20,3,2026-06-13 10:26:56.062063171,0
238.62,Food,KFC,12,6,2026-06-13 10:34:19.100239398,0
195.33,Food,Zomato,10,0,2026-06-13 10:38:30.619628556,0
693.29,Shopping,Amazon,10,5,2026-06-13 10:40:39.892063653,0
214.65,Entertainment,Hotstar,17,3,2026-06-13 10:43:16.277523002,0
407.15,Shopping,Meesho,13,6,2026-06-13 10:46:12.082317447,0
876.8,Bills,Jio,17,4,2026-06-13 10:49:37.893969751,0
186.17,Entertainment,Spotify,17,6,2026-06-13 10:56:23.779689578,0
119.81,Food,Local Cafe,6,3,2026-06-13 10:56:57.723163890,0
183.05,Food,Zomato,7,2,2026-06-13 11:03:22.852636199,0
430.04,Shopping,Amazon,14,2,2026-06-13 11:08:21.726054777,0
587.85,Shopping,Flipkart,9,1,2026-06-13 11:15:30.512213362,0
10.0,Shopping,Amazon,16,3,2026-06-13 11:19:10.962220863,0
220.71,Entertainment,JioCinema,14,6,2026-06-13 11:30:05.370382610,0
704.29,Bills,GooglePay,15,4,2026-06-13 11:45:45.470357727,0
1391.25,Bills,Paytm,11,6,2026-06-13 11:51:54.996170562,0
31.41,Food,Zomato,16,2,2026-06-13 11:55:55.967088682,0
326.22,Travel,Ola,19,1,2026-06-13 11:57:02.776064260,0
288.48,Entertainment,Hotstar,22,6,2026-06-13 11:59:46.800564003,0
280.14,Travel,Ola,19,4,2026-06-13 12:00:32.590808197,0
128.21,Food,Zomato,14,4,2026-06-13 12:01:19.626062131,0
1152.42,Bills,Paytm,9,6,2026-06-13 12:02:05.415121104,0
193.25,Food,KFC,17,4,2026-06-13 12:02:22.782307186,0
199.53,Food,Dominos,21,0,2026-06-13 12:03:29.615161412,0
119.96,Food,Zomato,9,2,2026-06-13 12:13:24.682321204,0
601.07,Bills,Jio,10,0,2026-06-13 12:19:25.954865960,0
917.63,Bills,Paytm,8,0,2026-06-13 12:21:57.640989892,1
227.71,Food,Local Cafe,4,2,2026-06-13 12:43:02.696291176,1
111.42,Shopping,Amazon,12,3,2026-06-13 12:44:40.863043027,0
480.7,Shopping,Myntra,7,5,2026-06-13 12:47:00.426110743,0
363.45,Shopping,Meesho,20,1,2026-06-13 12:58:42.740073696,0
154.2,Food,Dominos,14,6,2026-06-13 13:03:48.800115829,0
733.95,Shopping,Flipkart,12,5,2026-06-13 13:17:36.170237592,0
142.39,Travel,Rapido,12,5,2026-06-13 13:18:39.670137050,0
202.55,Food,Local Cafe,11,5,2026-06-13 13:25:58.304428283,0
122.53,Food,Zomato,13,5,2026-06-13 13:33:22.435224314,0
842.66,Shopping,Unknown Merchant,12,2,2026-06-13 13:36:08.213347443,1
126.53,Entertainment,Spotify,14,5,2026-06-13 13:44:39.624112663,0
1182.37,Bills,Paytm,19,1,2026-06-13 13:55:24.993045131,0
318.43,Bills,GooglePay,17,6,2026-06-13 14:01:06.493647507,0
567.58,Shopping,Meesho,11,3,2026-06-13 14:03:41.939608258,0
703.79,Shopping,Amazon,14,2,2026-06-13 14:05:31.569602829,0
93.19,Food,Dominos,20,5,2026-06-13 14:22:40.303940140,0
10.0,Bills,Jio,7,4,2026-06-13 14:25:33.033935331,0
157.61,Entertainment,YouTube,7,6,2026-06-13 14:26:45.468309871,0
825.29,Bills,GooglePay,14,2,2026-06-13 14:27:29.737199914,0
172.42,Entertainment,Spotify,16,3,2026-06-13 14:37:43.563542110,0
594.36,Bills,Airtel,9,5,2026-06-13 14:40:05.791523414,0
221.81,Food,Swiggy,18,0,2026-06-13 14:49:37.760188870,0
325.62,Entertainment,Netflix,16,2,2026-06-13 15:14:19.828395790,0
245.02,Food,Zomato,21,6,2026-06-13 15:25:02.807613225,0
648.99,Shopping,Flipkart,8,6,2026-06-13 16:25:42.284495703,0
200.81,Food,Local Cafe,19,4,2026-06-13 16:36:01.162569557,0
80.65,Food,KFC,7,6,2026-06-13 16:40:14.704696785,0
491.09,Shopping,Myntra,15,2,2026-06-13 16:52:12.438457344,0
161.54,Food,KFC,14,0,2026-06-13 16:54:44.992228312,0
599.24,Shopping,Myntra,12,2,2026-06-13 16:59:51.947207869,0
593.86,Shopping,Myntra,20,4,2026-06-13 17:05:34.131359692,0
155.26,Food,Swiggy,6,3,2026-06-13 17:07:10.076006159,0
188.77,Food,Dominos,14,4,2026-06-13 17:17:04.417895708,0
580.24,Shopping,Myntra,10,3,2026-06-13 17:18:10.343177695,0
171.21,Food,Zomato,18,4,2026-06-13 17:24:28.971071123,0
540.4,Bills,Paytm,6,1,2026-06-13 17:39:52.152614856,0
367.43,Bills,PhonePe,19,2,2026-06-13 17:49:28.547750916,0
367.17,Travel,Ola,19,6,2026-06-13 17:49:52.473310331,0
646.87,Bills,Jio,19,2,2026-06-13 17:53:18.834118054,0
318.17,Shopping,Flipkart,8,0,2026-06-13 17:55:29.673346444,0
1082.6,Bills,PhonePe,16,1,2026-06-13 18:00:15.290771433,0
148.47,Food,Zomato,6,0,2026-06-13 18:01:08.819499809,0
263.61,Food,KFC,20,2,2026-06-13 18:02:59.242752387,0
418.42,Travel,RedBus,18,0,2026-06-13 18:14:49.750288581,0
288.0,Shopping,Amazon,14,3,2026-06-13 18:23:10.349133813,0
443.92,Travel,Rapido,18,1,2026-06-13 18:31:06.553057764,0
387.04,Travel,IRCTC,7,6,2026-06-13 18:42:35.016321005,0
125.85,Entertainment,Netflix,14,4,2026-06-13 18:42:58.566972507,0
150.05,Entertainment,Spotify,11,3,2026-06-13 18:56:58.801985781,0
700.73,Shopping,Myntra,22,5,2026-06-13 19:22:31.026514380,0
16.79,Food,Swiggy,20,4,2026-06-13 19:24:33.816814899,0
10.0,Shopping,Flipkart,18,0,2026-06-13 19:46:42.500232469,0
562.36,Shopping,Flipkart,21,2,2026-06-13 19:59:24.411599516,0
853.04,Bills,GooglePay,12,3,2026-06-13 20:07:10.996982630,0
918.37,Bills,GooglePay,20,1,2026-06-13 20:10:31.194130520,0
7740.5,Bills,GooglePay,12,4,2026-06-13 20:11:19.967885821,1
641.42,Shopping,Amazon,18,5,2026-06-13 20:16:12.835775991,0
251.75,Food,Local Cafe,18,3,2026-06-13 20:20:23.566381803,0
513.37,Shopping,Flipkart,6,6,2026-06-13 20:25:15.465192255,0
40.71,Food,KFC,12,6,2026-06-13 20:28:14.426145596,0
23.18,Entertainment,Netflix,6,2,2026-06-13 20:29:44.258896747,0
125.95,Food,KFC,22,1,2026-06-13 20:31:50.178789034,0
127.93,Food,Swiggy,8,1,2026-06-13 20:32:52.036842216,0
52.05,Food,Dominos,14,4,2026-06-13 20:39:54.010138728,0
10.0,Bills,GooglePay,19,3,2026-06-13 20:51:21.126080399,0
651.5,Bills,Jio,9,3,2026-06-13 20:52:28.139787896,0
289.04,Food,KFC,13,1,2026-06-13 20:56:29.708763781,0
184.32,Food,KFC,15,6,2026-06-13 21:15:09.867711191,0
601.63,Shopping,Amazon,8,0,2026-06-13 21:35:52.283748263,0
139.73,Food,Zomato,19,1,2026-06-13 21:39:32.077205263,0
679.09,Bills,GooglePay,11,2,2026-06-13 21:39:49.820539357,0
1012.35,Bills,GooglePay,9,3,2026-06-13 21:45:34.607115095,0
163.04,Shopping,Myntra,14,6,2026-06-13 21:48:44.771257714,0
313.65,Food,KFC,12,4,2026-06-13 22:01:54.833550517,0
94.25,Entertainment,JioCinema,21,3,2026-06-13 22:08:32.602875407,0
687.0,Shopping,Amazon,20,6,2026-06-13 22:30:48.316378390,0
409.35,Bills,PhonePe,13,1,2026-06-13 22:31:41.124397524,0
162.82,Food,Zomato,12,2,2026-06-13 22:32:06.563886650,0
720.23,Shopping,Meesho,12,0,2026-06-13 22:34:03.442280649,0
26.98,Food,Dominos,11,6,2026-06-13 22:40:38.558436808,0
236.11,Shopping,Ajio,14,6,2026-06-13 22:46:36.809850783,0
117.97,Entertainment,Netflix,19,3,2026-06-13 22:55:38.189008371,0
433.09,Shopping,Ajio,12,1,2026-06-13 22:56:31.987919393,0
172.56,Food,Zomato,9,5,2026-06-13 22:59:15.550581022,0
291.04,Food,Local Cafe,13,1,2026-06-13 23:02:50.251299773,0
347.68,Shopping,Flipkart,7,1,2026-06-13 23:21:10.872703807,0
284.67,Food,Swiggy,18,2,2026-06-13 23:29:01.254961631,0
181.42,Food,Swiggy,14,1,2026-06-13 23:30:58.991873799,0
82.45,Travel,IRCTC,13,6,2026-06-13 23:32:33.422228851,0
462.83,Shopping,Amazon,11,1,2026-06-13 23:39:25.620563072,0
41.9,Food,Local Cafe,20,1,2026-06-13 23:40:15.259604728,0
169.99,Entertainment,Netflix,2,3,2026-06-13 23:41:30.335650287,1
120.69,Food,Swiggy,20,1,2026-06-13 23:41:31.902461052,0
217.68,Entertainment,Spotify,12,2,2026-06-13 23:43:20.492589601,0
200.15,Food,KFC,20,5,2026-06-13 23:52:26.183623733,0
195.12,Entertainment,YouTube,18,3,2026-06-13 23:57:56.049184096,0
404.59,Bills,GooglePay,7,6,2026-06-13 23:59:02.041123512,0
748.19,Travel,RedBus,19,5,2026-06-14 00:02:04.670848635,0
341.52,Entertainment,Netflix,17,1,2026-06-14 00:04:54.713867914,0
297.35,Food,Swiggy,6,0,2026-06-14 00:05:35.018605537,0
185.47,Entertainment,Spotify,8,5,2026-06-14 00:18:59.736065526,0
604.22,Shopping,Amazon,16,2,2026-06-14 00:30:30.981554278,0
440.28,Shopping,Meesho,17,0,2026-06-14 00:49:52.047943859,0
164.79,Food,Dominos,19,2,2026-06-14 00:58:06.208256999,0
571.29,Shopping,Flipkart,18,6,2026-06-14 00:58:21.091612923,0
53.14,Food,Swiggy,17,0,2026-06-14 01:02:14.668370311,0
415.33,Shopping,Flipkart,19,1,2026-06-14 01:04:41.795186626,0
815.23,Shopping,Amazon,15,0,2026-06-14 01:05:04.731995983,0
490.6,Travel,Rapido,10,6,2026-06-14 01:05:18.254454839,0
240.02,Travel,RedBus,21,5,2026-06-14 01:05:43.385806651,0
577.03,Shopping,Flipkart,6,0,2026-06-14 01:10:59.220799009,0
131.72,Food,Swiggy,12,2,2026-06-14 01:16:27.038904488,0
203.37,Food,Dominos,18,1,2026-06-14 01:22:17.827364052,0
26.4,Food,Swiggy,13,2,2026-06-14 01:24:36.968001947,0
192.7,Food,Dominos,6,1,2026-06-14 01:35:41.111735220,0
269.44,Food,Zomato,7,5,2026-06-14 01:42:02.801679222,0
97.28,Food,Swiggy,16,4,2026-06-14 02:09:59.856663051,0
332.86,Entertainment,Hotstar,22,3,2026-06-14 02:28:13.288117660,0
592.11,Shopping,Flipkart,14,5,2026-06-14 02:42:53.729885373,0
145.9,Food,KFC,13,6,2026-06-14 02:53:52.856046763,0
407.83,Shopping,Ajio,12,5,2026-06-14 02:59:30.991247595,0
259.53,Food,Local Cafe,10,3,2026-06-14 03:01:20.869566117,0
432.39,Shopping,Amazon,6,2,2026-06-14 03:04:35.854057784,0
1466.67,Bills,PhonePe,11,5,2026-06-14 03:17:03.879851557,0
957.36,Shopping,Myntra,13,1,2026-06-14 03:21:44.763129711,0
366.52,Shopping,Myntra,9,0,2026-06-14 03:28:28.765526441,0
184.54,Entertainment,Netflix,7,5,2026-06-14 03:36:58.429613344,0
18.67,Entertainment,YouTube,18,3,2026-06-14 03:43:20.556923073,0
792.27,Bills,PhonePe,20,5,2026-06-14 04:13:54.266028230,0
530.49,Shopping,Amazon,21,2,2026-06-14 04:14:23.330435585,0
1266.89,Bills,Jio,16,2,2026-06-14 04:15:03.716992229,0
277.08,Food,Zomato,7,2,2026-06-14 04:15:44.558880671,0
729.62,Shopping,Flipkart,18,1,2026-06-14 04:21:05.437058921,0
235.87,Food,Local Cafe,7,6,2026-06-14 04:21:15.262601814,0
453.37,Shopping,Meesho,17,6,2026-06-14 04:39:53.002505389,0
153.29,Shopping,Flipkart,19,5,2026-06-14 04:42:24.038018087,0
174.41,Food,Swiggy,18,2,2026-06-14 04:44:09.043500388,0
314.81,Entertainment,Hotstar,21,4,2026-06-14 04:46:39.328828564,1
10.0,Entertainment,Netflix,18,0,2026-06-14 04:49:23.018427275,0
859.52,Bills,GooglePay,17,6,2026-06-14 04:53:59.777214583,0
10.0,Shopping,Ajio,10,2,2026-06-14 05:12:33.610476113,0
126.53,Entertainment,Spotify,21,6,2026-06-14 05:14:42.574463414,0
165.09,Food,Dominos,9,1,2026-06-14 05:24:28.056061066,0
621.61,Travel,Rapido,20,0,2026-06-14 05:29:53.394568314,0
153.78,Food,KFC,12,0,2026-06-14 05:40:39.779237072,0
438.93,Travel,Rapido,8,3,2026-06-14 05:49:44.459801283,0
173.62,Food,Swiggy,19,2,2026-06-14 06:13:52.278979227,0
132.06,Entertainment,Spotify,6,2,2026-06-14 06:17:59.105142330,0
248.92,Entertainment,JioCinema,19,5,2026-06-14 06:25:07.813287812,0
55.62,Food,Local Cafe,10,1,2026-06-14 06:25:56.957372241,0
509.91,Shopping,Flipkart,20,4,2026-06-14 06:33:14.107785784,0
334.69,Entertainment,JioCinema,17,5,2026-06-14 06:39:34.437819126,0
565.01,Shopping,Amazon,17,4,2026-06-14 06:51:20.096259314,0
229.57,Entertainment,Spotify,12,3,2026-06-14 07:01:23.741404925,0
409.54,Shopping,Flipkart,7,6,2026-06-14 07:11:06.504737526,1
54.67,Shopping,Meesho,19,6,2026-06-14 07:25:57.156103907,0
134.53,Food,Swiggy,9,4,2026-06-14 07:33:24.149257671,0
221.74,Food,KFC,12,6,2026-06-14 07:34:15.765039740,0
384.46,Travel,Uber,15,1,2026-06-14 07:55:20.671328472,0
161.41,Shopping,Flipkart,13,6,2026-06-14 08:01:26.919900953,0
10.0,Shopping,Ajio,9,3,2026-06-14 08:04:43.859181384,0
292.92,Shopping,Meesho,8,2,2026-06-14 08:19:15.002774352,0
444.94,Shopping,Myntra,8,4,2026-06-14 08:22:18.252512502,0
188.5,Entertainment,Spotify,20,1,2026-06-14 08:25:52.956583440,0
189.79,Entertainment,Netflix,6,1,2026-06-14 08:26:39.181173257,0
511.27,Shopping,Myntra,22,2,2026-06-14 08:33:12.355542776,0
391.27,Travel,Uber,9,6,2026-06-14 08:45:36.838989833,0
226.59,Travel,Uber,7,1,2026-06-14 08:49:40.767487218,0
231.02,Shopping,Myntra,15,3,2026-06-14 08:51:09.101032491,0
257.34,Entertainment,Hotstar,7,3,2026-06-14 08:53:36.838969186,0
223.84,Food,Local Cafe,15,5,2026-06-14 08:56:45.671296551,0
108.35,Food,Zomato,20,0,2026-06-14 09:08:35.349974134,0
405.45,Entertainment,Netflix,7,2,2026-06-14 09:10:36.672102790,0
962.84,Shopping,Flipkart,19,6,2026-06-14 09:14:05.627927743,0
86.86,Travel,IRCTC,12,1,2026-06-14 09:25:58.388315437,0
734.89,Entertainment,Spotify,8,4,2026-06-14 09:28:32.342225854,1
138.67,Food,Zomato,9,5,2026-06-14 09:37:34.966904412,0
230.23,Entertainment,YouTube,21,3,2026-06-14 09:39:00.524329113,0
1110.66,Shopping,Amazon,7,2,2026-06-14 09:39:04.183297960,0
1097.63,Shopping,Flipkart,20,6,2026-06-14 09:44:30.129504217,0
1078.9,Bills,Paytm,14,2,2026-06-14 09:47:10.660510384,0
165.25,Entertainment,Spotify,6,6,2026-06-14 09:53:02.432105295,0
247.32,Food,KFC,13,3,2026-06-14 09:54:34.145587116,0
546.65,Shopping,Amazon,19,0,2026-06-14 10:00:04.987982852,0
294.85,Bills,PhonePe,18,2,2026-06-14 10:00:55.641353369,0
308.19,Bills,Paytm,13,1,2026-06-14 10:10:03.421229970,0
663.56,Bills,Paytm,20,4,2026-06-14 10:10:37.471360265,0
231.76,Food,Local Cafe,8,4,2026-06-14 10:12:07.337129868,0
70.75,Food,Dominos,21,3,2026-06-14 10:13:38.221383989,0
397.04,Shopping,Meesho,20,2,2026-06-14 10:26:01.884416706,0
606.48,Travel,Uber,18,4,2026-06-14 10:29:58.008245933,0
183.64,Food,KFC,19,2,2026-06-14 10:34:43.469353815,0
297.85,Food,KFC,14,3,2026-06-14 10:39:59.551318654,0
254.0,Entertainment,Netflix,17,0,2026-06-14 10:40:08.447191976,0
234.97,Food,KFC,14,4,2026-06-14 10:44:44.660191485,0
167.65,Entertainment,Spotify,12,1,2026-06-14 10:49:57.750043789,0
1445.19,Bills,Jio,15,5,2026-06-14 10:53:49.632263448,0
445.85,Travel,Uber,10,3,2026-06-14 10:55:54.371017445,0
143.35,Food,Local Cafe,13,5,2026-06-14 10:57:51.065171264,0
260.19,Food,Zomato,11,0,2026-06-14 10:59:08.378667798,0
1072.65,Bills,Paytm,8,1,2026-06-14 11:15:28.642474085,0
302.82,Travel,RedBus,12,5,2026-06-14 11:27:04.811946896,0
1028.38,Bills,Jio,20,1,2026-06-14 11:36:07.491473009,0
84.85,Food,Dominos,12,4,2026-06-14 11:41:16.861766490,0
544.11,Travel,RedBus,19,2,2026-06-14 11:50:19.671198565,0
702.71,Travel,IRCTC,9,3,2026-06-14 12:06:42.375698964,0
190.73,Bills,Jio,13,1,2026-06-14 12:07:08.587636992,0
193.72,Travel,Rapido,7,4,2026-06-14 12:10:02.862330419,0
177.8,Travel,Uber,8,0,2026-06-14 12:27:29.574986522,0
1118.54,Bills,GooglePay,16,6,2026-06-14 12:29:40.271489288,0
169.91,Food,Zomato,15,1,2026-06-14 12:40:21.835514795,0
382.65,Shopping,Flipkart,9,0,2026-06-14 12:44:21.543388173,0
130.16,Food,Dominos,13,3,2026-06-14 12:51:43.727177345,0
356.01,Shopping,Amazon,20,4,2026-06-14 12:56:48.279732742,0
697.59,Shopping,Myntra,9,0,2026-06-14 12:59:19.366096277,0
168.58,Food,KFC,6,2,2026-06-14 13:08:04.399464853,0
126.4,Food,KFC,16,5,2026-06-14 13:10:28.158776032,0
112.97,Food,Dominos,7,0,2026-06-14 13:22:49.211969424,0
579.57,Travel,Rapido,22,0,2026-06-14 13:24:35.098775852,0
319.12,Entertainment,Netflix,2,4,2026-06-14 13:28:06.073092748,1
203.68,Food,Local Cafe,13,4,2026-06-14 13:35:43.773722180,0
306.8,Entertainment,YouTube,13,1,2026-06-14 13:35:44.325950244,0
123.79,Shopping,Meesho,15,5,2026-06-14 13:36:10.151344486,0
70.09,Food,Dominos,7,0,2026-06-14 13:45:51.121865659,0
62.11,Food,Swiggy,21,0,2026-06-14 13:48:05.766786465,0
513.37,Shopping,Myntra,16,4,2026-06-14 13:53:47.308824906,0
521.0,Travel,RedBus,9,6,2026-06-14 13:55:16.910631551,0
648.99,Bills,Jio,15,2,2026-06-14 14:00:12.707098206,0
250.61,Food,Zomato,8,6,2026-06-14 14:05:27.106586242,0
107.32,Food,Swiggy,6,4,2026-06-14 14:43:34.932640527,0
471.46,Shopping,Ajio,16,2,2026-06-14 14:47:51.672399869,0
118.92,Food,Swiggy,16,5,2026-06-14 14:51:09.801079182,0
136.31,Food,KFC,15,6,2026-06-14 14:53:24.656965156,0
144.71,Food,Swiggy,9,4,2026-06-14 15:09:49.622998803,0
10.0,Travel,Uber,4,5,2026-06-14 15:10:02.853550929,1
239.17,Entertainment,Netflix,7,3,2026-06-14 15:14:34.129794301,0
473.24,Shopping,Flipkart,16,0,2026-06-14 15:15:42.601160881,0
361.03,Entertainment,Spotify,14,5,2026-06-14 15:30:05.596070037,0
6760.02,Food,Zomato,17,2,2026-06-14 15:33:21.660266779,1
603.96,Shopping,Flipkart,20,3,2026-06-14 15:46:02.740244937,0
272.99,Food,Local Cafe,20,2,2026-06-14 15:59:46.386327872,0
1365.64,Bills,GooglePay,22,1,2026-06-14 16:00:13.552384341,0
366.42,Entertainment,Netflix,22,1,2026-06-14 16:26:04.601359414,0
609.57,Bills,PhonePe,19,0,2026-06-14 16:27:21.983673109,0
163.73,Shopping,Amazon,22,3,2026-06-14 16:35:54.610032841,0
118.09,Bills,Jio,20,3,2026-06-14 16:36:29.750060097,0
234.2,Food,Swiggy,18,1,2026-06-14 16:39:04.999175720,0
15.71,Entertainment,Netflix,7,0,2026-06-14 16:39:13.284493790,0
574.18,Shopping,Ajio,7,5,2026-06-14 16:50:02.142713331,0
765.97,Shopping,Ajio,19,1,2026-06-14 16:50:10.822436070,0
64.63,Shopping,Meesho,13,3,2026-06-14 17:05:35.884884426,0
430.29,Bills,Airtel,19,2,2026-06-14 17:06:41.206222098,0
247.05,Food,Dominos,12,6,2026-06-14 17:14:05.302885651,0
1013.16,Bills,GooglePay,12,3,2026-06-14 17:15:43.251256780,0
246.52,Food,Dominos,17,0,2026-06-14 17:20:17.974732222,0
907.62,Bills,PhonePe,21,3,2026-06-14 17:33:49.026494279,0
119.97,Travel,Uber,7,4,2026-06-14 17:38:14.336327612,0
217.31,Travel,RedBus,20,3,2026-06-14 17:54:53.113451874,0
781.69,Shopping,Flipkart,19,4,2026-06-14 18:01:41.476345088,0
41.07,Shopping,Amazon,12,1,2026-06-14 18:08:33.581067195,0
110.68,Food,Local Cafe,12,5,2026-06-14 18:15:16.361390465,0
174.59,Travel,Rapido,7,4,2026-06-14 18:30:51.444823019,0
145.78,Food,Swiggy,6,3,2026-06-14 18:34:02.623052304,0
696.04,Shopping,Myntra,13,5,2026-06-14 18:37:02.718976343,0
244.16,Food,Zomato,7,6,2026-06-14 18:40:23.786035459,0
45.0,Shopping,Flipkart,9,5,2026-06-14 18:47:50.858195077,1
464.66,Bills,GooglePay,20,3,2026-06-14 18:48:30.335908159,0
52.99,Food,KFC,15,3,2026-06-14 18:51:24.251589309,0
794.6,Bills,PhonePe,16,6,2026-06-14 18:58:34.959616141,0
61.46,Food,Zomato,9,0,2026-06-14 19:11:04.346784817,0
180.68,Food,KFC,19,1,2026-06-14 19:12:42.704949626,0
202.67,Shopping,Ajio,20,4,2026-06-14 19:21:28.097466984,0
256.38,Food,KFC,14,2,2026-06-14 19:30:25.497610394,0
15.95,Food,Swiggy,21,4,2026-06-14 19:38:12.067437329,0
477.39,Bills,PhonePe,20,3,2026-06-14 19:40:59.148650005,0
284.18,Food,Zomato,18,2,2026-06-14 19:46:25.051257421,0
343.81,Travel,Rapido,18,2,2026-06-14 19:52:21.343442108,0
111.97,Food,Zomato,7,4,2026-06-14 19:53:49.754817435,0
371.47,Food,Local Cafe,11,6,2026-06-14 19:58:07.978329318,0
699.38,Bills,GooglePay,7,4,2026-06-14 20:27:09.260071375,0
198.89,Food,Swiggy,6,4,2026-06-14 20:30:18.669154846,0
88.68,Food,Swiggy,8,4,2026-06-14 20:35:50.428451172,0
220.06,Shopping,Flipkart,20,6,2026-06-14 20:46:45.857353474,0
203.88,Food,Local Cafe,10,6,2026-06-14 21:00:03.044435373,0
657.45,Travel,Ola,22,1,2026-06-14 21:00:15.979916239,0
482.3,Food,Local Cafe,15,0,2026-06-14 21:00:42.677503912,1
99.8,Travel,Rapido,10,0,2026-06-14 21:11:38.008220066,0
303.32,Entertainment,Spotify,13,4,2026-06-14 21:19:34.455484185,0
372.62,Shopping,Amazon,10,0,2026-06-14 21:28:55.078990840,0
239.76,Entertainment,Netflix,22,4,2026-06-14 21:36:55.964345211,0
361.18,Shopping,Flipkart,20,4,2026-06-14 21:48:30.221030182,0
169.3,Entertainment,YouTube,6,4,2026-06-14 21:56:00.857975738,0
82.54,Food,Zomato,21,5,2026-06-14 22:05:58.763168789,0
1080.81,Bills,Paytm,18,1,2026-06-14 22:24:14.370511161,0
628.51,Shopping,Ajio,7,3,2026-06-14 23:20:53.119822317,0
617.55,Shopping,Flipkart,17,0,2026-06-14 23:33:12.455887224,0
531.04,Bills,Paytm,2,0,2026-06-14 23:38:47.185563216,1
934.6,Bills,PhonePe,10,1,2026-06-14 23:40:05.147063416,0
306.24,Food,Zomato,19,1,2026-06-14 23:56:14.719299224,0
70.41,Food,Swiggy,7,4,2026-06-14 23:58:03.900022261,0
496.08,Bills,Airtel,13,4,2026-06-15 00:16:07.796264861,0
515.99,Bills,GooglePay,6,5,2026-06-15 00:18:12.539272305,0
213.0,Entertainment,YouTube,22,5,2026-06-15 00:35:18.209979002,0
87.39,Travel,IRCTC,19,3,2026-06-15 00:52:22.779907038,0
253.43,Entertainment,Hotstar,8,0,2026-06-15 00:53:38.951946000,0
92.63,Bills,Paytm,12,1,2026-06-15 00:55:40.708319872,0
216.41,Food,KFC,8,3,2026-06-15 01:01:39.601454891,0
179.83,Food,Local Cafe,19,0,2026-06-15 01:05:58.604533246,0
684.7,Travel,IRCTC,7,3,2026-06-15 01:06:22.719244758,0
418.78,Bills,PhonePe,20,3,2026-06-15 01:10:33.430781688,0
236.25,Food,Swiggy,21,6,2026-06-15 01:18:45.128510001,0
474.13,Shopping,Flipkart,17,4,2026-06-15 01:24:14.118666699,0
171.52,Entertainment,Netflix,9,3,2026-06-15 01:24:17.841373080,0
200.82,Shopping,Flipkart,12,4,2026-06-15 01:31:52.793187477,0
365.33,Shopping,Amazon,13,0,2026-06-15 01:34:31.649134330,0
378.17,Shopping,Flipkart,15,5,2026-06-15 01:35:43.378764370,0
34.36,Food,Dominos,17,0,2026-06-15 01:50:53.892859979,0
608.57,Shopping,Flipkart,14,4,2026-06-15 01:51:27.472355324,0
567.58,Shopping,Flipkart,12,5,2026-06-15 02:06:54.862055711,0
198.54,Food,Dominos,20,6,2026-06-15 02:08:22.724703661,0
185.1,Travel,Rapido,7,2,2026-06-15 02:18:04.463065191,0
761.51,Shopping,Ajio,13,5,2026-06-15 02:19:33.787882842,0
578.29,Travel,IRCTC,19,3,2026-06-15 02:51:16.676969428,0
178.78,Entertainment,JioCinema,7,0,2026-06-15 02:58:21.139944614,0
75.23,Food,Local Cafe,18,6,2026-06-15 03:11:08.912130624,0
831.03,Bills,Jio,19,3,2026-06-15 03:14:21.687358329,0
509.32,Shopping,Meesho,17,6,2026-06-15 03:36:20.640861889,0
183.82,Entertainment,Hotstar,6,5,2026-06-15 03:40:26.694179202,0
198.74,Food,KFC,9,2,2026-06-15 03:40:41.308109010,0
667.25,Bills,Jio,12,3,2026-06-15 03:42:14.325196367,0
397.12,Bills,Paytm,10,2,2026-06-15 03:50:17.090430239,0
163.46,Food,Zomato,22,1,2026-06-15 03:55:55.919543700,0
202.83,Food,KFC,16,2,2026-06-15 04:16:44.105679374,0
1099.02,Bills,PhonePe,11,0,2026-06-15 04:17:15.172111322,0
641.98,Bills,PhonePe,21,5,2026-06-15 04:17:17.228253361,0
174.72,Food,Swiggy,18,4,2026-06-15 04:49:51.609569272,0
1369.58,Bills,Airtel,11,4,2026-06-15 04:50:13.442524973,0
924.13,Shopping,Flipkart,12,3,2026-06-15 04:50:28.613387285,0
1244.36,Bills,Jio,9,5,2026-06-15 04:57:38.963116573,0
29.94,Food,KFC,22,6,2026-06-15 04:58:01.450175632,0
167.69,Entertainment,Hotstar,14,1,2026-06-15 05:05:20.532676032,0
256.85,Food,KFC,20,3,2026-06-15 05:05:20.563962689,0
48.25,Shopping,Amazon,12,2,2026-06-15 05:10:27.779694397,0
146.01,Food,Swiggy,20,4,2026-06-15 05:12:01.111417994,0
102.81,Food,Swiggy,7,2,2026-06-15 05:24:44.428109174,0
599.31,Shopping,Amazon,22,4,2026-06-15 05:30:30.610128931,0
10.0,Food,Dominos,21,4,2026-06-15 06:01:40.323834328,0
544.36,Travel,Uber,12,4,2026-06-15 06:07:08.609213543,0
149.82,Food,Zomato,19,5,2026-06-15 06:10:57.311465838,0
179.77,Shopping,Amazon,19,6,2026-06-15 06:17:09.802746806,0
92.15,Food,Swiggy,20,6,2026-06-15 06:25:45.783282800,0
179.33,Food,KFC,11,6,2026-06-15 06:27:14.072763825,0
86.34,Food,Dominos,13,0,2026-06-15 06:35:09.471126672,0
1023.95,Shopping,Meesho,20,5,2026-06-15 06:38:50.576605853,0
464.1,Shopping,Flipkart,19,2,2026-06-15 06:39:17.329690624,0
9801.21,Shopping,Amazon,12,6,2026-06-15 06:41:33.688768984,1
550.99,Shopping,Amazon,20,5,2026-06-15 06:41:41.660726507,0
710.55,Shopping,Ajio,7,6,2026-06-15 06:45:16.468868584,0
200.95,Food,KFC,19,3,2026-06-15 06:55:17.448934315,0
357.46,Shopping,Amazon,9,1,2026-06-15 06:58:28.027348520,0
271.52,Entertainment,Netflix,11,3,2026-06-15 07:00:17.300346739,0
381.99,Shopping,Amazon,13,5,2026-06-15 07:02:19.491892167,0
165.12,Bills,Paytm,13,2,2026-06-15 07:23:37.220664011,0
133.41,Food,Local Cafe,14,1,2026-06-15 07:25:08.056032488,0
60.41,Travel,IRCTC,14,3,2026-06-15 07:26:56.733513701,0
214.69,Travel,Rapido,12,1,2026-06-15 07:29:41.493966636,0
489.52,Shopping,Amazon,9,2,2026-06-15 07:52:44.271216575,0
109.27,Entertainment,Netflix,19,4,2026-06-15 08:12:09.629817407,0
194.7,Food,KFC,12,2,2026-06-15 08:29:39.651302426,0
117.63,Food,KFC,13,6,2026-06-15 09:01:31.569892623,0
55.12,Travel,Ola,16,0,2026-06-15 09:09:31.648557932,0
121.45,Travel,IRCTC,21,1,2026-06-15 09:12:47.992455079,0
158.62,Food,KFC,18,2,2026-06-15 09:14:11.325598561,0
130.01,Food,KFC,6,4,2026-06-15 09:14:37.015574211,0
173.37,Food,Local Cafe,19,4,2026-06-15 09:25:40.736799413,0
159.19,Food,KFC,22,2,2026-06-15 09:28:40.203159849,0
104.41,Travel,Ola,13,3,2026-06-15 09:29:45.622666867,0
316.27,Shopping,Flipkart,22,2,2026-06-15 09:34:32.192606836,0
219.02,Food,Swiggy,14,4,2026-06-15 09:35:06.234201310,0
250.98,Shopping,Flipkart,13,2,2026-06-15 09:41:16.363614477,0
273.4,Food,Swiggy,12,0,2026-06-15 09:43:34.680444186,0
36.41,Food,KFC,17,3,2026-06-15 09:46:30.362844190,0
1130.74,Bills,GooglePay,10,2,2026-06-15 09:53:14.278869586,0
189.6,Entertainment,Netflix,7,4,2026-06-15 10:00:02.230652930,0
105.57,Travel,Rapido,6,2,2026-06-15 10:04:47.880800429,0
156.37,Food,Local Cafe,11,6,2026-06-15 10:30:01.541533682,0
119.98,Entertainment,YouTube,12,2,2026-06-15 10:32:18.240316180,0
189.46,Travel,RedBus,14,1,2026-06-15 10:47:00.739440229,0
223.67,Travel,RedBus,11,2,2026-06-15 10:48:54.917787882,0
722.04,Shopping,Flipkart,22,0,2026-06-15 11:00:58.000036404,0
312.27,Shopping,Amazon,11,4,2026-06-15 11:05:35.536611565,0
581.38,Food,Dominos,13,5,2026-06-15 11:15:43.022765199,1
212.51,Food,Zomato,7,1,2026-06-15 11:19:15.941616016,0
154.19,Food,KFC,10,5,2026-06-15 11:20:26.982343512,0
180.5,Food,KFC,7,2,2026-06-15 11:35:12.809424207,0
487.82,Shopping,Flipkart,14,6,2026-06-15 11:35:43.253048851,0
1014.72,Bills,PhonePe,19,3,2026-06-15 11:42:58.656322008,0
125.13,Shopping,Meesho,9,0,2026-06-15 11:51:48.017820362,0
264.69,Food,KFC,12,0,2026-06-15 11:52:38.858189308,0
14.03,Entertainment,JioCinema,6,6,2026-06-15 11:56:05.124926773,0
131.52,Entertainment,Hotstar,20,0,2026-06-15 12:01:14.465813894,0
281.15,Travel,Ola,19,6,2026-06-15 12:09:10.039720120,0
14.17,Entertainment,Spotify,7,1,2026-06-15 12:10:24.141807010,0
347.69,Shopping,Flipkart,12,6,2026-06-15 12:16:06.732250382,0
227.17,Entertainment,YouTube,22,6,2026-06-15 12:16:48.282254412,0
277.26,Food,Local Cafe,12,2,2026-06-15 12:32:05.576163460,0
675.15,Shopping,Myntra,14,0,2026-06-15 12:36:17.616451533,0
115.18,Food,Swiggy,12,2,2026-06-15 12:53:06.702607469,0
30.63,Food,KFC,15,3,2026-06-15 12:57:52.991491247,0
253.62,Food,Local Cafe,22,6,2026-06-15 12:58:27.381052599,0
607.91,Bills,GooglePay,22,2,2026-06-15 13:08:28.991042109,0
353.77,Travel,RedBus,19,5,2026-06-15 13:12:40.357988615,0
370.2,Shopping,Amazon,12,2,2026-06-15 13:18:50.749979984,0
181.4,Food,Zomato,13,2,2026-06-15 13:26:47.502981338,0
548.57,Travel,IRCTC,12,6,2026-06-15 13:27:34.917570654,0
1090.87,Bills,Paytm,22,4,2026-06-15 13:31:48.113467156,0
419.67,Shopping,Amazon,18,5,2026-06-15 13:39:24.823379038,0
1329.08,Bills,Paytm,13,1,2026-06-15 13:51:38.253479640,0
297.84,Food,KFC,6,6,2026-06-15 13:55:52.238363186,0
229.26,Food,Zomato,14,2,2026-06-15 13:58:22.119350449,0
159.63,Entertainment,Spotify,22,0,2026-06-15 13:58:25.654693329,0
216.33,Food,Zomato,14,6,2026-06-15 14:08:32.027093659,0
793.78,Shopping,Amazon,9,4,2026-06-15 14:32:30.368695807,0
175.03,Entertainment,Spotify,6,2,2026-06-15 14:32:44.154317974,0
1539.15,Bills,PhonePe,12,4,2026-06-15 14:34:01.707862234,0
245.24,Food,Swiggy,21,1,2026-06-15 14:34:20.808793567,0
133.95,Food,Local Cafe,3,6,2026-06-15 14:35:54.822048781,1
117.62,Food,Local Cafe,21,4,2026-06-15 14:36:28.817795848,0
1181.5,Bills,GooglePay,18,0,2026-06-15 14:48:16.907082801,0
1151.54,Shopping,Amazon,14,2,2026-06-15 14:58:45.245743268,0
54.88,Food,Swiggy,15,0,2026-06-15 15:01:58.483209566,0
244.18,Entertainment,YouTube,14,6,2026-06-15 15:26:21.604984334,0
742.78,Shopping,Flipkart,18,6,2026-06-15 15:27:11.888278332,0
248.59,Food,Zomato,12,3,2026-06-15 15:30:50.190149810,0
746.04,Shopping,Meesho,17,4,2026-06-15 15:37:29.866788830,0
612.9,Bills,GooglePay,8,4,2026-06-15 15:40:07.780787983,0
46.84,Food,Swiggy,11,4,2026-06-15 15:40:10.404150314,0
125.87,Food,Dominos,19,5,2026-06-15 15:42:54.266490728,0
456.63,Travel,RedBus,20,6,2026-06-15 15:46:50.166155127,0
329.34,Shopping,Amazon,14,6,2026-06-15 15:52:12.101093717,0
922.59,Shopping,Meesho,6,1,2026-06-15 15:53:54.850404263,0
462.28,Shopping,Meesho,21,5,2026-06-15 15:57:44.581281726,0
99.8,Food,Local Cafe,18,0,2026-06-15 16:01:56.757060453,0
10.0,Food,KFC,12,6,2026-06-15 16:20:09.617086122,0
666.75,Shopping,Amazon,15,3,2026-06-15 16:42:08.047305799,0
131.88,Food,KFC,13,1,2026-06-15 16:42:27.901008123,0
115.57,Food,Local Cafe,13,1,2026-06-15 16:52:44.241491010,0
701.69,Travel,Rapido,20,2,2026-06-15 17:01:24.414988196,0
142.54,Entertainment,Netflix,8,6,2026-06-15 17:30:53.858112227,0
232.84,Travel,Rapido,7,3,2026-06-15 17:34:00.450064496,0
257.12,Entertainment,Netflix,6,6,2026-06-15 17:35:59.838660121,0
261.25,Food,KFC,12,4,2026-06-15 17:38:37.279776065,0
247.0,Entertainment,Hotstar,8,5,2026-06-15 17:45:15.918036758,0
158.27,Food,Swiggy,10,4,2026-06-15 17:45:55.949339382,0
415.63,Entertainment,Netflix,6,6,2026-06-15 17:51:36.906579189,0
161.93,Entertainment,Netflix,10,2,2026-06-15 17:56:02.565372337,0
649.61,Bills,GooglePay,12,5,2026-06-15 17:59:08.721591392,0
143.89,Entertainment,Spotify,6,4,2026-06-15 18:19:22.968819313,0
621.51,Shopping,Myntra,15,0,2026-06-15 18:23:17.380380263,0
82.36,Food,Zomato,15,4,2026-06-15 18:23:20.731626254,0
175.39,Shopping,Flipkart,7,6,2026-06-15 18:30:38.166632738,0
398.4,Shopping,Myntra,15,5,2026-06-15 18:38:31.366850922,0
27.39,Food,Zomato,22,0,2026-06-15 18:41:02.825317335,0
907.72,Bills,Paytm,21,2,2026-06-15 18:44:04.161859225,0
240.77,Entertainment,Hotstar,6,2,2026-06-15 18:57:11.492205769,0
196.48,Food,Zomato,19,0,2026-06-15 19:09:23.652944720,0
475.32,Travel,Uber,12,5,2026-06-15 19:27:31.588633597,0
168.82,Entertainment,JioCinema,7,5,2026-06-15 19:36:03.082732164,0
325.23,Entertainment,Netflix,11,4,2026-06-15 19:38:05.604583957,0
313.65,Entertainment,Hotstar,12,2,2026-06-15 19:48:20.174197333,0
208.15,Shopping,Amazon,14,2,2026-06-15 19:51:30.835343670,0
196.24,Entertainment,YouTube,17,0,2026-06-15 20:00:10.326111738,0
10.0,Travel,Uber,19,2,2026-06-15 20:02:05.366046622,0
251.5,Food,Dominos,10,6,2026-06-15 20:02:26.489684250,0
757.15,Shopping,Flipkart,12,4,2026-06-15 20:15:37.192835776,0
1409.86,Bills,GooglePay,11,2,2026-06-15 20:17:44.090428774,0
35.87,Food,KFC,12,0,2026-06-15 20:17:52.644130097,0
999.64,Bills,Paytm,22,4,2026-06-15 20:19:16.691022750,0
600.3,Bills,Jio,19,3,2026-06-15 20:35:33.864870273,0
10.0,Food,Swiggy,22,0,2026-06-15 21:00:47.469164299,0
804.62,Shopping,Flipkart,17,3,2026-06-15 21:19:32.859147885,0
65.63,Travel,IRCTC,12,2,2026-06-15 21:28:06.686105348,0
608.73,Shopping,Amazon,12,4,2026-06-15 21:30:27.713910643,0
109.21,Food,Swiggy,13,2,2026-06-15 21:41:51.156177018,0
164.57,Food,Zomato,12,4,2026-06-15 22:21:36.957752766,0
767.56,Shopping,Amazon,19,1,2026-06-15 22:46:54.613744650,0
218.5,Entertainment,JioCinema,13,2,2026-06-15 22:58:09.024249500,0
342.13,Food,KFC,11,2,2026-06-15 23:05:48.349183006,0
454.72,Bills,GooglePay,19,2,2026-06-15 23:09:48.686967215,0
313.21,Food,Dominos,20,5,2026-06-15 23:18:44.079515285,0
126.15,Food,Swiggy,12,0,2026-06-15 23:42:49.214696419,0
161.59,Travel,Uber,17,5,2026-06-15 23:45:26.043393885,0
772.72,Bills,Jio,7,4,2026-06-15 23:45:59.021169310,0
37.46,Food,Local Cafe,14,4,2026-06-15 23:48:10.418365718,0
316.67,Shopping,Myntra,6,4,2026-06-15 23:48:51.305361888,0
130.74,Food,Zomato,6,0,2026-06-15 23:49:14.843929793,0
579.34,Shopping,Amazon,16,4,2026-06-15 23:49:27.197030705,0
7648.72,Bills,Unknown Merchant,2,5,2026-06-16 00:00:34.286927698,1
190.15,Food,Dominos,18,6,2026-06-16 00:29:29.262568030,0
147.69,Food,KFC,20,5,2026-06-16 00:29:29.912817092,0
837.03,Shopping,Meesho,8,6,2026-06-16 00:33:22.392634670,0
267.7,Entertainment,Spotify,18,2,2026-06-16 00:40:18.453650988,0
242.03,Entertainment,Spotify,13,3,2026-06-16 00:52:26.601528124,0
254.4,Food,Local Cafe,7,6,2026-06-16 01:28:12.169460285,0
560.97,Travel,RedBus,16,1,2026-06-16 01:35:58.316216081,0
540.55,Shopping,Unknown Merchant,16,4,2026-06-16 01:45:15.350051061,1
396.51,Shopping,Meesho,13,0,2026-06-16 02:01:59.847246950,0
345.41,Travel,Rapido,21,6,2026-06-16 02:17:59.841097339,0
188.64,Entertainment,Hotstar,14,0,2026-06-16 02:21:03.009384579,0
161.74,Entertainment,Netflix,22,4,2026-06-16 02:21:39.797221421,0
556.13,Shopping,Flipkart,13,3,2026-06-16 02:24:16.328458090,0
616.53,Shopping,Flipkart,8,5,2026-06-16 02:30:32.247717479,0
425.12,Travel,IRCTC,13,4,2026-06-16 02:32:38.270390803,0
268.77,Food,Zomato,9,0,2026-06-16 02:32:50.878617191,0
585.17,Shopping,Amazon,15,1,2026-06-16 02:45:11.337121507,0
497.88,Shopping,Flipkart,17,3,2026-06-16 02:53:40.071466622,0
6844.23,Bills,Unknown Merchant,2,4,2026-06-16 02:59:51.241064867,1
87.95,Food,Zomato,7,6,2026-06-16 03:02:13.215852086,0
10.0,Food,KFC,13,1,2026-06-16 03:22:08.009224558,0
47.64,Entertainment,Spotify,7,4,2026-06-16 03:26:32.054202364,0
188.78,Food,Local Cafe,17,3,2026-06-16 03:45:14.826917960,0
409.46,Shopping,Unknown Merchant,19,0,2026-06-16 03:46:58.049275588,1
131.54,Food,KFC,22,5,2026-06-16 03:48:05.103946316,0
86.24,Food,Local Cafe,8,6,2026-06-16 04:06:31.953349798,0
246.29,Food,KFC,14,5,2026-06-16 04:06:35.296752559,0
30.86,Food,Zomato,15,3,2026-06-16 04:09:46.782045516,0
258.71,Entertainment,Netflix,21,2,2026-06-16 04:10:17.290830239,0
150.52,Food,Dominos,16,5,2026-06-16 04:25:50.623788909,0
355.79,Entertainment,Spotify,8,4,2026-06-16 04:28:05.868117733,0
797.79,Shopping,Flipkart,13,1,2026-06-16 04:28:57.046559659,0
185.92,Shopping,Flipkart,17,1,2026-06-16 04:29:26.963466542,0
703.39,Shopping,Amazon,17,6,2026-06-16 04:30:55.569675349,0
636.41,Shopping,Amazon,20,5,2026-06-16 04:35:17.756553628,0
286.77,Travel,Ola,9,3,2026-06-16 04:53:24.359257566,0
197.59,Food,Dominos,21,6,2026-06-16 05:01:02.878602953,0
316.04,Shopping,Amazon,7,3,2026-06-16 05:05:44.654591608,0
210.31,Entertainment,YouTube,22,3,2026-06-16 05:08:05.362285045,0
202.4,Entertainment,JioCinema,20,1,2026-06-16 05:23:36.982037701,0
124.94,Entertainment,Netflix,17,0,2026-06-16 05:37:40.324395337,0
410.14,Shopping,Flipkart,18,1,2026-06-16 05:41:39.722429209,0
207.49,Travel,IRCTC,7,0,2026-06-16 05:48:42.667792793,0
616.3,Shopping,Flipkart,6,6,2026-06-16 06:02:17.727960807,0
880.88,Shopping,Flipkart,7,6,2026-06-16 06:02:55.216123485,0
50.39,Food,KFC,7,6,2026-06-16 06:04:08.211085421,0
625.55,Shopping,Amazon,14,3,2026-06-16 06:07:02.481818196,0
110.27,Food,Swiggy,9,2,2026-06-16 06:09:29.334758667,0
223.84,Food,Zomato,20,1,2026-06-16 06:22:35.095248241,0
240.61,Entertainment,Spotify,13,3,2026-06-16 06:24:06.921652148,0
33.18,Food,KFC,17,1,2026-06-16 06:33:13.909082943,0
165.04,Food,Dominos,16,3,2026-06-16 06:33:36.951922768,0
140.56,Food,Dominos,12,1,2026-06-16 06:34:18.333544058,0
84.3,Entertainment,Spotify,10,4,2026-06-16 06:42:01.399532732,0
354.61,Shopping,Myntra,12,1,2026-06-16 06:43:37.730572291,0
543.03,Shopping,Amazon,19,4,2026-06-16 06:46:51.448767844,0
208.46,Travel,Rapido,2,0,2026-06-16 06:53:06.144801973,1
509.34,Travel,IRCTC,10,1,2026-06-16 06:55:09.497866104,0
139.87,Food,Zomato,19,0,2026-06-16 07:03:42.011885623,0
579.55,Bills,GooglePay,7,2,2026-06-16 07:09:01.357402079,0
339.64,Travel,Uber,17,5,2026-06-16 07:09:29.648086512,0
930.1,Bills,Paytm,13,5,2026-06-16 07:22:21.536648514,0
224.65,Food,Zomato,18,4,2026-06-16 07:31:08.456342287,0
206.35,Entertainment,Hotstar,21,1,2026-06-16 07:31:43.003149038,0
10.0,Shopping,Flipkart,19,5,2026-06-16 07:32:58.645413243,0
172.7,Food,Swiggy,13,0,2026-06-16 07:35:37.946471335,0
409.37,Shopping,Ajio,8,5,2026-06-16 07:35:54.569831484,0
276.99,Food,Zomato,19,5,2026-06-16 07:44:57.545406935,0
182.0,Food,Dominos,13,3,2026-06-16 07:53:04.466377622,0
333.17,Travel,RedBus,7,5,2026-06-16 08:01:12.666990914,0
113.39,Food,Local Cafe,18,0,2026-06-16 08:04:16.783775836,0
821.44,Shopping,Amazon,11,5,2026-06-16 08:10:35.478751430,0
35.73,Shopping,Myntra,7,1,2026-06-16 08:26:11.022866580,0
166.32,Food,Local Cafe,20,5,2026-06-16 08:45:19.235077275,0
43.5,Entertainment,JioCinema,13,2,2026-06-16 08:46:02.851355811,0
101.93,Food,Swiggy,11,5,2026-06-16 09:03:24.349524875,0
215.81,Food,Swiggy,18,4,2026-06-16 09:11:17.775541460,0
176.83,Food,KFC,20,3,2026-06-16 09:14:57.615187342,0
164.42,Food,Dominos,6,6,2026-06-16 09:32:21.706034381,0
73.51,Food,Zomato,17,0,2026-06-16 09:52:53.209820227,0
779.4,Bills,PhonePe,19,5,2026-06-16 09:58:54.542134736,0
237.54,Entertainment,Spotify,9,5,2026-06-16 10:13:31.732937071,0
224.7,Food,Local Cafe,13,1,2026-06-16 10:20:08.684985908,0
1001.29,Bills,Paytm,7,6,2026-06-16 10:35:24.866104246,0
1129.03,Bills,Airtel,19,1,2026-06-16 10:37:02.205415007,0
37.69,Shopping,Flipkart,20,4,2026-06-16 10:53:35.080684363,1
547.2,Shopping,Amazon,7,6,2026-06-16 11:01:17.708472742,0
228.12,Food,KFC,19,3,2026-06-16 11:07:14.430303744,0
10.0,Food,Swiggy,19,0,2026-06-16 11:08:21.286293957,0
718.03,Bills,PhonePe,12,0,2026-06-16 11:13:39.023741815,0
377.04,Travel,RedBus,17,0,2026-06-16 11:27:18.961694278,0
239.65,Food,Swiggy,6,4,2026-06-16 11:28:20.286306420,0
534.29,Shopping,Myntra,21,4,2026-06-16 11:32:12.344595485,0
200.18,Entertainment,Spotify,14,5,2026-06-16 11:40:28.443148344,0
359.04,Travel,Uber,16,3,2026-06-16 11:43:06.296206962,0
239.49,Entertainment,YouTube,17,0,2026-06-16 11:49:17.990404159,0
138.7,Travel,Uber,14,0,2026-06-16 12:17:31.279570358,0
362.23,Shopping,Flipkart,20,5,2026-06-16 12:22:07.575415170,0
10.0,Shopping,Amazon,16,3,2026-06-16 12:29:50.422338571,0
559.7,Bills,Jio,20,6,2026-06-16 12:34:29.468783204,0
68.5,Food,Swiggy,15,3,2026-06-16 12:45:05.461942896,0
255.59,Shopping,Amazon,9,3,2026-06-16 12:53:24.694626459,0
1666.21,Bills,Paytm,21,1,2026-06-16 13:06:23.644405181,0
234.37,Food,Dominos,17,3,2026-06-16 13:20:21.090018903,0
100.24,Travel,IRCTC,17,2,2026-06-16 13:42:17.297454422,0
133.29,Shopping,Flipkart,22,4,2026-06-16 13:47:19.984546481,0
145.28,Entertainment,Netflix,7,3,2026-06-16 13:51:12.730369652,0
49.89,Food,Swiggy,13,1,2026-06-16 14:03:34.082963025,0
171.47,Food,Swiggy,10,6,2026-06-16 14:08:32.435049461,0
900.38,Bills,PhonePe,16,2,2026-06-16 14:09:11.304956131,0
83.75,Food,Zomato,19,1,2026-06-16 14:11:33.068790812,0
1074.26,Bills,PhonePe,22,1,2026-06-16 14:17:29.227555982,0
437.35,Travel,IRCTC,13,5,2026-06-16 14:22:41.202349065,0
98.65,Food,Swiggy,19,1,2026-06-16 15:02:07.277797254,0
242.68,Shopping,Amazon,21,1,2026-06-16 15:02:10.396759324,0
384.56,Shopping,Ajio,17,0,2026-06-16 15:10:57.126301235,0
666.72,Shopping,Meesho,10,4,2026-06-16 15:11:27.045949223,0
405.41,Entertainment,YouTube,15,5,2026-06-16 15:12:52.857911712,0
406.16,Travel,Rapido,22,5,2026-06-16 15:13:43.418238275,0
370.72,Bills,Airtel,22,0,2026-06-16 15:32:18.604811844,0
928.63,Bills,PhonePe,16,2,2026-06-16 15:33:04.346439059,0
534.95,Shopping,Meesho,20,0,2026-06-16 15:34:26.121966729,0
205.86,Entertainment,YouTube,9,5,2026-06-16 15:38:07.364345843,0
308.87,Bills,GooglePay,10,2,2026-06-16 15:40:19.448217851,0
927.52,Bills,GooglePay,21,5,2026-06-16 15:49:31.641146910,0
197.91,Entertainment,Hotstar,8,3,2026-06-16 16:01:39.558544529,0
61.24,Food,Swiggy,9,2,2026-06-16 16:02:02.161566732,0
642.54,Travel,Ola,12,5,2026-06-16 16:02:50.187551100,0
54.06,Food,Swiggy,2,0,2026-06-16 16:03:41.672885646,1
185.82,Food,Dominos,15,5,2026-06-16 16:08:03.653192304,0
138.78,Food,Swiggy,11,0,2026-06-16 16:21:41.551917676,0
166.45,Entertainment,Hotstar,21,2,2026-06-16 16:24:51.421520215,0
325.19,Entertainment,Netflix,21,0,2026-06-16 16:27:36.983875167,0
1166.33,Bills,PhonePe,12,2,2026-06-16 16:48:01.611819106,0
745.43,Bills,Airtel,13,1,2026-06-16 16:56:40.384615439,0
266.51,Shopping,Amazon,18,4,2026-06-16 16:57:27.964928366,0
155.66,Entertainment,Hotstar,17,6,2026-06-16 16:58:41.714128277,0
418.92,Shopping,Myntra,12,2,2026-06-16 17:05:00.387786321,0
780.4,Shopping,Flipkart,12,6,2026-06-16 17:08:16.187476008,0
179.59,Food,Swiggy,12,6,2026-06-16 17:26:51.220997285,0
494.1,Travel,Ola,10,1,2026-06-16 17:31:20.342361427,0
296.69,Bills,Paytm,13,1,2026-06-16 17:41:57.939891839,0
818.54,Shopping,Meesho,17,1,2026-06-16 17:43:42.814549915,0
263.12,Food,Local Cafe,18,6,2026-06-16 17:45:57.446229609,0
156.43,Travel,IRCTC,19,1,2026-06-16 17:57:22.109455690,0
213.67,Food,KFC,12,2,2026-06-16 18:06:49.203268447,0
1326.4,Bills,Paytm,19,6,2026-06-16 18:06:55.405501278,0
146.12,Entertainment,Netflix,6,6,2026-06-16 18:09:12.038088458,0
191.12,Shopping,Ajio,13,0,2026-06-16 18:11:02.699509721,0
168.15,Food,KFC,19,1,2026-06-16 18:18:28.617020018,0
112.43,Bills,PhonePe,16,3,2026-06-16 18:21:18.589968910,0
509.39,Travel,Ola,13,1,2026-06-16 18:38:43.015626973,0
249.69,Shopping,Meesho,16,0,2026-06-16 18:43:50.788734416,0
176.54,Entertainment,JioCinema,20,0,2026-06-16 19:08:01.575392897,0
205.06,Food,Swiggy,15,4,2026-06-16 19:09:30.105115479,0
664.32,Shopping,Amazon,19,4,2026-06-16 19:20:36.238681350,0
1062.76,Bills,Airtel,22,6,2026-06-16 19:37:30.461886806,0
127.77,Entertainment,Hotstar,18,1,2026-06-16 19:41:15.518652599,0
174.96,Food,Zomato,15,1,2026-06-16 19:43:36.398447323,0
471.65,Travel,Rapido,6,5,2026-06-16 19:57:48.106937195,0
329.77,Shopping,Myntra,12,6,2026-06-16 19:57:59.841205526,0
1040.46,Shopping,Myntra,15,5,2026-06-16 19:58:16.306131183,0
134.56,Food,Local Cafe,19,4,2026-06-16 20:00:27.497664365,0
4919.66,Entertainment,Spotify,13,1,2026-06-16 20:10:19.212013466,1
134.15,Food,Local Cafe,22,5,2026-06-16 20:32:14.392498389,0
254.05,Food,KFC,11,3,2026-06-16 20:36:20.753316932,0
78.81,Food,KFC,18,2,2026-06-16 20:39:19.446489719,0
103.92,Entertainment,Hotstar,12,4,2026-06-16 20:41:37.980640732,0
956.75,Bills,Paytm,13,4,2026-06-16 20:41:46.829947486,0
93.08,Travel,RedBus,19,0,2026-06-16 20:51:00.295369699,0
64.35,Food,Zomato,11,1,2026-06-16 21:11:29.174908672,0
486.27,Bills,Airtel,7,4,2026-06-16 21:16:46.220951773,0
976.74,Shopping,Flipkart,14,4,2026-06-16 21:56:40.025127911,0
400.23,Travel,Uber,14,5,2026-06-16 22:08:14.943840152,0
11626.1,Entertainment,Unknown Merchant,1,3,2026-06-16 22:15:41.990512461,1
91.73,Food,Swiggy,22,6,2026-06-16 22:16:36.205084540,0
1138.11,Bills,GooglePay,7,1,2026-06-16 22:19:35.976975083,0
198.3,Food,Dominos,15,2,2026-06-16 22:20:25.378031174,0
1002.28,Shopping,Meesho,17,3,2026-06-16 22:37:52.920754039,0
77.93,Food,KFC,22,2,2026-06-16 22:38:24.252901353,0
68.99,Food,Swiggy,21,0,2026-06-16 22:40:33.905880312,0
10.0,Shopping,Amazon,18,4,2026-06-16 22:45:26.805828553,0
1010.37,Bills,GooglePay,14,5,2026-06-16 22:51:36.918084107,0
169.51,Food,Swiggy,8,3,2026-06-16 23:16:49.815436581,0
651.42,Bills,GooglePay,12,2,2026-06-16 23:31:54.269381219,0
10.0,Shopping,Amazon,15,1,2026-06-16 23:51:21.076258928,0
264.69,Food,Zomato,18,0,2026-06-16 23:55:12.107583880,0
338.29,Travel,Ola,16,6,2026-06-16 23:55:56.365121684,0
245.54,Food,Zomato,18,0,2026-06-17 00:01:56.894791239,0
890.33,Shopping,Flipkart,13,4,2026-06-17 00:06:05.177598376,0
998.31,Bills,GooglePay,18,4,2026-06-17 00:07:49.102052334,0
201.55,Food,Swiggy,8,2,2026-06-17 00:17:58.617363913,0
102.21,Food,Zomato,8,2,2026-06-17 00:19:17.683776005,0
533.13,Shopping,Meesho,8,0,2026-06-17 00:35:39.403376940,0
300.08,Entertainment,Hotstar,20,2,2026-06-17 00:38:01.880829936,0
487.33,Bills,PhonePe,7,4,2026-06-17 00:38:46.254648419,0
1168.77,Bills,GooglePay,19,0,2026-06-17 00:47:12.028817061,0
1140.56,Bills,PhonePe,10,0,2026-06-17 01:07:33.056655052,0
215.84,Food,Local Cafe,13,6,2026-06-17 01:14:47.468393032,0
512.46,Shopping,Amazon,21,1,2026-06-17 01:23:19.857808395,0
157.04,Travel,Ola,15,1,2026-06-17 01:29:41.254236729,0
293.56,Food,Dominos,9,2,2026-06-17 01:32:28.812531277,0
258.88,Food,Dominos,11,2,2026-06-17 01:41:23.652318528,0
155.18,Food,Local Cafe,21,4,2026-06-17 01:44:50.736843133,0
573.65,Shopping,Ajio,13,4,2026-06-17 01:50:23.895963862,0
174.48,Entertainment,Netflix,15,1,2026-06-17 01:54:16.655836986,0
13.63,Food,Dominos,13,0,2026-06-17 01:55:48.817039678,0
475.06,Shopping,Myntra,12,3,2026-06-17 01:55:58.271044788,0
190.35,Food,Local Cafe,10,5,2026-06-17 01:57:06.723827363,0
2653.45,Entertainment,Spotify,17,5,2026-06-17 01:59:20.826797926,1
125.65,Food,Dominos,18,6,2026-06-17 02:13:41.715489834,0
406.12,Shopping,Myntra,11,3,2026-06-17 02:14:52.389548316,0
849.41,Bills,Paytm,19,6,2026-06-17 02:21:15.204161906,0
713.31,Bills,PhonePe,20,2,2026-06-17 02:29:11.669454729,0
251.51,Shopping,Ajio,21,5,2026-06-17 02:31:19.694025691,0
159.62,Food,KFC,8,6,2026-06-17 02:40:20.391591950,0
635.24,Shopping,Meesho,11,5,2026-06-17 02:47:43.434896757,0
166.77,Food,KFC,20,3,2026-06-17 02:52:44.883640258,0
10.0,Food,Swiggy,9,6,2026-06-17 02:53:07.040254859,0
691.06,Shopping,Flipkart,6,3,2026-06-17 02:56:44.983801965,0
61.64,Food,Zomato,20,1,2026-06-17 03:03:03.973770111,0
184.68,Food,Local Cafe,12,0,2026-06-17 03:04:45.249343919,0
991.22,Bills,Airtel,12,4,2026-06-17 03:05:47.819874382,0
56.04,Entertainment,Hotstar,13,1,2026-06-17 03:06:20.661192538,0
1154.23,Bills,GooglePay,20,5,2026-06-17 03:11:16.281728701,0
292.53,Food,Swiggy,12,4,2026-06-17 03:35:23.538977817,0
127.89,Food,Swiggy,20,1,2026-06-17 03:35:45.739679941,0
243.37,Entertainment,YouTube,16,1,2026-06-17 03:44:29.718441619,0
114.73,Food,Swiggy,14,3,2026-06-17 03:50:22.020026810,0
60.68,Food,Swiggy,12,4,2026-06-17 03:53:29.756138984,0
796.36,Shopping,Flipkart,10,1,2026-06-17 04:11:35.425810052,0
983.68,Bills,Jio,16,3,2026-06-17 04:13:46.449728018,0
537.27,Bills,PhonePe,13,2,2026-06-17 04:20:48.295908837,0
63.73,Food,Local Cafe,21,4,2026-06-17 04:21:18.486718241,0
297.89,Food,Dominos,13,6,2026-06-17 04:35:45.189560832,0
69.24,Entertainment,Spotify,13,1,2026-06-17 04:36:52.477599298,0
197.93,Food,Zomato,12,5,2026-06-17 04:41:24.183835007,0
870.27,Bills,GooglePay,19,2,2026-06-17 04:43:50.604612143,0
1108.02,Bills,PhonePe,13,3,2026-06-17 04:49:29.331158852,0
1402.46,Bills,GooglePay,11,1,2026-06-17 04:55:26.010417075,0
10.0,Food,Swiggy,20,5,2026-06-17 04:58:31.495943173,0
71.54,Food,KFC,15,3,2026-06-17 05:11:33.642618594,0
465.9,Shopping,Myntra,15,3,2026-06-17 05:24:32.227125205,0
359.91,Entertainment,YouTube,16,6,2026-06-17 05:38:12.454238582,0
159.99,Entertainment,Spotify,18,5,2026-06-17 05:46:12.521439273,0
103.35,Food,Dominos,12,3,2026-06-17 06:07:10.810740045,0
10.0,Food,Zomato,6,4,2026-06-17 06:16:05.313700012,0
132.65,Entertainment,Netflix,19,6,2026-06-17 06:21:32.312998629,0
1025.16,Bills,Jio,8,2,2026-06-17 06:32:16.713508096,0
189.26,Entertainment,Spotify,18,6,2026-06-17 06:36:50.002058037,0
94.28,Food,Local Cafe,7,2,2026-06-17 06:52:43.405185795,0
1059.26,Shopping,Amazon,12,0,2026-06-17 06:56:15.065569870,0
687.52,Bills,Jio,7,6,2026-06-17 07:06:20.919606812,0
849.37,Bills,Jio,14,6,2026-06-17 07:12:20.600968033,0
274.06,Shopping,Flipkart,16,1,2026-06-17 07:25:41.414902341,0
60.17,Food,Local Cafe,9,6,2026-06-17 07:29:31.734230335,0
709.76,Shopping,Amazon,12,3,2026-06-17 07:50:32.727283194,0
21.39,Food,Swiggy,21,1,2026-06-17 07:50:34.506637429,0
641.84,Shopping,Amazon,13,2,2026-06-17 07:53:15.066468884,0
10.0,Entertainment,Hotstar,19,2,2026-06-17 07:53:51.085846249,0
597.3,Shopping,Ajio,21,3,2026-06-17 07:59:10.030594742,0
92.73,Travel,Uber,22,4,2026-06-17 08:19:43.396424758,0
81.56,Food,Zomato,20,5,2026-06-17 08:24:33.373758698,0
690.55,Bills,PhonePe,12,3,2026-06-17 08:26:32.934101151,0
80.66,Entertainment,Spotify,22,3,2026-06-17 08:30:00.877981800,0
10.0,Food,Dominos,19,0,2026-06-17 08:39:29.443024094,0
135.71,Food,Swiggy,19,5,2026-06-17 09:00:18.140296985,0
725.87,Shopping,Amazon,6,6,2026-06-17 09:03:26.216668787,0
168.1,Food,Local Cafe,22,4,2026-06-17 09:06:37.829378632,0
1247.17,Bills,PhonePe,19,1,2026-06-17 09:07:16.471608777,0
26.75,Entertainment,JioCinema,19,5,2026-06-17 09:16:30.614413591,0
382.04,Shopping,Meesho,7,4,2026-06-17 09:26:48.356800274,0
152.74,Food,Swiggy,10,3,2026-06-17 09:27:59.574727203,0
243.61,Shopping,Flipkart,22,3,2026-06-17 09:30:33.866917435,0
830.83,Bills,GooglePay,13,3,2026-06-17 09:33:06.872655241,0
234.46,Food,Swiggy,12,3,2026-06-17 09:37:01.605420218,0
650.76,Shopping,Flipkart,20,3,2026-06-17 09:37:19.107710209,0
1284.84,Bills,PhonePe,7,5,2026-06-17 09:43:56.341254809,0
913.25,Bills,Paytm,12,6,2026-06-17 09:50:08.514324908,0
141.84,Food,Zomato,12,5,2026-06-17 09:56:03.161476146,0
1407.73,Bills,GooglePay,12,6,2026-06-17 09:56:56.106122613,0
159.33,Food,Unknown Merchant,11,5,2026-06-17 09:57:55.729234794,1
291.59,Food,Dominos,9,4,2026-06-17 10:02:45.210487246,0
291.0,Entertainment,YouTube,9,3,2026-06-17 10:20:12.769976445,0
535.55,Bills,Airtel,16,2,2026-06-17 10:27:35.543746943,0
133.95,Food,Zomato,21,5,2026-06-17 10:30:46.830378112,0
270.71,Food,Local Cafe,13,2,2026-06-17 10:42:00.541545586,0
6304.47,Food,Swiggy,11,0,2026-06-17 10:48:57.156632556,1
208.94,Food,Local Cafe,8,1,2026-06-17 10:56:32.277768195,0
199.51,Food,Local Cafe,19,5,2026-06-17 11:03:05.854254239,0
47.83,Food,KFC,22,2,2026-06-17 11:11:16.407474954,0
175.04,Shopping,Meesho,12,0,2026-06-17 11:25:04.785678426,0
893.44,Bills,PhonePe,11,4,2026-06-17 11:29:21.792484283,0
1646.72,Bills,Airtel,15,1,2026-06-17 11:34:33.224563855,0
465.52,Bills,GooglePay,19,6,2026-06-17 11:37:00.958081343,0
128.73,Food,KFC,13,3,2026-06-17 11:41:11.574134832,0
166.54,Entertainment,Netflix,16,5,2026-06-17 11:56:10.985958036,0
413.13,Travel,IRCTC,18,5,2026-06-17 11:57:00.966893023,0
354.5,Travel,Ola,22,3,2026-06-17 12:04:08.373203383,0
5144.72,Travel,IRCTC,8,6,2026-06-17 12:08:55.681546616,1
229.17,Entertainment,Hotstar,22,4,2026-06-17 12:16:37.676507333,0
564.23,Shopping,Ajio,12,1,2026-06-17 12:44:50.239098581,0
149.95,Food,Zomato,18,5,2026-06-17 12:47:21.371911282,0
1278.65,Bills,Paytm,15,2,2026-06-17 12:48:31.490484541,0
804.01,Bills,Jio,13,6,2026-06-17 13:02:09.910882545,0
524.52,Bills,PhonePe,17,1,2026-06-17 13:07:57.932042048,0
700.83,Shopping,Flipkart,12,0,2026-06-17 13:29:52.415452578,0
141.03,Food,Zomato,8,6,2026-06-17 13:37:48.669053558,0
768.95,Shopping,Myntra,13,5,2026-06-17 13:42:25.260515252,0
10.0,Entertainment,YouTube,14,4,2026-06-17 13:52:54.461181983,0
894.85,Shopping,Flipkart,9,6,2026-06-17 13:53:07.970685588,0
440.43,Shopping,Flipkart,21,2,2026-06-17 14:04:05.661010090,0
251.97,Food,Local Cafe,10,1,2026-06-17 14:06:16.947691609,0
777.42,Shopping,Amazon,12,6,2026-06-17 14:13:43.401821661,0
146.72,Entertainment,Netflix,8,1,2026-06-17 14:14:00.782825539,0
472.29,Bills,Paytm,14,2,2026-06-17 14:29:16.968054728,0
121.24,Travel,Ola,11,0,2026-06-17 14:35:03.916879074,0
168.79,Shopping,Amazon,13,0,2026-06-17 14:35:35.571581618,0
1264.6,Bills,Paytm,10,6,2026-06-17 14:39:34.140409038,0
135.21,Food,Zomato,7,1,2026-06-17 14:41:33.051253955,0
1474.28,Bills,Airtel,19,3,2026-06-17 15:02:32.963035696,0
306.13,Shopping,Meesho,16,2,2026-06-17 15:09:27.244333832,0
356.43,Shopping,Amazon,12,5,2026-06-17 15:21:45.331986573,0
1006.26,Bills,PhonePe,7,6,2026-06-17 15:28:42.156298640,0
362.19,Entertainment,Hotstar,20,0,2026-06-17 15:31:34.914342929,0
108.41,Food,Swiggy,8,5,2026-06-17 15:52:04.795743432,0
459.81,Travel,IRCTC,21,0,2026-06-17 15:56:54.816736395,0
150.49,Food,Zomato,13,0,2026-06-17 16:11:27.230297492,0
658.41,Shopping,Amazon,12,4,2026-06-17 16:21:48.750834339,0
88.53,Food,Local Cafe,18,6,2026-06-17 16:25:59.874189084,0
204.87,Food,KFC,20,5,2026-06-17 16:32:13.744184824,0
421.33,Shopping,Amazon,12,3,2026-06-17 16:37:36.236792297,0
115.14,Food,KFC,12,0,2026-06-17 16:38:30.330176106,0
490.14,Shopping,Flipkart,13,3,2026-06-17 16:39:34.917661102,0
259.11,Entertainment,Hotstar,21,1,2026-06-17 16:40:50.842737710,0
137.49,Food,KFC,17,1,2026-06-17 16:47:34.966028118,0
214.68,Travel,RedBus,10,4,2026-06-17 16:47:43.724336851,0
462.58,Shopping,Amazon,9,3,2026-06-17 16:56:55.166306427,0
740.71,Bills,PhonePe,10,2,2026-06-17 16:57:46.580554277,0
190.42,Food,Dominos,11,4,2026-06-17 17:21:46.599672875,0
120.64,Food,Local Cafe,10,0,2026-06-17 17:34:00.106079465,0
118.77,Food,Local Cafe,17,1,2026-06-17 17:38:30.903944133,0
89.15,Food,KFC,8,6,2026-06-17 17:38:54.492232148,0
195.68,Food,Local Cafe,12,1,2026-06-17 17:40:23.768321061,0
854.94,Bills,GooglePay,16,2,2026-06-17 17:52:35.425252668,0
318.96,Entertainment,JioCinema,11,4,2026-06-17 17:54:49.339445148,0
508.44,Travel,RedBus,7,3,2026-06-17 17:59:41.150238216,0
893.31,Bills,Paytm,7,6,2026-06-17 18:03:38.184650917,0
142.51,Food,Swiggy,8,1,2026-06-17 18:04:07.401470896,0
150.74,Food,Swiggy,19,0,2026-06-17 18:13:34.547077979,0
103.06,Food,Zomato,17,2,2026-06-17 18:18:32.165475073,0
89.91,Food,Zomato,7,2,2026-06-17 18:26:45.673412763,0
236.08,Shopping,Amazon,12,5,2026-06-17 18:37:40.272954903,0
447.72,Shopping,Myntra,11,2,2026-06-17 18:49:59.865849845,0
10.0,Shopping,Myntra,15,0,2026-06-17 18:57:59.748223591,0
972.38,Shopping,Meesho,14,2,2026-06-17 19:18:21.756318560,0
681.5,Travel,RedBus,13,3,2026-06-17 19:21:18.168783531,0
104.53,Travel,IRCTC,12,5,2026-06-17 19:40:38.935198161,0
301.01,Food,Swiggy,8,3,2026-06-17 19:40:49.547593377,0
103.48,Entertainment,Hotstar,18,6,2026-06-17 19:43:13.303819653,0
201.47,Entertainment,JioCinema,20,4,2026-06-17 20:00:30.719300382,0
180.89,Food,Zomato,21,4,2026-06-17 20:01:04.593169723,0
529.7,Shopping,Amazon,7,6,2026-06-17 20:26:17.137615138,0
343.28,Shopping,Amazon,18,6,2026-06-17 20:38:17.826951399,0
143.32,Entertainment,YouTube,18,3,2026-06-17 20:44:16.845773829,0
281.09,Entertainment,Netflix,21,0,2026-06-17 20:44:51.472024232,0
247.82,Food,Local Cafe,10,5,2026-06-17 21:12:36.472790945,0
10.0,Shopping,Myntra,18,4,2026-06-17 21:12:57.640599865,0
575.6,Shopping,Flipkart,7,2,2026-06-17 21:18:22.125869061,0
679.73,Shopping,Meesho,16,6,2026-06-17 21:50:56.581935995,0
164.58,Food,KFC,12,3,2026-06-17 21:51:05.595851231,0
68.58,Entertainment,Hotstar,19,1,2026-06-17 21:58:11.785623521,0
1006.47,Bills,Jio,4,0,2026-06-17 22:06:11.677737855,1
513.08,Travel,RedBus,12,0,2026-06-17 22:16:46.883519099,0
122.52,Entertainment,Spotify,14,3,2026-06-17 22:18:50.690265073,0
586.96,Bills,Paytm,8,1,2026-06-17 22:47:55.540045027,0
560.01,Shopping,Myntra,12,0,2026-06-17 22:54:11.853833676,0
773.2,Bills,GooglePay,12,5,2026-06-17 22:58:27.092129057,0
107.78,Food,Swiggy,9,4,2026-06-17 23:06:34.859507002,0
349.09,Bills,PhonePe,20,5,2026-06-17 23:07:28.230842436,0
113.94,Food,Swiggy,8,1,2026-06-17 23:08:28.914088079,0
10.0,Bills,GooglePay,16,5,2026-06-17 23:12:10.452968924,0
199.39,Food,Dominos,20,2,2026-06-17 23:15:39.565279456,0
96.13,Food,Local Cafe,21,6,2026-06-17 23:23:19.428046961,0
212.49,Food,KFC,19,6,2026-06-17 23:27:19.671066146,0
132.77,Food,Swiggy,9,4,2026-06-17 23:41:51.807399727,0
856.45,Bills,PhonePe,19,1,2026-06-17 23:51:41.252307934,0
190.01,Bills,GooglePay,11,3,2026-06-18 00:02:04.428381004,0
708.3,Shopping,Flipkart,21,0,2026-06-18 00:17:16.403356108,0
355.82,Food,Local Cafe,18,4,2026-06-18 00:24:57.945437807,0
121.1,Food,Swiggy,19,3,2026-06-18 00:26:19.651592555,0
159.8,Food,Local Cafe,7,1,2026-06-18 00:31:26.428183900,0
169.62,Food,Dominos,15,2,2026-06-18 00:37:56.123312999,0
75.75,Entertainment,Netflix,19,0,2026-06-18 00:38:09.641321520,0
68.75,Food,Local Cafe,20,0,2026-06-18 00:50:06.025092195,0
661.46,Shopping,Flipkart,6,4,2026-06-18 00:51:08.670677356,0
88.06,Food,Swiggy,21,3,2026-06-18 01:04:17.604879102,0
132.11,Food,Dominos,6,6,2026-06-18 01:12:29.642499615,0
543.02,Shopping,Myntra,16,1,2026-06-18 01:20:51.379483194,0
1030.14,Bills,Jio,17,1,2026-06-18 01:24:45.085100917,0
136.26,Food,KFC,7,3,2026-06-18 01:41:09.306450483,0
138.27,Food,Swiggy,7,0,2026-06-18 01:45:26.021750275,0
1204.73,Shopping,Flipkart,19,3,2026-06-18 01:45:33.750672015,0
225.99,Food,Swiggy,12,5,2026-06-18 01:52:05.871941058,0
123.19,Food,Zomato,7,6,2026-06-18 01:57:10.811003876,0
186.47,Entertainment,Netflix,19,1,2026-06-18 01:58:43.642807488,0
1524.62,Bills,Paytm,20,3,2026-06-18 02:07:46.442060409,0
673.72,Shopping,Flipkart,15,0,2026-06-18 02:11:11.129367004,0
9772.59,Shopping,Amazon,8,4,2026-06-18 02:14:25.583772983,1
392.21,Shopping,Myntra,6,5,2026-06-18 02:30:12.001389578,0
358.92,Shopping,Amazon,18,0,2026-06-18 02:41:34.887550328,0
1399.42,Bills,GooglePay,14,2,2026-06-18 02:45:57.479005622,0
774.68,Bills,Paytm,4,2,2026-06-18 02:56:49.509043727,1
143.71,Food,KFC,19,3,2026-06-18 03:07:51.474898887,0
373.53,Shopping,Amazon,13,6,2026-06-18 03:18:21.941708865,0
9212.6,Shopping,Myntra,8,6,2026-06-18 03:26:27.419702058,1
315.5,Entertainment,JioCinema,21,0,2026-06-18 03:26:34.227247113,0
877.46,Bills,Paytm,14,0,2026-06-18 03:30:52.814223446,0
178.8,Shopping,Amazon,16,1,2026-06-18 03:35:58.140702528,0
107.79,Food,Local Cafe,4,4,2026-06-18 04:01:29.251179569,1
1308.97,Bills,Paytm,21,5,2026-06-18 04:18:40.146604416,0
167.39,Food,KFC,15,0,2026-06-18 04:23:55.520024885,0
234.5,Food,Swiggy,11,5,2026-06-18 04:24:37.113598606,0
181.8,Food,KFC,22,3,2026-06-18 04:43:54.924114430,0
418.22,Bills,PhonePe,17,1,2026-06-18 04:46:34.799607051,0
190.55,Food,KFC,12,6,2026-06-18 04:46:58.507615627,0
487.94,Shopping,Flipkart,14,5,2026-06-18 04:48:22.212551934,0
149.8,Entertainment,Hotstar,12,5,2026-06-18 04:50:15.162379724,0
116.2,Food,Zomato,20,5,2026-06-18 04:54:08.503517411,0
808.32,Shopping,Ajio,13,5,2026-06-18 04:59:56.835493196,0
575.3,Shopping,Flipkart,19,5,2026-06-18 05:07:58.962469569,0
164.35,Food,Swiggy,20,6,2026-06-18 05:08:49.961202280,0
623.3,Travel,Uber,19,1,2026-06-18 05:22:50.356341115,0
97.25,Food,Zomato,18,3,2026-06-18 05:25:24.099251398,0
473.9,Shopping,Meesho,20,5,2026-06-18 05:40:40.959393983,0
325.06,Shopping,Amazon,12,5,2026-06-18 05:43:54.890871505,0
994.7,Bills,PhonePe,7,3,2026-06-18 05:47:09.582970592,0
878.93,Bills,Paytm,20,0,2026-06-18 05:48:51.981353875,0
122.77,Food,Swiggy,13,0,2026-06-18 05:58:03.938654180,0
131.94,Food,Dominos,8,6,2026-06-18 06:02:23.681047328,0
10252.17,Bills,Unknown Merchant,2,1,2026-06-18 06:05:57.385248375,1
855.92,Shopping,Amazon,8,1,2026-06-18 06:11:28.086510166,0
193.61,Travel,IRCTC,19,4,2026-06-18 06:26:48.120149100,0
826.48,Travel,Rapido,18,1,2026-06-18 06:36:12.443564060,0
46.67,Travel,Uber,9,6,2026-06-18 06:55:20.784815335,0
203.1,Shopping,Amazon,20,3,2026-06-18 07:08:48.557445845,0
128.57,Food,Swiggy,11,5,2026-06-18 07:12:47.597730667,0
158.24,Travel,Uber,19,3,2026-06-18 07:18:10.735973545,0
254.2,Shopping,Myntra,13,6,2026-06-18 07:25:17.819141216,0
242.68,Food,Dominos,18,4,2026-06-18 07:31:47.773309684,0
252.4,Entertainment,Unknown Merchant,12,2,2026-06-18 07:33:09.309560248,1
209.27,Entertainment,Hotstar,12,6,2026-06-18 07:34:51.953406096,0
350.89,Shopping,Amazon,20,6,2026-06-18 07:38:57.478407322,0
73.75,Food,Local Cafe,6,2,2026-06-18 07:43:13.517583126,0
201.82,Shopping,Flipkart,22,3,2026-06-18 07:49:44.989829774,0
530.58,Travel,IRCTC,16,2,2026-06-18 07:54:42.203810050,0
310.65,Entertainment,YouTube,13,6,2026-06-18 08:11:18.861019785,0
130.33,Food,Swiggy,16,6,2026-06-18 08:14:25.885668246,0
42.99,Food,Local Cafe,8,2,2026-06-18 08:16:32.630252205,0
261.22,Entertainment,JioCinema,13,6,2026-06-18 08:29:21.709050423,0
427.29,Shopping,Amazon,22,4,2026-06-18 08:31:57.076455960,0
788.66,Shopping,Amazon,10,6,2026-06-18 08:36:13.867805861,0
99.19,Entertainment,Spotify,18,6,2026-06-18 08:39:40.096456122,0
156.8,Food,Swiggy,13,5,2026-06-18 08:43:36.892109249,0
364.84,Bills,Airtel,16,1,2026-06-18 08:50:04.670129289,0
95.26,Food,Dominos,9,1,2026-06-18 08:52:17.414818944,0
288.27,Shopping,Flipkart,13,2,2026-06-18 08:59:33.779452977,0
247.88,Travel,Uber,22,0,2026-06-18 09:04:01.469132322,0
874.19,Shopping,Myntra,9,4,2026-06-18 09:07:04.708663455,0
213.55,Entertainment,Hotstar,16,5,2026-06-18 09:08:58.576310642,0
733.32,Shopping,Ajio,15,5,2026-06-18 09:12:09.574027655,0
155.97,Food,Local Cafe,15,2,2026-06-18 09:23:26.940937084,0
118.67,Food,Swiggy,16,0,2026-06-18 09:24:28.929034878,0
10.0,Shopping,Myntra,13,0,2026-06-18 09:24:35.940806205,0
211.36,Shopping,Amazon,6,5,2026-06-18 09:36:07.423347939,0
150.02,Food,Local Cafe,20,4,2026-06-18 09:44:35.254733192,0
549.65,Shopping,Myntra,19,1,2026-06-18 09:47:57.238024677,0
789.84,Shopping,Flipkart,9,5,2026-06-18 09:53:06.241173358,0
175.93,Bills,Paytm,12,6,2026-06-18 10:25:40.588049851,0
1646.93,Bills,PhonePe,19,5,2026-06-18 10:28:02.229713331,0
43.19,Bills,GooglePay,22,6,2026-06-18 10:44:12.493442072,0
145.03,Food,KFC,21,3,2026-06-18 10:50:14.196462824,0
104.95,Food,Local Cafe,20,0,2026-06-18 10:59:18.094998981,0
421.37,Bills,Jio,8,3,2026-06-18 11:04:45.290041978,0
962.23,Shopping,Meesho,21,3,2026-06-18 11:06:14.984189155,0
107.88,Food,Zomato,20,4,2026-06-18 11:13:10.529320210,0
10.0,Travel,IRCTC,12,5,2026-06-18 11:17:32.498748433,0
57.31,Travel,Uber,12,1,2026-06-18 11:30:14.090985957,0
829.25,Shopping,Myntra,13,6,2026-06-18 11:30:35.442463234,0
56.25,Food,Zomato,17,6,2026-06-18 11:48:38.817820203,0
21.24,Travel,Rapido,10,4,2026-06-18 11:57:15.781426047,0
555.24,Shopping,Flipkart,6,0,2026-06-18 11:58:27.205607572,0
246.54,Travel,RedBus,8,1,2026-06-18 11:58:43.585473627,0
389.68,Travel,Ola,13,5,2026-06-18 12:00:15.837774037,0
222.5,Travel,Rapido,11,2,2026-06-18 12:03:42.432997007,0
713.75,Shopping,Flipkart,19,1,2026-06-18 12:03:47.228579655,0
46.18,Food,Zomato,7,6,2026-06-18 12:14:27.024580355,0
215.16,Bills,Paytm,21,4,2026-06-18 12:21:24.087414273,0
909.62,Bills,Jio,20,4,2026-06-18 12:34:53.033209617,0
693.63,Bills,GooglePay,21,3,2026-06-18 12:37:19.889593312,0
3628.76,Food,Swiggy,18,5,2026-06-18 12:42:38.491373619,1
198.93,Food,Local Cafe,7,2,2026-06-18 12:53:27.429938097,0
430.0,Entertainment,YouTube,13,5,2026-06-18 12:54:42.731627748,0
223.46,Bills,Airtel,8,1,2026-06-18 12:55:44.353053195,0
328.91,Entertainment,Netflix,22,2,2026-06-18 12:59:05.471589782,0
431.28,Travel,Uber,12,5,2026-06-18 13:01:22.646272712,0
356.14,Shopping,Flipkart,15,3,2026-06-18 13:05:06.378256182,0
1451.73,Bills,GooglePay,19,2,2026-06-18 13:14:33.178861198,0
79.15,Entertainment,Hotstar,21,2,2026-06-18 13:15:13.775877732,0
623.63,Shopping,Amazon,19,1,2026-06-18 13:18:02.018420021,0
725.43,Bills,PhonePe,17,2,2026-06-18 13:24:00.700540695,0
111.65,Food,KFC,13,3,2026-06-18 13:31:13.426352579,0
173.41,Shopping,Amazon,15,0,2026-06-18 13:46:31.731497711,0
1920.55,Bills,PhonePe,7,0,2026-06-18 14:04:13.534553587,0
111.03,Food,Zomato,20,4,2026-06-18 14:16:07.518553351,0
10.0,Food,Zomato,14,0,2026-06-18 14:23:58.392128626,0
216.09,Food,Swiggy,6,1,2026-06-18 14:29:20.530979112,0
175.73,Food,KFC,21,4,2026-06-18 14:29:45.406515795,0
127.65,Food,Swiggy,13,0,2026-06-18 14:33:53.070631489,0
388.72,Shopping,Amazon,20,0,2026-06-18 15:15:58.526293508,0
191.88,Entertainment,Netflix,20,4,2026-06-18 15:16:52.734464757,0
12757.47,Shopping,Unknown Merchant,4,1,2026-06-18 15:19:07.279302904,1
176.89,Food,KFC,7,4,2026-06-18 15:26:05.678570510,0
190.01,Food,Swiggy,10,6,2026-06-18 15:36:32.859910985,0
999.82,Bills,Jio,20,6,2026-06-18 15:57:02.327593363,0
765.33,Shopping,Meesho,20,1,2026-06-18 15:59:18.459354450,0
537.76,Travel,Rapido,13,1,2026-06-18 16:10:06.822570962,0
533.98,Bills,GooglePay,13,5,2026-06-18 16:24:35.380473496,0
336.58,Travel,Rapido,9,3,2026-06-18 16:24:43.376767869,0
10.0,Food,KFC,22,0,2026-06-18 16:36:22.778463355,0
1253.86,Bills,Jio,9,5,2026-06-18 16:51:43.559900025,0
96.25,Food,Zomato,9,0,2026-06-18 16:52:59.762275723,0
338.31,Entertainment,JioCinema,17,5,2026-06-18 17:00:40.631062672,0
527.94,Bills,Jio,10,2,2026-06-18 17:11:02.821740614,0
179.89,Food,Zomato,21,6,2026-06-18 17:23:45.756639100,0
128.99,Food,Local Cafe,6,4,2026-06-18 17:43:02.924497269,0
116.31,Food,Dominos,6,5,2026-06-18 17:55:08.173857463,0
979.17,Bills,Paytm,13,6,2026-06-18 18:00:07.415243409,0
245.86,Food,Swiggy,3,3,2026-06-18 18:04:45.790387453,1
414.34,Shopping,Amazon,8,0,2026-06-18 18:16:18.762184293,0
253.99,Food,Dominos,13,2,2026-06-18 18:19:37.150526661,0
514.38,Bills,Paytm,12,3,2026-06-18 18:21:40.599158606,0
542.99,Travel,Uber,20,1,2026-06-18 18:51:00.717860236,0
321.15,Travel,Rapido,6,0,2026-06-18 19:13:26.295245263,0
362.11,Travel,Rapido,22,6,2026-06-18 19:29:29.004481077,0
60.78,Food,Zomato,16,5,2026-06-18 19:48:37.130330697,0
113.17,Food,Swiggy,8,4,2026-06-18 19:49:10.667215441,0
788.81,Bills,Paytm,7,3,2026-06-18 19:58:18.381739170,0
820.79,Shopping,Myntra,14,6,2026-06-18 20:00:12.292233372,0
437.54,Shopping,Amazon,10,2,2026-06-18 20:03:35.545426202,0
86.98,Food,Dominos,11,4,2026-06-18 20:04:18.044636129,0
168.1,Food,KFC,10,1,2026-06-18 20:10:56.653783421,0
307.08,Food,Swiggy,16,4,2026-06-18 20:12:37.445468546,0
233.52,Entertainment,Spotify,14,6,2026-06-18 20:14:52.628966946,0
132.45,Food,Zomato,7,6,2026-06-18 20:22:42.603877649,0
570.48,Shopping,Flipkart,14,2,2026-06-18 20:24:57.154110583,0
81.95,Food,KFC,19,1,2026-06-18 20:43:00.996113186,0
1381.82,Bills,PhonePe,7,2,2026-06-18 20:52:06.105954501,0
2254.36,Food,Swiggy,20,6,2026-06-18 20:54:56.104685574,1
111.34,Entertainment,Hotstar,15,0,2026-06-18 21:14:16.146420575,0
340.43,Entertainment,Spotify,21,2,2026-06-18 21:19:36.991756476,0
169.62,Food,Local Cafe,8,4,2026-06-18 21:21:19.532618435,0
267.76,Entertainment,Hotstar,22,6,2026-06-18 21:26:31.750507280,0
199.23,Entertainment,Hotstar,16,0,2026-06-18 21:42:10.156421573,0
313.16,Travel,Ola,15,0,2026-06-18 21:43:46.040658341,0
179.83,Travel,RedBus,13,3,2026-06-18 21:54:55.785835745,0
80.18,Food,Zomato,6,4,2026-06-18 22:08:15.553508147,0
1504.8,Shopping,Amazon,21,4,2026-06-18 22:09:38.454752288,1
238.22,Food,KFC,16,1,2026-06-18 22:26:18.690980100,0
164.23,Food,Zomato,7,2,2026-06-18 22:29:27.646145560,0
116.75,Entertainment,JioCinema,6,5,2026-06-18 22:33:25.130082611,0
157.63,Food,Zomato,7,2,2026-06-18 22:38:16.972187917,0
169.11,Bills,GooglePay,16,4,2026-06-18 22:41:43.650020872,0
129.96,Travel,Unknown Merchant,16,2,2026-06-18 22:49:46.154364718,1
321.14,Entertainment,YouTube,13,4,2026-06-18 22:56:33.646463076,0
149.46,Entertainment,Spotify,11,6,2026-06-18 23:13:00.668595808,0
235.48,Food,Swiggy,14,0,2026-06-18 23:23:42.714012159,0
142.91,Food,KFC,14,2,2026-06-18 23:24:06.533819067,0
705.41,Shopping,Myntra,6,6,2026-06-18 23:30:21.318278214,0
63.84,Food,Local Cafe,11,2,2026-06-18 23:30:54.579959977,0
191.7,Food,KFC,7,4,2026-06-18 23:52:00.654232022,0
10.0,Shopping,Amazon,20,6,2026-06-19 00:30:24.797666583,0
215.7,Travel,Uber,18,4,2026-06-19 00:32:32.286955120,0
881.66,Shopping,Meesho,22,1,2026-06-19 00:34:08.141338284,0
152.58,Food,Swiggy,11,2,2026-06-19 00:45:46.071414631,0
442.47,Bills,GooglePay,20,3,2026-06-19 00:52:06.906395782,0
243.98,Food,Zomato,15,4,2026-06-19 00:56:09.451010173,0
319.28,Food,Zomato,13,3,2026-06-19 00:57:54.728977735,0
250.97,Travel,RedBus,10,0,2026-06-19 01:17:36.986280405,0
192.63,Bills,Jio,18,0,2026-06-19 01:22:20.004363670,0
309.24,Travel,Ola,20,3,2026-06-19 01:29:39.001569491,0
209.91,Food,Dominos,10,5,2026-06-19 01:31:59.433515571,0
261.37,Travel,RedBus,9,0,2026-06-19 01:41:11.724651168,0
10.0,Bills,Paytm,17,3,2026-06-19 01:42:20.150616497,0
691.69,Shopping,Amazon,22,1,2026-06-19 01:48:45.894175711,0
516.6,Bills,PhonePe,19,1,2026-06-19 01:57:41.830051239,0
156.49,Entertainment,JioCinema,11,0,2026-06-19 02:02:02.634825390,0
56.6,Shopping,Meesho,12,6,2026-06-19 02:20:11.311346437,0
10.0,Shopping,Myntra,12,3,2026-06-19 02:20:39.577722420,0
89.15,Entertainment,Netflix,20,3,2026-06-19 02:32:39.120350903,0
196.37,Travel,Ola,19,3,2026-06-19 02:37:13.104914384,0
338.53,Shopping,Flipkart,15,5,2026-06-19 02:49:59.171986198,0
1403.32,Bills,PhonePe,11,0,2026-06-19 03:05:17.319443517,0
199.92,Shopping,Flipkart,21,5,2026-06-19 03:17:06.701262765,0
227.75,Food,Zomato,16,3,2026-06-19 03:34:34.431799800,0
543.03,Shopping,Amazon,22,4,2026-06-19 03:39:23.513148767,0
367.82,Entertainment,Netflix,15,3,2026-06-19 03:55:02.161107168,0
192.7,Entertainment,Spotify,19,4,2026-06-19 03:58:37.301574912,0
10.0,Food,KFC,19,1,2026-06-19 04:08:12.740614285,0
451.99,Shopping,Myntra,12,4,2026-06-19 04:11:35.706841972,0
10.0,Food,Unknown Merchant,22,1,2026-06-19 04:25:15.528370743,1
87.49,Entertainment,Netflix,6,0,2026-06-19 04:33:31.458385727,0
185.5,Entertainment,Netflix,19,6,2026-06-19 04:39:40.519118059,0
751.32,Bills,Paytm,22,6,2026-06-19 04:44:58.692366392,0
486.83,Travel,IRCTC,12,5,2026-06-19 04:53:45.711161028,0
973.38,Bills,GooglePay,16,5,2026-06-19 04:55:28.792912290,0
966.92,Shopping,Flipkart,15,1,2026-06-19 05:08:47.426739625,0
224.63,Food,Local Cafe,19,1,2026-06-19 05:26:44.571537277,0
738.43,Shopping,Myntra,20,3,2026-06-19 05:45:00.432064982,0
1602.56,Bills,Paytm,15,2,2026-06-19 06:15:22.487917030,0
1151.46,Bills,Paytm,19,1,2026-06-19 06:15:30.085274489,0
904.61,Shopping,Myntra,12,4,2026-06-19 06:16:04.342572848,0
42.78,Entertainment,Netflix,10,0,2026-06-19 06:17:46.321994997,0
125.4,Food,Local Cafe,13,5,2026-06-19 06:24:40.160109422,0
616.98,Shopping,Flipkart,17,4,2026-06-19 06:31:40.469812415,0
829.96,Bills,GooglePay,9,5,2026-06-19 06:34:39.549484378,0
503.53,Bills,Paytm,17,0,2026-06-19 06:39:00.306193880,0
1123.1,Bills,Paytm,12,4,2026-06-19 06:52:59.186303446,0
234.59,Food,Zomato,19,5,2026-06-19 06:54:20.116578928,0
143.53,Food,Zomato,6,1,2026-06-19 06:56:03.368736917,0
696.49,Bills,Airtel,17,2,2026-06-19 06:58:07.836938715,0
350.88,Shopping,Myntra,16,1,2026-06-19 07:00:17.340391642,0
218.24,Food,Local Cafe,21,6,2026-06-19 07:01:45.310842116,0
688.75,Bills,GooglePay,18,5,2026-06-19 07:04:08.492986427,0
513.11,Shopping,Meesho,19,3,2026-06-19 07:10:01.363691134,0
1289.12,Bills,PhonePe,20,4,2026-06-19 07:19:07.033330841,0
358.02,Travel,Rapido,17,2,2026-06-19 07:20:50.794783006,0
153.51,Food,Dominos,11,4,2026-06-19 07:25:11.817018887,0
103.99,Food,Dominos,20,3,2026-06-19 07:35:24.449109000,0
297.62,Travel,Uber,19,3,2026-06-19 07:45:39.356649939,0
514.72,Bills,Airtel,13,3,2026-06-19 08:02:00.252508967,0
890.52,Bills,GooglePay,18,5,2026-06-19 08:03:31.560556257,0
208.05,Travel,RedBus,20,1,2026-06-19 08:07:11.512424696,0
232.18,Travel,IRCTC,22,5,2026-06-19 08:10:21.255909663,0
199.58,Entertainment,Spotify,21,1,2026-06-19 08:11:37.224097563,0
1011.61,Shopping,Amazon,12,2,2026-06-19 08:13:56.747046336,0
27.91,Shopping,Ajio,12,3,2026-06-19 08:15:52.713014686,0
611.62,Shopping,Meesho,7,6,2026-06-19 08:17:39.246095147,0
60.78,Food,Dominos,10,1,2026-06-19 08:18:30.552335901,0
416.51,Shopping,Amazon,20,0,2026-06-19 08:23:43.401462817,0
105.78,Food,Local Cafe,12,6,2026-06-19 08:27:53.446940818,0
140.47,Entertainment,YouTube,16,0,2026-06-19 08:34:05.588946635,0
331.68,Shopping,Flipkart,17,1,2026-06-19 08:58:24.744654114,0
424.75,Shopping,Myntra,19,6,2026-06-19 09:05:44.478088443,0
293.22,Shopping,Ajio,9,6,2026-06-19 09:11:22.469307832,0
95.2,Food,KFC,11,2,2026-06-19 09:15:33.563412882,0
106.07,Food,Zomato,13,4,2026-06-19 09:36:01.021215795,0
321.65,Shopping,Flipkart,12,5,2026-06-19 09:38:13.596128306,0
83.65,Food,KFC,22,3,2026-06-19 09:45:01.665475025,0
1036.63,Bills,Jio,19,1,2026-06-19 09:46:30.565430293,0
161.88,Entertainment,Hotstar,13,2,2026-06-19 09:53:23.254179305,0
179.28,Entertainment,Hotstar,20,6,2026-06-19 10:14:56.454326408,0
687.15,Bills,Airtel,12,5,2026-06-19 10:27:24.707208953,0
99.53,Food,Dominos,19,4,2026-06-19 10:31:24.865773540,0
113.56,Entertainment,Netflix,10,2,2026-06-19 10:41:41.874093389,0
269.28,Entertainment,Netflix,19,4,2026-06-19 10:44:50.900071741,0
84.91,Food,Swiggy,13,0,2026-06-19 10:49:43.861986772,0
492.13,Bills,Paytm,7,5,2026-06-19 10:54:21.561810379,0
229.59,Food,Swiggy,11,5,2026-06-19 10:55:01.764830329,0
193.23,Travel,Ola,12,4,2026-06-19 11:07:45.155774239,0
198.76,Entertainment,Netflix,19,0,2026-06-19 11:15:24.710465375,0
123.73,Food,KFC,7,3,2026-06-19 11:52:32.771021647,0
194.99,Entertainment,Netflix,17,1,2026-06-19 11:53:11.175739861,0
1388.68,Bills,Paytm,18,6,2026-06-19 11:53:54.352367100,0
128.87,Entertainment,Hotstar,16,0,2026-06-19 11:54:54.196729119,0
678.54,Shopping,Meesho,19,2,2026-06-19 12:11:40.641327760,0
437.74,Travel,RedBus,9,4,2026-06-19 12:18:45.186095829,0
198.78,Food,KFC,15,5,2026-06-19 12:33:53.189643782,0
263.53,Food,Dominos,21,2,2026-06-19 13:06:36.332265990,0
10.0,Food,Dominos,4,5,2026-06-19 13:22:14.174102835,1
66.13,Entertainment,Netflix,16,0,2026-06-19 13:28:41.340135780,0
122.87,Travel,Uber,18,5,2026-06-19 13:39:57.386250641,0
151.83,Entertainment,Hotstar,12,6,2026-06-19 13:42:10.603134429,0
224.26,Entertainment,Hotstar,18,5,2026-06-19 13:42:38.602883647,0
82.97,Food,Local Cafe,3,6,2026-06-19 13:52:25.734068967,1
246.59,Shopping,Meesho,6,5,2026-06-19 13:52:27.248489627,0
156.63,Food,KFC,20,5,2026-06-19 14:00:22.123122574,0
187.87,Food,KFC,10,6,2026-06-19 14:03:57.639403905,0
147.62,Food,Dominos,13,6,2026-06-19 14:04:59.827555906,0
657.38,Shopping,Amazon,20,2,2026-06-19 14:07:14.764977532,0
29.16,Food,Zomato,19,4,2026-06-19 14:14:03.732923532,0
94.98,Food,Swiggy,20,1,2026-06-19 14:14:10.839038291,0
75.88,Food,Local Cafe,21,2,2026-06-19 14:31:02.171733003,0
107.32,Food,Zomato,13,3,2026-06-19 14:50:31.158233821,0
191.75,Entertainment,Hotstar,17,4,2026-06-19 14:58:10.035492905,0
10.0,Travel,Uber,12,4,2026-06-19 14:58:13.669609779,0
145.7,Entertainment,JioCinema,12,6,2026-06-19 15:22:22.584267197,0
290.92,Shopping,Flipkart,13,3,2026-06-19 15:22:50.091595983,0
35.09,Food,Local Cafe,18,6,2026-06-19 15:28:37.206614428,0
410.03,Travel,Uber,13,6,2026-06-19 15:33:14.794655760,0
147.17,Food,Zomato,19,0,2026-06-19 15:36:21.542311173,0
107.83,Food,Swiggy,18,3,2026-06-19 15:46:21.119685028,0
280.03,Food,KFC,6,0,2026-06-19 15:48:48.148179420,0
41.07,Food,KFC,16,1,2026-06-19 15:49:49.554521851,0
285.39,Food,Swiggy,13,0,2026-06-19 16:06:24.530788020,0
422.08,Shopping,Flipkart,13,6,2026-06-19 16:11:48.990011121,0
491.49,Bills,GooglePay,19,1,2026-06-19 16:14:21.950948973,0
109.77,Food,Swiggy,14,1,2026-06-19 16:21:40.965107535,0
117.44,Food,Local Cafe,20,5,2026-06-19 16:24:48.242903715,0
670.16,Travel,Uber,18,5,2026-06-19 16:31:52.729578783,0
169.83,Food,KFC,14,3,2026-06-19 16:40:26.277236556,0
64.37,Food,Swiggy,19,6,2026-06-19 16:42:09.829128188,0
268.68,Entertainment,Netflix,6,1,2026-06-19 16:42:13.378488020,0
118.13,Food,KFC,6,6,2026-06-19 16:46:02.016086647,0
10.0,Food,Zomato,7,0,2026-06-19 16:50:41.429650990,0
697.95,Shopping,Amazon,13,2,2026-06-19 16:50:45.198269636,0
205.03,Food,Dominos,10,5,2026-06-19 16:56:55.002405780,0
395.85,Shopping,Myntra,22,4,2026-06-19 16:58:01.463834043,0
171.01,Travel,Ola,14,4,2026-06-19 17:05:41.752995435,0
213.46,Food,Local Cafe,17,0,2026-06-19 17:13:59.860123781,0
292.11,Shopping,Myntra,11,5,2026-06-19 17:16:49.038305168,0
807.83,Shopping,Meesho,12,2,2026-06-19 17:22:56.189293647,0
96.36,Food,Local Cafe,12,6,2026-06-19 17:27:11.154910102,0
739.44,Bills,GooglePay,17,1,2026-06-19 17:33:45.044015408,0
177.97,Food,Local Cafe,13,5,2026-06-19 17:44:12.013211565,0
540.05,Shopping,Flipkart,14,0,2026-06-19 17:44:27.500376056,0
90.15,Food,Zomato,15,6,2026-06-19 17:47:50.062950095,0
587.5,Shopping,Ajio,19,1,2026-06-19 17:57:51.618305269,0
200.82,Food,Dominos,7,5,2026-06-19 18:05:31.917340995,0
94.75,Travel,IRCTC,19,3,2026-06-19 18:09:51.395538622,0
180.2,Food,Local Cafe,15,2,2026-06-19 18:15:36.495216631,0
445.39,Shopping,Myntra,17,4,2026-06-19 18:15:48.303620605,0
209.5,Shopping,Ajio,12,0,2026-06-19 18:24:17.092319163,0
899.32,Bills,PhonePe,12,4,2026-06-19 18:29:48.930278791,0
725.75,Shopping,Myntra,10,6,2026-06-19 18:31:09.675848703,0
564.76,Bills,Jio,22,1,2026-06-19 18:33:16.459524226,0
10.0,Travel,RedBus,13,1,2026-06-19 18:35:44.917362860,0
229.97,Entertainment,Netflix,22,3,2026-06-19 18:38:06.795711430,0
117.52,Food,KFC,13,1,2026-06-19 18:38:20.999867243,0
661.15,Shopping,Amazon,10,1,2026-06-19 18:44:17.317832620,0
488.84,Travel,Ola,13,6,2026-06-19 18:45:46.850664346,0
219.52,Entertainment,Hotstar,6,4,2026-06-19 18:46:13.466890023,0
262.48,Entertainment,JioCinema,20,4,2026-06-19 18:46:16.881217069,0
741.48,Shopping,Flipkart,19,0,2026-06-19 19:00:57.526335338,0
102.43,Food,Local Cafe,18,0,2026-06-19 19:07:32.426456836,0
373.23,Shopping,Amazon,16,1,2026-06-19 19:10:11.017502260,0
930.1,Bills,GooglePay,15,5,2026-06-19 19:25:53.429776531,0
853.78,Shopping,Meesho,22,2,2026-06-19 19:28:31.320988486,0
146.55,Shopping,Myntra,11,0,2026-06-19 19:29:29.364773251,0
386.57,Travel,IRCTC,19,1,2026-06-19 19:36:40.205582352,0
825.34,Shopping,Amazon,15,5,2026-06-19 19:42:32.036500257,0
178.81,Entertainment,Netflix,22,5,2026-06-19 19:43:44.402307220,0
483.23,Shopping,Amazon,19,4,2026-06-19 19:52:34.002280644,0
143.71,Food,KFC,22,5,2026-06-19 19:59:51.477100146,0
459.91,Shopping,Flipkart,15,3,2026-06-19 20:16:04.066798288,0
144.66,Travel,RedBus,9,4,2026-06-19 20:26:18.310529738,0
136.04,Food,Local Cafe,13,4,2026-06-19 20:32:17.773113852,0
90.21,Food,Zomato,18,3,2026-06-19 20:35:11.762553537,0
255.46,Entertainment,JioCinema,19,6,2026-06-19 20:43:32.782926561,0
20.09,Food,Swiggy,6,6,2026-06-19 20:59:57.788768575,0
728.94,Shopping,Ajio,13,4,2026-06-19 21:03:34.784777956,0
776.74,Shopping,Ajio,10,0,2026-06-19 21:11:12.010606760,0
537.31,Shopping,Amazon,20,4,2026-06-19 21:12:11.935722461,0
1439.24,Bills,Paytm,8,3,2026-06-19 21:14:19.445798305,0
179.21,Food,Dominos,17,1,2026-06-19 21:15:17.479372347,0
573.47,Shopping,Amazon,11,1,2026-06-19 21:21:36.534420611,0
10.0,Shopping,Amazon,12,1,2026-06-19 21:28:20.728757895,0
1196.23,Bills,PhonePe,21,6,2026-06-19 21:33:03.048605329,0
79.75,Food,KFC,10,3,2026-06-19 21:35:15.477324492,0
204.52,Shopping,Flipkart,7,3,2026-06-19 21:52:13.183027111,0
163.11,Food,Swiggy,7,0,2026-06-19 21:54:13.225590983,0
90.59,Food,Zomato,13,3,2026-06-19 22:03:03.197527378,0
132.03,Food,KFC,16,5,2026-06-19 22:03:34.194733609,0
236.0,Food,Local Cafe,12,1,2026-06-19 22:29:23.434626318,0
591.08,Travel,Uber,17,3,2026-06-19 22:29:59.151509386,0
102.96,Food,Swiggy,7,2,2026-06-19 22:35:02.795567962,0
181.34,Entertainment,YouTube,20,6,2026-06-19 22:35:28.940622766,0
417.12,Entertainment,JioCinema,19,4,2026-06-19 22:52:15.293734590,0
933.3,Shopping,Flipkart,22,0,2026-06-19 23:02:51.853681960,0
16.21,Food,KFC,21,1,2026-06-19 23:13:46.606384327,0
747.94,Shopping,Amazon,12,5,2026-06-19 23:15:42.155450331,0
151.0,Travel,Uber,12,5,2026-06-19 23:21:38.735345235,0
328.42,Shopping,Flipkart,18,1,2026-06-19 23:23:00.571695182,0
215.23,Food,Swiggy,8,5,2026-06-19 23:26:57.900899267,0
10.0,Shopping,Unknown Merchant,12,2,2026-06-19 23:34:11.576713356,1
501.42,Travel,Uber,8,0,2026-06-19 23:37:29.503543508,0
554.21,Travel,RedBus,13,6,2026-06-19 23:38:22.438563228,0
123.83,Food,Swiggy,14,4,2026-06-19 23:45:49.526572324,0
6901.53,Bills,GooglePay,9,0,2026-06-19 23:50:02.657544541,1
182.69,Food,Zomato,6,0,2026-06-19 23:55:38.380679512,0
60.79,Food,Swiggy,18,6,2026-06-20 00:00:34.738046656,0
207.32,Entertainment,Netflix,6,1,2026-06-20 00:05:10.161939384,0
97.57,Food,Swiggy,22,3,2026-06-20 00:08:41.418804657,0
165.6,Food,Zomato,10,4,2026-06-20 00:22:31.504000000,0
55.84,Food,Dominos,17,0,2026-06-20 00:25:19.655860922,0
356.24,Entertainment,Hotstar,13,2,2026-06-20 00:27:12.970664042,0
407.99,Travel,Ola,7,6,2026-06-20 00:37:00.150016584,0
628.0,Bills,Jio,13,1,2026-06-20 00:40:16.869161220,0
344.17,Travel,IRCTC,14,3,2026-06-20 00:50:09.983786248,0
146.57,Food,KFC,20,3,2026-06-20 00:55:45.283846264,0
10.0,Shopping,Meesho,18,1,2026-06-20 01:01:08.234598321,0
981.42,Shopping,Meesho,7,0,2026-06-20 01:03:37.355917752,0
145.06,Food,Dominos,9,6,2026-06-20 01:13:55.580388965,0
549.03,Shopping,Amazon,12,5,2026-06-20 01:30:19.861012366,0
69.29,Entertainment,Spotify,8,1,2026-06-20 01:45:25.420567750,0
164.89,Food,KFC,13,5,2026-06-20 01:56:25.368685807,0
179.67,Food,Local Cafe,22,3,2026-06-20 02:10:28.245689139,0
70.69,Food,Swiggy,13,3,2026-06-20 02:11:20.572265386,0
204.28,Food,Swiggy,18,2,2026-06-20 02:12:24.490098556,0
12.51,Entertainment,YouTube,17,2,2026-06-20 02:12:47.745479683,0
442.16,Shopping,Myntra,20,3,2026-06-20 02:16:44.267938265,0
98.14,Shopping,Amazon,9,2,2026-06-20 02:20:32.065996251,0
306.57,Travel,RedBus,19,2,2026-06-20 02:29:30.896013629,0
119.38,Food,Zomato,20,2,2026-06-20 02:38:57.734296274,0
632.15,Shopping,Myntra,9,3,2026-06-20 02:45:36.480387754,0
477.49,Shopping,Myntra,12,0,2026-06-20 03:04:27.132141983,0
624.01,Shopping,Myntra,22,0,2026-06-20 03:08:38.354163909,0
205.46,Entertainment,YouTube,19,6,2026-06-20 03:10:07.316616583,0
512.16,Travel,Rapido,11,4,2026-06-20 03:28:38.892491945,0
769.87,Shopping,Flipkart,15,2,2026-06-20 03:29:13.303059755,0
159.75,Travel,Ola,12,0,2026-06-20 03:35:29.496106359,0
228.09,Food,Swiggy,13,4,2026-06-20 04:13:38.668940574,0
179.0,Food,Swiggy,12,1,2026-06-20 04:16:56.393990442,0
243.01,Food,Local Cafe,11,2,2026-06-20 04:23:02.351138108,0
73.25,Food,Zomato,17,0,2026-06-20 04:32:28.949873865,0
145.4,Shopping,Amazon,19,0,2026-06-20 04:34:47.527277102,0
333.82,Bills,Paytm,20,5,2026-06-20 04:36:19.897491806,0
347.07,Entertainment,Spotify,8,0,2026-06-20 04:48:10.336311708,0
855.55,Shopping,Myntra,19,5,2026-06-20 04:56:08.306592573,0
769.49,Shopping,Amazon,10,4,2026-06-20 04:59:01.730088728,0
47.81,Food,Swiggy,13,5,2026-06-20 05:14:27.856131923,0
222.87,Food,Zomato,20,1,2026-06-20 05:27:47.333219380,0
132.88,Shopping,Myntra,13,6,2026-06-20 05:32:29.436283667,0
10.0,Shopping,Flipkart,9,2,2026-06-20 06:06:01.314712525,0
219.43,Travel,IRCTC,8,0,2026-06-20 06:17:22.386392215,0
136.45,Food,Local Cafe,13,6,2026-06-20 06:18:10.610982965,0
256.0,Food,Local Cafe,19,3,2026-06-20 06:28:38.690128310,0
208.3,Shopping,Flipkart,22,2,2026-06-20 07:19:53.882269550,0
331.52,Food,Dominos,19,3,2026-06-20 07:23:14.871701208,0
165.08,Food,Zomato,20,6,2026-06-20 07:32:43.363699030,0
756.81,Bills,Paytm,19,4,2026-06-20 07:36:47.356096342,0
140.96,Food,KFC,20,0,2026-06-20 07:42:28.078986474,0
325.67,Bills,Jio,7,2,2026-06-20 07:46:33.350666609,0
124.02,Food,KFC,21,2,2026-06-20 07:46:43.876335509,0
170.96,Food,KFC,12,0,2026-06-20 07:54:58.488775956,0
780.03,Shopping,Amazon,21,6,2026-06-20 07:56:48.327223005,0
227.66,Travel,Ola,7,1,2026-06-20 08:02:59.341426623,0
553.6,Shopping,Flipkart,18,4,2026-06-20 08:04:35.911244850,0
452.78,Travel,Uber,18,0,2026-06-20 08:12:08.764073618,0
118.77,Food,Zomato,22,5,2026-06-20 08:12:09.020313992,0
500.67,Travel,RedBus,19,2,2026-06-20 08:21:32.569387676,0
193.88,Food,KFC,12,1,2026-06-20 08:34:04.505977663,0
1130.17,Bills,PhonePe,14,2,2026-06-20 08:40:54.476336484,0
10.0,Shopping,Amazon,12,3,2026-06-20 08:58:40.909582401,0
171.94,Entertainment,YouTube,9,2,2026-06-20 09:16:25.945063091,0
315.19,Shopping,Flipkart,10,4,2026-06-20 09:36:57.351579029,0
10.0,Food,Local Cafe,10,0,2026-06-20 09:38:06.455460929,0
292.18,Food,KFC,14,2,2026-06-20 09:55:57.111297076,0
481.37,Travel,Rapido,20,5,2026-06-20 10:02:47.931484880,0
64.45,Shopping,Amazon,21,3,2026-06-20 10:14:01.529396064,0
573.11,Travel,Uber,7,3,2026-06-20 10:21:35.368104308,0
146.28,Food,Swiggy,7,0,2026-06-20 10:23:09.479909444,0
186.0,Food,Dominos,10,3,2026-06-20 10:36:26.354100040,0
102.83,Food,Local Cafe,10,6,2026-06-20 10:46:03.411214372,0
299.55,Entertainment,YouTube,7,0,2026-06-20 10:47:42.118649656,0
767.42,Bills,Jio,12,4,2026-06-20 10:50:43.391932741,0
250.66,Entertainment,Spotify,15,0,2026-06-20 10:51:50.025867916,0
238.96,Food,KFC,15,1,2026-06-20 10:52:59.282267134,0
1056.75,Bills,GooglePay,14,3,2026-06-20 11:05:19.957300777,0
646.76,Bills,PhonePe,12,3,2026-06-20 11:08:58.451120237,0
143.9,Food,Dominos,18,5,2026-06-20 11:20:19.655619327,0
10.0,Travel,RedBus,19,2,2026-06-20 11:21:11.413160110,0
286.03,Entertainment,Spotify,12,1,2026-06-20 11:33:25.115519489,0
10.0,Entertainment,Spotify,7,6,2026-06-20 11:35:02.320209680,0
695.6,Bills,PhonePe,11,2,2026-06-20 11:40:39.590061435,0
150.75,Food,Swiggy,8,0,2026-06-20 11:44:28.640698187,0
174.24,Food,Swiggy,13,4,2026-06-20 12:00:06.875848249,0
141.08,Entertainment,YouTube,8,5,2026-06-20 12:04:16.769612026,0
142.46,Food,Local Cafe,13,3,2026-06-20 12:08:15.924356481,0
872.58,Bills,PhonePe,10,6,2026-06-20 12:09:02.046084541,0
865.38,Bills,Jio,18,6,2026-06-20 12:16:31.688990014,0
851.54,Bills,GooglePay,6,4,2026-06-20 12:26:15.162524780,0
164.63,Entertainment,Netflix,14,0,2026-06-20 12:33:14.282756355,0
168.19,Food,Dominos,8,0,2026-06-20 12:39:31.874602388,0
253.78,Food,KFC,6,1,2026-06-20 12:41:23.858268012,0
143.65,Food,KFC,20,2,2026-06-20 12:43:33.988968928,0
564.34,Shopping,Amazon,17,3,2026-06-20 12:44:53.342995263,0
142.29,Food,Swiggy,7,6,2026-06-20 12:47:22.194900984,0
248.99,Food,Local Cafe,17,3,2026-06-20 12:53:50.162192363,0
248.46,Travel,IRCTC,16,6,2026-06-20 12:56:14.314056950,0
114.05,Entertainment,JioCinema,13,4,2026-06-20 13:03:21.098962271,0
204.35,Food,Swiggy,12,1,2026-06-20 13:06:44.852852726,0
408.6,Shopping,Flipkart,20,5,2026-06-20 13:26:54.123949890,0
262.05,Entertainment,Spotify,10,0,2026-06-20 13:33:18.038959672,0
113.23,Food,Swiggy,12,1,2026-06-20 13:34:27.933344077,0
64.94,Food,Swiggy,12,3,2026-06-20 13:38:55.161713094,0
146.16,Food,Dominos,19,5,2026-06-20 13:45:32.968401824,0
89.8,Shopping,Myntra,21,2,2026-06-20 14:04:53.975455615,0
172.47,Food,Dominos,20,4,2026-06-20 14:06:32.558630369,0
280.9,Entertainment,Hotstar,19,0,2026-06-20 14:17:33.841217810,0
1061.04,Shopping,Amazon,22,0,2026-06-20 14:18:04.286807084,0
350.24,Shopping,Meesho,17,0,2026-06-20 14:22:56.326568337,0
92.52,Food,Dominos,19,2,2026-06-20 14:23:58.064134811,0
735.04,Shopping,Amazon,22,3,2026-06-20 14:29:55.363010111,0
1083.31,Bills,Jio,6,3,2026-06-20 14:32:26.918256221,0
455.14,Travel,Uber,16,1,2026-06-20 14:38:26.708278274,0
677.86,Travel,Uber,18,5,2026-06-20 14:57:51.296901725,0
503.41,Shopping,Myntra,21,6,2026-06-20 15:31:33.602202781,0
413.53,Entertainment,Netflix,20,1,2026-06-20 15:32:05.696263832,0
232.69,Travel,Uber,20,3,2026-06-20 15:43:15.354087468,0
171.02,Travel,Uber,21,0,2026-06-20 15:53:09.995989201,0
91.65,Food,Zomato,14,2,2026-06-20 15:57:32.410917646,0
87.17,Food,Dominos,6,3,2026-06-20 15:58:10.436582885,0
305.92,Food,Dominos,6,2,2026-06-20 16:05:54.669082320,0
1270.88,Bills,Airtel,14,4,2026-06-20 16:08:16.925683823,0
1050.24,Shopping,Meesho,13,0,2026-06-20 16:08:24.197416026,0
10.0,Shopping,Amazon,13,4,2026-06-20 16:08:59.669711040,0
77.01,Entertainment,Netflix,12,3,2026-06-20 16:15:43.095450464,0
169.94,Entertainment,Spotify,21,1,2026-06-20 16:17:35.649719429,0
155.3,Entertainment,JioCinema,12,3,2026-06-20 16:34:40.429104185,0
167.54,Food,Zomato,3,4,2026-06-20 16:41:45.678337730,1
814.12,Bills,GooglePay,20,2,2026-06-20 16:54:34.794196833,0
70.57,Food,Swiggy,13,5,2026-06-20 17:01:32.724940940,0
106.06,Food,KFC,13,5,2026-06-20 17:02:47.702970909,0
130.23,Food,Swiggy,19,3,2026-06-20 17:16:42.821132088,0
59.63,Food,Zomato,18,6,2026-06-20 17:20:45.730126207,0
462.25,Shopping,Amazon,12,1,2026-06-20 17:26:03.800959520,0
85.38,Travel,Rapido,7,4,2026-06-20 17:26:47.560079985,0
137.72,Food,KFC,11,3,2026-06-20 17:33:59.685104940,0
453.42,Bills,GooglePay,8,4,2026-06-20 17:45:53.828366735,0
772.04,Shopping,Amazon,11,4,2026-06-20 17:47:11.403077087,0
182.47,Food,Local Cafe,10,0,2026-06-20 18:02:08.517709064,0
614.16,Shopping,Meesho,16,5,2026-06-20 18:08:11.731483482,0
205.26,Food,Local Cafe,22,6,2026-06-20 18:18:05.705699451,0
637.89,Shopping,Flipkart,17,5,2026-06-20 18:19:04.210622896,0
774.08,Shopping,Amazon,21,2,2026-06-20 18:19:51.783233724,0
160.69,Food,Zomato,19,6,2026-06-20 18:21:57.689599861,0
204.05,Food,Swiggy,18,0,2026-06-20 18:22:28.568751900,0
604.81,Shopping,Meesho,12,5,2026-06-20 18:23:56.190205484,0
234.21,Entertainment,Hotstar,12,4,2026-06-20 18:27:51.299489074,0
36.0,Food,Swiggy,20,1,2026-06-20 18:29:07.937409025,0
410.22,Bills,Jio,20,1,2026-06-20 18:30:24.999093530,0
891.83,Bills,Paytm,13,0,2026-06-20 18:39:40.277514099,0
127.56,Entertainment,Spotify,6,1,2026-06-20 18:44:40.595383842,0
284.33,Travel,Uber,19,4,2026-06-20 18:47:14.260244014,0
345.36,Shopping,Meesho,11,6,2026-06-20 18:50:16.282622212,0
607.94,Bills,PhonePe,6,3,2026-06-20 18:58:02.296850897,0
203.01,Entertainment,Hotstar,19,4,2026-06-20 18:58:39.335817346,0
418.05,Shopping,Myntra,14,5,2026-06-20 19:03:04.386900409,0
257.54,Food,Dominos,17,3,2026-06-20 19:11:38.520556889,0
42.7,Food,Local Cafe,21,1,2026-06-20 19:19:15.658233430,0
407.7,Travel,Ola,14,6,2026-06-20 19:22:40.184378355,0
446.89,Travel,RedBus,13,2,2026-06-20 19:29:32.374103987,0
263.79,Food,Swiggy,11,2,2026-06-20 19:32:01.932894093,0
516.02,Shopping,Myntra,11,4,2026-06-20 19:35:11.639731552,0
688.43,Shopping,Amazon,19,4,2026-06-20 19:40:04.783904586,0
256.36,Food,Dominos,13,1,2026-06-20 19:51:12.259545123,0
141.06,Entertainment,Netflix,8,2,2026-06-20 20:03:05.739339869,0
81.08,Food,KFC,7,2,2026-06-20 20:04:23.101543791,0
157.8,Food,KFC,13,4,2026-06-20 20:10:43.541014222,0
432.0,Shopping,Myntra,13,5,2026-06-20 20:18:09.412633267,0
1059.66,Bills,GooglePay,16,2,2026-06-20 20:27:27.254915556,0
46.83,Food,Zomato,13,4,2026-06-20 20:37:09.456376086,0
1301.49,Bills,GooglePay,8,0,2026-06-20 20:39:44.870253271,0
571.36,Shopping,Flipkart,13,2,2026-06-20 20:39:48.155158327,0
129.63,Food,Zomato,20,3,2026-06-20 20:44:51.479140278,0
149.33,Food,Local Cafe,8,6,2026-06-20 20:51:53.545215748,0
792.75,Shopping,Ajio,17,1,2026-06-20 20:54:15.466079655,0
188.31,Food,Zomato,15,6,2026-06-20 21:16:35.113639791,0
197.28,Entertainment,Spotify,19,4,2026-06-20 21:24:51.264949715,0
259.37,Travel,IRCTC,8,2,2026-06-20 21:29:31.557142247,0
183.93,Entertainment,YouTube,21,2,2026-06-20 21:36:11.558985615,0
198.41,Food,Local Cafe,16,5,2026-06-20 21:45:20.352108847,0
171.97,Entertainment,Netflix,20,4,2026-06-20 21:47:32.822209333,0
657.55,Shopping,Ajio,10,3,2026-06-20 21:49:51.923561014,0
10.0,Food,KFC,18,2,2026-06-20 22:02:15.880345146,0
83.25,Food,Swiggy,19,0,2026-06-20 22:04:14.646713245,0
94.72,Food,Local Cafe,12,1,2026-06-20 22:23:18.802593612,0
784.75,Bills,PhonePe,12,4,2026-06-20 22:27:32.484446329,0
436.84,Shopping,Flipkart,17,2,2026-06-20 22:32:35.206767479,0
98.88,Food,KFC,7,6,2026-06-20 22:37:32.824911601,0
367.89,Bills,Paytm,18,5,2026-06-20 22:42:28.825376257,1
88.35,Food,Dominos,6,5,2026-06-20 22:53:43.506040964,0
956.19,Shopping,Flipkart,9,1,2026-06-20 22:53:54.730027231,0
307.36,Shopping,Myntra,17,4,2026-06-20 22:55:47.555964807,0
10.0,Travel,RedBus,7,4,2026-06-20 23:21:29.443105431,0
306.88,Travel,Uber,22,4,2026-06-20 23:35:05.832350082,0
307.33,Shopping,Flipkart,20,3,2026-06-20 23:36:40.509697404,0
409.3,Shopping,Ajio,16,0,2026-06-20 23:37:15.203340322,0
752.49,Shopping,Myntra,19,5,2026-06-20 23:39:04.390076159,0
253.63,Travel,Rapido,20,4,2026-06-20 23:45:07.033455875,0
122.64,Food,Swiggy,10,3,2026-06-20 23:46:29.211127395,0
10.0,Food,KFC,20,4,2026-06-20 23:49:38.861799032,0
102.78,Food,Zomato,9,4,2026-06-21 00:02:50.532549594,0
419.4,Shopping,Flipkart,12,3,2026-06-21 00:13:17.324659663,0
604.3,Shopping,Flipkart,14,0,2026-06-21 00:14:32.063182105,0
10.0,Travel,IRCTC,18,1,2026-06-21 00:21:30.189964480,0
53.34,Food,Local Cafe,6,5,2026-06-21 00:34:00.337346713,0
611.36,Shopping,Amazon,11,2,2026-06-21 00:34:44.792330133,0
303.65,Travel,Ola,16,6,2026-06-21 00:37:13.165467922,0
191.2,Travel,Ola,12,4,2026-06-21 00:46:02.130368404,0
628.21,Shopping,Amazon,19,0,2026-06-21 00:57:26.623149341,0
383.45,Shopping,Flipkart,3,5,2026-06-21 01:13:27.252635769,1
216.04,Food,Local Cafe,10,2,2026-06-21 01:17:53.717343581,0
141.84,Bills,Jio,8,4,2026-06-21 01:20:37.364367548,1
81.56,Food,Zomato,16,6,2026-06-21 01:27:45.571356214,0
444.13,Entertainment,Hotstar,13,2,2026-06-21 01:30:10.314145063,0
1043.8,Bills,Paytm,8,3,2026-06-21 01:36:35.788912094,0
277.45,Shopping,Meesho,12,6,2026-06-21 01:42:16.975783827,0
119.46,Food,KFC,11,5,2026-06-21 01:47:43.170915800,0
326.8,Shopping,Flipkart,7,0,2026-06-21 01:53:15.025530460,0
47.0,Shopping,Flipkart,14,0,2026-06-21 02:12:06.297262925,0
123.94,Food,Dominos,19,5,2026-06-21 02:22:02.764145049,0
845.33,Bills,PhonePe,15,1,2026-06-21 02:22:43.444723506,0
328.69,Entertainment,Spotify,19,1,2026-06-21 02:30:16.266908573,0
462.64,Shopping,Amazon,8,2,2026-06-21 02:30:23.101553915,0
614.24,Bills,PhonePe,13,3,2026-06-21 02:47:45.318201068,0
263.91,Food,KFC,16,2,2026-06-21 02:48:09.444420664,0
851.34,Shopping,Flipkart,17,4,2026-06-21 02:52:04.204387562,0
158.6,Food,Zomato,17,0,2026-06-21 03:02:57.309662788,0
806.05,Bills,PhonePe,18,2,2026-06-21 03:12:47.080583341,0
233.63,Entertainment,Netflix,16,2,2026-06-21 03:19:26.912495062,0
562.88,Bills,GooglePay,7,5,2026-06-21 03:34:37.364515052,0
148.13,Food,Zomato,17,6,2026-06-21 03:36:08.110264840,0
311.88,Shopping,Ajio,18,0,2026-06-21 03:38:58.716491921,0
862.25,Shopping,Amazon,22,0,2026-06-21 03:55:14.227648238,0
255.86,Shopping,Myntra,17,1,2026-06-21 03:58:03.508402248,0
336.09,Travel,RedBus,17,1,2026-06-21 03:59:25.354788860,0
345.31,Travel,Ola,13,0,2026-06-21 04:00:26.118426887,0
1319.17,Bills,Jio,20,6,2026-06-21 04:07:47.574460324,0
357.35,Shopping,Amazon,22,2,2026-06-21 04:08:28.526959854,0
96.89,Food,Zomato,19,4,2026-06-21 04:08:49.983359047,0
194.29,Food,Dominos,16,2,2026-06-21 04:09:04.660737880,0
626.09,Shopping,Myntra,7,6,2026-06-21 04:10:03.418799354,0
1058.86,Shopping,Flipkart,18,4,2026-06-21 04:38:26.238776658,0
849.87,Bills,Jio,18,0,2026-06-21 04:45:06.004249568,0
1274.0,Bills,Paytm,19,5,2026-06-21 04:46:09.643719862,0
234.92,Food,KFC,8,4,2026-06-21 04:47:58.116708964,0
299.49,Shopping,Meesho,16,1,2026-06-21 05:10:35.449559142,0
38.44,Food,Local Cafe,11,5,2026-06-21 05:13:54.986611755,0
125.21,Food,Zomato,19,6,2026-06-21 05:18:20.240047990,0
457.03,Travel,RedBus,10,0,2026-06-21 05:23:49.069797845,0
255.31,Food,Zomato,17,6,2026-06-21 05:35:13.003321471,0
10.0,Shopping,Amazon,11,3,2026-06-21 05:41:10.725346769,0
84.42,Food,KFC,6,4,2026-06-21 05:42:15.139763488,0
233.63,Entertainment,YouTube,16,4,2026-06-21 05:42:40.054680793,0
678.82,Shopping,Myntra,7,6,2026-06-21 05:42:46.734493365,0
73.99,Food,Swiggy,17,5,2026-06-21 05:43:25.652016334,0
310.93,Shopping,Myntra,21,3,2026-06-21 05:51:09.011372165,0
171.81,Bills,Paytm,22,3,2026-06-21 05:51:16.122684743,0
355.72,Entertainment,YouTube,10,0,2026-06-21 05:51:23.388358523,0
164.96,Food,Local Cafe,19,5,2026-06-21 06:03:28.850741848,0
135.86,Entertainment,YouTube,12,2,2026-06-21 06:06:32.552252653,0
311.07,Entertainment,Hotstar,20,3,2026-06-21 06:49:34.369929880,0
218.61,Entertainment,Netflix,19,6,2026-06-21 06:53:10.754532989,0
1318.5,Bills,Paytm,7,4,2026-06-21 06:54:00.322308265,0
1380.77,Bills,GooglePay,12,3,2026-06-21 06:55:58.170263757,0
215.74,Shopping,Meesho,12,6,2026-06-21 07:00:11.698471718,0
535.2,Travel,Uber,19,0,2026-06-21 07:04:05.724718744,0
840.43,Shopping,Ajio,12,0,2026-06-21 07:29:20.132049255,0
972.06,Bills,GooglePay,17,4,2026-06-21 07:39:53.605375851,0
652.56,Shopping,Flipkart,15,4,2026-06-21 07:45:49.606666535,0
847.33,Bills,PhonePe,22,4,2026-06-21 07:49:08.533968767,0
76.79,Travel,Ola,21,2,2026-06-21 07:55:26.940696745,0
55.2,Food,Local Cafe,13,4,2026-06-21 08:02:15.309405272,0
620.99,Travel,RedBus,18,5,2026-06-21 08:11:56.006539416,0
555.43,Shopping,Amazon,19,0,2026-06-21 08:31:16.941670043,0
250.42,Travel,Uber,20,0,2026-06-21 08:32:17.125513889,0
670.96,Shopping,Flipkart,7,3,2026-06-21 08:33:33.712955327,0
297.18,Shopping,Meesho,11,4,2026-06-21 08:34:39.534826447,0
158.02,Entertainment,Hotstar,12,2,2026-06-21 08:36:27.570550871,0
151.74,Food,Swiggy,13,5,2026-06-21 08:37:20.315921442,0
192.53,Travel,Rapido,8,1,2026-06-21 08:43:52.649839825,0
640.56,Shopping,Meesho,13,3,2026-06-21 08:53:04.731622745,0
460.83,Shopping,Meesho,17,5,2026-06-21 08:59:38.357802482,0
186.91,Food,Swiggy,13,6,2026-06-21 09:01:37.143943102,0
666.62,Shopping,Amazon,17,2,2026-06-21 09:11:12.805424219,0
236.66,Food,Zomato,7,4,2026-06-21 09:19:11.376955842,0
125.39,Food,Swiggy,20,2,2026-06-21 09:37:48.621676810,0
72.58,Food,Local Cafe,21,1,2026-06-21 09:44:42.156291478,0
336.64,Food,KFC,16,5,2026-06-21 09:53:36.633205933,0
329.59,Entertainment,Spotify,20,2,2026-06-21 09:54:45.003962924,0
36.32,Entertainment,Netflix,8,6,2026-06-21 10:00:39.747938500,0
1257.01,Shopping,Amazon,19,1,2026-06-21 10:03:45.914289132,0
563.91,Bills,Paytm,8,1,2026-06-21 10:08:18.497999658,0
140.36,Food,Zomato,12,5,2026-06-21 10:12:22.335131666,0
357.46,Bills,Airtel,12,1,2026-06-21 10:30:04.085524423,0
320.33,Travel,RedBus,15,5,2026-06-21 10:51:06.906823704,0
145.57,Entertainment,Hotstar,11,2,2026-06-21 10:53:51.137588180,0
176.68,Shopping,Amazon,16,6,2026-06-21 11:00:30.883190687,0
43.7,Travel,RedBus,12,4,2026-06-21 11:13:26.556292308,0
90.1,Food,KFC,4,0,2026-06-21 11:23:24.095222886,1
266.33,Entertainment,JioCinema,16,0,2026-06-21 11:25:30.657527526,0
358.2,Food,KFC,9,2,2026-06-21 11:39:36.743993921,0
991.04,Bills,Unknown Merchant,12,4,2026-06-21 11:56:38.304718793,1
433.1,Bills,PhonePe,20,0,2026-06-21 12:05:54.955315488,0
660.23,Bills,Jio,12,6,2026-06-21 12:15:41.537327448,0
222.24,Food,Local Cafe,14,1,2026-06-21 12:15:45.833111267,0
168.56,Entertainment,Netflix,16,2,2026-06-21 12:48:36.773486665,0
256.04,Food,Zomato,12,2,2026-06-21 13:02:22.998866678,0
1670.93,Bills,PhonePe,11,3,2026-06-21 13:08:53.344434375,0
10.0,Food,KFC,13,3,2026-06-21 13:12:15.083605052,0
90.9,Food,Local Cafe,9,3,2026-06-21 13:13:33.435364357,0
311.89,Shopping,Flipkart,11,5,2026-06-21 13:22:57.978673725,0
948.18,Shopping,Flipkart,7,4,2026-06-21 13:46:48.272111948,0
123.55,Food,Local Cafe,11,2,2026-06-21 14:03:55.600540427,0
228.18,Food,Swiggy,12,3,2026-06-21 14:09:00.794851679,0
553.91,Shopping,Flipkart,22,2,2026-06-21 14:20:45.920873797,0
258.07,Travel,Ola,15,1,2026-06-21 14:20:45.925252562,0
260.85,Entertainment,JioCinema,19,3,2026-06-21 14:26:12.019084863,0
270.76,Food,KFC,6,2,2026-06-21 14:31:30.433545561,0
10.0,Shopping,Myntra,7,4,2026-06-21 14:31:43.209098808,0
241.76,Food,KFC,19,5,2026-06-21 14:36:49.616670408,0
144.81,Food,KFC,16,6,2026-06-21 14:55:03.689270692,0
883.17,Bills,GooglePay,9,4,2026-06-21 14:55:39.842320727,0
1194.38,Bills,Jio,12,4,2026-06-21 14:59:35.940287219,0
171.36,Food,Swiggy,14,6,2026-06-21 15:05:08.569897195,0
284.29,Food,KFC,20,3,2026-06-21 15:05:45.480982671,0
10.0,Food,Local Cafe,7,4,2026-06-21 15:10:01.601600234,0
162.0,Travel,IRCTC,15,5,2026-06-21 15:22:00.989422375,0
252.24,Entertainment,Netflix,18,0,2026-06-21 15:28:02.999228068,0
114.11,Food,Swiggy,22,5,2026-06-21 15:37:20.663380237,0
273.84,Food,KFC,19,1,2026-06-21 15:45:33.686746432,0
137.16,Entertainment,YouTube,11,5,2026-06-21 15:57:50.856420574,0
210.14,Entertainment,Netflix,18,2,2026-06-21 15:59:48.538174917,0
273.89,Shopping,Meesho,19,0,2026-06-21 16:02:23.824844746,0
142.19,Food,Local Cafe,18,3,2026-06-21 16:03:35.884766185,0
15.33,Food,Swiggy,19,2,2026-06-21 16:05:02.231609097,0
102.45,Shopping,Flipkart,20,6,2026-06-21 16:07:55.870756493,0
1131.53,Shopping,Flipkart,7,5,2026-06-21 16:11:12.796816073,0
151.34,Food,Zomato,7,2,2026-06-21 16:11:41.410129214,0
390.46,Shopping,Amazon,19,4,2026-06-21 16:22:33.478134766,0
61.67,Food,Zomato,10,2,2026-06-21 16:37:29.501000265,0
108.41,Travel,Uber,7,2,2026-06-21 16:40:04.085612115,0
306.15,Food,Local Cafe,12,5,2026-06-21 16:55:58.853124200,0
156.23,Food,KFC,19,1,2026-06-21 16:59:20.666591303,0
834.16,Shopping,Meesho,8,6,2026-06-21 17:18:03.800507840,0
10.0,Shopping,Flipkart,17,5,2026-06-21 17:18:07.499531362,0
142.83,Entertainment,Spotify,6,3,2026-06-21 17:19:53.509876756,0
1028.74,Shopping,Meesho,7,6,2026-06-21 17:36:27.305777523,0
109.75,Food,Swiggy,12,0,2026-06-21 17:51:28.493160831,0
394.56,Bills,GooglePay,7,4,2026-06-21 17:55:49.295303348,0
184.3,Food,Dominos,20,1,2026-06-21 18:11:38.771526597,0
54.4,Entertainment,YouTube,20,0,2026-06-21 18:16:06.940842191,0
10.0,Shopping,Meesho,19,0,2026-06-21 18:28:09.156238699,0
964.95,Shopping,Myntra,10,6,2026-06-21 18:39:18.022282221,0
89.31,Food,Local Cafe,14,1,2026-06-21 18:49:39.249090720,0
686.71,Shopping,Meesho,9,4,2026-06-21 18:55:25.221468448,0
700.38,Travel,Ola,11,3,2026-06-21 18:58:39.957202046,0
308.81,Travel,IRCTC,13,1,2026-06-21 19:04:54.287701360,0
196.84,Food,Swiggy,18,1,2026-06-21 19:10:58.758506690,0
16.29,Food,Dominos,7,1,2026-06-21 19:18:33.394827053,0
8298.77,Travel,Uber,11,4,2026-06-21 19:21:45.418818933,1
374.41,Entertainment,Spotify,21,1,2026-06-21 19:29:19.009766006,0
121.27,Food,Zomato,13,1,2026-06-21 19:34:02.632819794,0
109.86,Shopping,Myntra,21,2,2026-06-21 19:34:55.698534190,0
192.34,Food,Swiggy,22,2,2026-06-21 19:47:09.375856096,0
335.61,Entertainment,JioCinema,14,2,2026-06-21 19:47:46.983647817,0
109.99,Food,Local Cafe,11,2,2026-06-21 19:52:38.672769027,0
192.56,Food,Local Cafe,19,1,2026-06-21 19:57:36.702502181,0
487.28,Travel,Rapido,8,6,2026-06-21 19:59:30.660615732,0
134.59,Food,Swiggy,10,2,2026-06-21 20:01:42.677115050,0
398.0,Shopping,Amazon,19,0,2026-06-21 20:06:11.212071016,0
1085.88,Shopping,Meesho,13,6,2026-06-21 20:35:16.167147600,0
51.96,Food,Swiggy,9,3,2026-06-21 21:03:26.205382551,0
540.44,Shopping,Flipkart,16,2,2026-06-21 21:08:46.528138867,0
467.42,Shopping,Amazon,18,4,2026-06-21 21:08:59.800154671,0
140.71,Food,Swiggy,8,3,2026-06-21 21:13:34.264022085,0
761.92,Shopping,Flipkart,11,5,2026-06-21 21:18:27.631090413,0
421.8,Travel,Ola,10,5,2026-06-21 21:21:27.183350090,0
359.96,Travel,IRCTC,12,0,2026-06-21 21:24:52.263210665,0
17.55,Food,Local Cafe,19,3,2026-06-21 21:31:28.361983110,0
75.9,Food,Dominos,18,3,2026-06-21 21:39:53.921880865,0
129.06,Food,Zomato,17,0,2026-06-21 21:48:28.315885889,0
528.51,Shopping,Myntra,6,5,2026-06-21 21:55:36.736605257,0
1018.5,Shopping,Ajio,8,2,2026-06-21 21:55:39.666311391,0
827.28,Bills,Paytm,10,0,2026-06-21 21:57:49.942847690,0
215.44,Food,Zomato,11,4,2026-06-21 22:01:44.741051053,0
144.4,Food,Swiggy,8,0,2026-06-21 22:13:05.091522507,0
717.63,Shopping,Flipkart,12,1,2026-06-21 22:14:50.684152720,0
802.94,Bills,Paytm,7,5,2026-06-21 22:23:37.783246548,0
63.37,Food,Zomato,19,1,2026-06-21 22:37:12.392461611,0
1031.62,Bills,GooglePay,19,5,2026-06-21 22:53:23.579587930,0
187.37,Food,Dominos,15,5,2026-06-21 22:57:57.077489730,0
56.89,Entertainment,Netflix,7,3,2026-06-21 23:03:03.457031094,0
193.0,Entertainment,Spotify,20,2,2026-06-21 23:03:07.761281859,0
143.61,Food,Local Cafe,22,2,2026-06-21 23:11:11.827953201,0
101.07,Food,Zomato,9,5,2026-06-21 23:47:15.258560062,0
159.09,Shopping,Meesho,18,5,2026-06-22 00:01:48.217336946,0
168.53,Food,Zomato,20,1,2026-06-22 00:02:26.461249024,0
1441.55,Bills,Jio,14,4,2026-06-22 00:06:08.721200510,0
435.88,Travel,IRCTC,12,0,2026-06-22 00:09:06.328509447,0
179.59,Bills,Paytm,13,5,2026-06-22 00:12:23.415012488,0
601.04,Travel,IRCTC,13,5,2026-06-22 00:15:45.652797758,0
896.88,Shopping,Flipkart,12,0,2026-06-22 00:21:25.033665823,0
105.87,Food,Zomato,21,0,2026-06-22 00:32:04.481491907,0
1491.72,Bills,Airtel,18,4,2026-06-22 00:42:08.987011124,0
52.68,Shopping,Flipkart,10,4,2026-06-22 00:44:42.775908237,0
594.81,Bills,PhonePe,15,0,2026-06-22 00:51:55.344410245,0
114.52,Food,Local Cafe,17,5,2026-06-22 01:05:52.103529037,0
36.24,Food,Dominos,8,5,2026-06-22 01:13:17.832381846,0
221.5,Entertainment,Hotstar,12,0,2026-06-22 01:36:11.610541676,0
85.22,Food,KFC,20,5,2026-06-22 01:40:52.959214871,0
74.88,Entertainment,Spotify,15,4,2026-06-22 01:42:36.098088761,0
171.58,Entertainment,YouTube,10,0,2026-06-22 01:48:45.112340352,0
613.56,Travel,IRCTC,8,4,2026-06-22 01:58:55.113520151,0
1155.94,Bills,Airtel,14,5,2026-06-22 02:03:05.761270772,0
626.23,Shopping,Myntra,14,5,2026-06-22 02:05:20.973210266,0
145.38,Entertainment,YouTube,12,3,2026-06-22 02:10:03.942448139,0
36.84,Food,Dominos,16,1,2026-06-22 02:10:52.636384190,0
164.53,Shopping,Flipkart,7,1,2026-06-22 02:14:51.368042163,0
1128.77,Bills,Paytm,8,6,2026-06-22 02:15:30.335976434,0
254.6,Shopping,Amazon,14,4,2026-06-22 02:23:12.783337121,0
536.91,Shopping,Amazon,7,0,2026-06-22 02:32:53.466773086,0
184.65,Food,Local Cafe,20,1,2026-06-22 02:36:59.732027236,0
18.88,Shopping,Amazon,8,5,2026-06-22 02:43:24.036676233,0
197.77,Entertainment,YouTube,17,2,2026-06-22 02:45:35.900574312,0
177.48,Food,KFC,12,0,2026-06-22 02:59:15.796630628,0
387.52,Entertainment,Netflix,12,4,2026-06-22 03:08:04.200937440,0
841.81,Bills,Paytm,19,5,2026-06-22 03:11:01.578442872,0
453.59,Travel,Uber,13,5,2026-06-22 03:15:00.711886450,0
342.08,Shopping,Meesho,18,2,2026-06-22 03:23:42.855626363,0
506.59,Travel,Ola,13,4,2026-06-22 03:32:40.201726193,0
45.2,Food,Zomato,15,6,2026-06-22 03:35:51.386463532,0
393.71,Travel,Uber,19,0,2026-06-22 03:39:41.996042852,0
162.18,Food,KFC,15,5,2026-06-22 03:42:36.663235758,0
323.22,Entertainment,Spotify,16,6,2026-06-22 03:45:01.709737917,0
243.74,Entertainment,Spotify,19,3,2026-06-22 03:45:31.151239983,0
131.02,Food,Local Cafe,21,5,2026-06-22 03:56:41.716221302,0
232.24,Food,Swiggy,12,3,2026-06-22 03:59:36.564193612,0
384.27,Travel,IRCTC,15,3,2026-06-22 04:09:21.142394889,0
68.78,Food,Local Cafe,7,0,2026-06-22 04:18:38.806219014,0
182.72,Entertainment,Spotify,12,0,2026-06-22 04:36:51.800165601,0
59.67,Food,Local Cafe,12,2,2026-06-22 04:50:25.946196890,0
176.95,Food,Swiggy,19,5,2026-06-22 04:52:19.878918667,0
245.23,Entertainment,YouTube,13,0,2026-06-22 04:52:42.778021441,0
1470.25,Bills,PhonePe,18,0,2026-06-22 05:06:14.067583825,0
261.2,Travel,IRCTC,6,2,2026-06-22 05:09:52.352085403,0
121.49,Food,Swiggy,13,2,2026-06-22 05:14:36.143061893,0
189.93,Bills,PhonePe,20,5,2026-06-22 05:20:05.211268342,0
441.56,Entertainment,JioCinema,10,6,2026-06-22 05:20:32.217298314,1
677.88,Bills,Paytm,6,4,2026-06-22 05:25:22.262792941,0
833.34,Bills,PhonePe,13,1,2026-06-22 05:28:07.538832281,0
399.99,Shopping,Ajio,18,5,2026-06-22 05:35:06.000016265,0
400.55,Shopping,Ajio,13,1,2026-06-22 05:37:33.442611387,0
156.43,Food,Local Cafe,13,4,2026-06-22 05:46:01.138716991,0
275.87,Travel,Uber,17,3,2026-06-22 05:50:07.623335064,0
122.01,Food,Zomato,10,6,2026-06-22 06:09:44.756022216,0
656.04,Bills,GooglePay,19,5,2026-06-22 06:19:24.906882744,0
312.49,Food,Swiggy,8,0,2026-06-22 06:28:54.205397254,0
645.0,Bills,Jio,12,2,2026-06-22 06:29:46.225500594,0
701.13,Bills,PhonePe,17,5,2026-06-22 06:56:15.591456232,0
13.19,Food,Swiggy,19,2,2026-06-22 07:09:36.865346998,0
232.97,Food,Local Cafe,19,3,2026-06-22 07:17:41.988313726,0
10.0,Food,Local Cafe,18,2,2026-06-22 07:19:33.081073969,0
409.17,Bills,GooglePay,12,3,2026-06-22 07:20:15.002407753,0
408.65,Travel,IRCTC,8,6,2026-06-22 07:21:51.422004043,0
10.0,Food,Swiggy,10,4,2026-06-22 07:35:00.025325521,0
524.14,Shopping,Ajio,20,3,2026-06-22 07:44:16.606401928,1
145.74,Food,Local Cafe,20,1,2026-06-22 07:45:09.153053816,0
459.5,Shopping,Myntra,21,5,2026-06-22 08:15:18.231064478,0
128.24,Entertainment,Netflix,7,3,2026-06-22 08:19:28.756477883,0
211.91,Food,KFC,14,5,2026-06-22 08:22:38.984532993,0
752.31,Shopping,Amazon,16,4,2026-06-22 08:31:54.240212419,0
195.95,Food,Dominos,18,6,2026-06-22 08:34:36.671519517,0
110.21,Food,KFC,16,3,2026-06-22 08:41:51.952864070,0
160.72,Food,Local Cafe,19,4,2026-06-22 08:47:36.591621172,0
101.06,Food,Swiggy,12,1,2026-06-22 08:49:27.271839641,0
1775.95,Bills,PhonePe,9,6,2026-06-22 08:54:04.335055365,0
590.37,Shopping,Amazon,9,0,2026-06-22 08:54:35.648828209,0
352.47,Shopping,Meesho,6,4,2026-06-22 09:15:45.031420631,0
324.18,Food,Zomato,12,0,2026-06-22 09:18:26.961199220,0
119.93,Food,Swiggy,7,4,2026-06-22 09:21:29.343081911,0
904.47,Bills,GooglePay,12,6,2026-06-22 09:40:48.248834506,0
279.17,Entertainment,Hotstar,16,3,2026-06-22 09:54:55.605242528,0
104.25,Food,KFC,20,0,2026-06-22 09:57:56.559064258,0
135.89,Entertainment,Hotstar,20,6,2026-06-22 10:06:45.473839777,0
997.66,Shopping,Ajio,10,4,2026-06-22 10:24:39.146469709,0
795.38,Shopping,Ajio,8,5,2026-06-22 10:26:21.955896326,0
737.2,Shopping,Amazon,9,4,2026-06-22 10:27:49.620178817,0
212.98,Food,KFC,22,0,2026-06-22 10:33:07.817482171,0
186.77,Food,Swiggy,14,5,2026-06-22 10:34:47.705926842,0
1607.11,Bills,PhonePe,9,6,2026-06-22 10:34:54.317955075,0
153.51,Food,Local Cafe,20,4,2026-06-22 10:35:03.829294531,0
117.5,Entertainment,Spotify,12,0,2026-06-22 10:37:26.437244541,0
139.75,Shopping,Flipkart,20,1,2026-06-22 10:41:15.139845654,0
117.82,Food,Zomato,10,2,2026-06-22 10:41:32.701442774,0
10.0,Bills,PhonePe,12,1,2026-06-22 10:58:46.438245755,0
260.79,Food,Swiggy,13,0,2026-06-22 11:04:14.061336876,0
618.99,Shopping,Amazon,20,3,2026-06-22 11:07:52.412761470,0
466.74,Bills,Airtel,4,3,2026-06-22 11:09:33.632280743,1
306.6,Entertainment,Hotstar,15,2,2026-06-22 11:21:34.722095681,0
59.47,Travel,Ola,10,0,2026-06-22 11:29:06.426600386,0
403.99,Bills,PhonePe,12,5,2026-06-22 11:31:27.271800016,0
831.15,Bills,PhonePe,4,4,2026-06-22 11:31:39.183853068,1
354.41,Entertainment,Hotstar,15,1,2026-06-22 11:31:43.237973755,0
180.8,Food,Swiggy,19,5,2026-06-22 11:33:05.217916078,0
10.0,Food,Local Cafe,13,6,2026-06-22 11:38:32.920974509,0
72.72,Food,Swiggy,14,1,2026-06-22 11:52:24.423041195,0
85.03,Food,Zomato,13,2,2026-06-22 11:53:39.154508598,0
881.39,Bills,Paytm,18,2,2026-06-22 12:15:25.877600884,0
235.68,Bills,Paytm,20,6,2026-06-22 12:45:55.186803273,0
101.19,Shopping,Flipkart,13,2,2026-06-22 12:46:33.411025403,0
127.24,Food,Zomato,13,6,2026-06-22 12:50:58.066658050,0
1057.09,Bills,PhonePe,12,5,2026-06-22 12:51:05.099329450,0
207.65,Food,Swiggy,9,5,2026-06-22 13:21:24.211424531,0
830.95,Bills,Jio,21,2,2026-06-22 13:26:08.404648965,0
766.78,Shopping,Amazon,12,5,2026-06-22 13:37:50.485504767,0
353.68,Food,KFC,19,2,2026-06-22 13:45:22.946040049,0
286.98,Food,Swiggy,18,5,2026-06-22 13:53:06.649446379,0
108.2,Food,KFC,19,2,2026-06-22 13:57:21.626167856,0
10.0,Travel,RedBus,21,4,2026-06-22 13:59:11.642176282,0
159.38,Entertainment,YouTube,16,4,2026-06-22 13:59:58.205715977,0
421.21,Bills,Jio,20,6,2026-06-22 14:05:38.213453331,0
186.11,Food,KFC,8,1,2026-06-22 14:11:14.867910772,0
145.64,Shopping,Flipkart,16,6,2026-06-22 14:16:28.700063241,0
759.72,Bills,GooglePay,19,1,2026-06-22 14:18:19.902124799,0
110.74,Travel,Ola,11,6,2026-06-22 14:27:46.288888779,0
123.78,Food,KFC,18,2,2026-06-22 14:30:20.111238145,0
146.67,Food,Local Cafe,19,1,2026-06-22 14:36:55.624272633,0
1044.18,Bills,PhonePe,19,5,2026-06-22 14:40:48.708324876,0
489.38,Shopping,Amazon,12,2,2026-06-22 14:42:47.057640928,0
101.08,Food,Dominos,17,4,2026-06-22 14:51:22.341093809,0
213.0,Food,Zomato,11,3,2026-06-22 14:51:34.885800367,0
505.7,Shopping,Amazon,18,4,2026-06-22 15:04:48.379604958,0
147.87,Entertainment,YouTube,3,0,2026-06-22 15:07:17.542322041,1
918.94,Entertainment,YouTube,15,4,2026-06-22 15:16:54.905932642,1
563.82,Shopping,Amazon,12,0,2026-06-22 15:21:21.744317504,0
663.98,Shopping,Myntra,8,1,2026-06-22 15:27:42.265309664,0
242.6,Food,KFC,9,4,2026-06-22 15:32:43.458115204,0
161.72,Shopping,Myntra,7,3,2026-06-22 15:37:27.396668902,0
1234.58,Shopping,Amazon,16,5,2026-06-22 15:41:44.034921013,0
972.51,Bills,PhonePe,20,4,2026-06-22 15:45:56.250109871,0
147.76,Shopping,Amazon,6,5,2026-06-22 15:49:59.385385328,0
254.45,Food,Zomato,7,4,2026-06-22 16:01:16.785753824,0
92.94,Food,Local Cafe,13,4,2026-06-22 16:03:33.789109978,0
288.78,Food,Zomato,18,5,2026-06-22 16:07:03.555925477,0
64.36,Food,KFC,8,5,2026-06-22 16:21:50.260385111,0
142.16,Food,Local Cafe,11,2,2026-06-22 16:22:19.397161910,0
280.99,Entertainment,Hotstar,10,4,2026-06-22 16:27:46.233257116,0
696.52,Shopping,Myntra,12,4,2026-06-22 16:53:05.892044947,0
598.67,Shopping,Ajio,10,3,2026-06-22 17:07:04.864032193,0
301.75,Entertainment,Hotstar,12,5,2026-06-22 17:10:26.537636202,0
153.71,Entertainment,Hotstar,18,5,2026-06-22 17:13:35.427479882,0
824.76,Shopping,Ajio,16,0,2026-06-22 17:18:18.766045176,0
167.97,Travel,Uber,7,0,2026-06-22 17:21:39.521808626,0
40.33,Food,KFC,16,5,2026-06-22 17:56:08.625346564,0
277.59,Food,Local Cafe,13,3,2026-06-22 18:03:30.392249463,0
326.9,Shopping,Myntra,21,1,2026-06-22 18:10:37.394231627,0
269.25,Bills,PhonePe,11,4,2026-06-22 18:13:31.654313924,0
1069.37,Bills,Jio,18,1,2026-06-22 18:14:10.342836838,0
162.94,Food,Swiggy,18,3,2026-06-22 18:17:54.494439839,0
177.74,Food,Swiggy,10,1,2026-06-22 18:21:19.490315531,0
665.19,Bills,PhonePe,20,0,2026-06-22 18:35:34.698200003,0
189.7,Food,Dominos,13,2,2026-06-22 18:37:06.772140201,0
944.85,Shopping,Myntra,17,1,2026-06-22 18:42:51.233299415,0
917.61,Bills,Paytm,8,2,2026-06-22 18:45:06.478418699,0
198.74,Bills,PhonePe,10,1,2026-06-22 18:46:30.025560608,0
297.81,Travel,Uber,15,3,2026-06-22 18:49:10.188834062,0
243.98,Entertainment,JioCinema,12,2,2026-06-22 18:52:20.658387929,0
1002.93,Shopping,Flipkart,13,1,2026-06-22 18:56:21.571705012,0
1090.41,Bills,Jio,12,3,2026-06-22 18:58:33.627214885,0
477.11,Bills,Paytm,16,6,2026-06-22 18:58:37.526876438,0
145.37,Food,Zomato,13,6,2026-06-22 19:09:00.702171427,0
213.23,Food,Zomato,6,5,2026-06-22 19:12:04.819915270,0
191.64,Food,Local Cafe,16,6,2026-06-22 19:12:55.587670276,0
676.44,Shopping,Amazon,12,0,2026-06-22 19:25:51.340764151,0
275.74,Bills,GooglePay,12,4,2026-06-22 19:25:52.875181026,0
432.35,Travel,Rapido,7,3,2026-06-22 19:31:51.842036414,0
168.25,Food,Dominos,10,3,2026-06-22 19:48:02.312567491,0
206.73,Food,Zomato,10,0,2026-06-22 19:57:42.979569592,0
216.22,Entertainment,Spotify,21,2,2026-06-22 20:02:15.973730412,0
138.01,Food,Swiggy,13,1,2026-06-22 20:10:38.790151697,0
833.69,Shopping,Flipkart,6,2,2026-06-22 20:12:32.526231469,0
639.12,Shopping,Myntra,8,3,2026-06-22 20:21:21.844649491,0
149.75,Shopping,Flipkart,7,5,2026-06-22 20:25:20.177605504,0
158.9,Food,KFC,15,6,2026-06-22 20:34:07.466236399,0
123.81,Food,Dominos,9,1,2026-06-22 20:35:14.282189806,0
113.51,Food,KFC,13,6,2026-06-22 20:35:41.698140565,0
650.77,Shopping,Flipkart,12,6,2026-06-22 20:49:13.342811420,0
550.91,Shopping,Amazon,19,4,2026-06-22 20:49:13.484706641,0
188.56,Food,Zomato,12,6,2026-06-22 20:52:11.618723760,0
1178.2,Bills,PhonePe,13,4,2026-06-22 20:53:05.822632905,0
284.12,Travel,IRCTC,18,1,2026-06-22 20:53:29.282074687,0
221.9,Food,KFC,13,3,2026-06-22 20:56:58.564252770,0
317.66,Shopping,Flipkart,19,5,2026-06-22 21:10:51.019208440,0
1269.19,Bills,Paytm,17,0,2026-06-22 21:20:53.831464331,0
108.1,Food,Dominos,12,6,2026-06-22 21:21:13.345694330,0
66.57,Food,KFC,13,5,2026-06-22 21:39:48.821689786,0
947.62,Bills,PhonePe,22,6,2026-06-22 21:46:44.245801549,0
195.71,Entertainment,Hotstar,17,6,2026-06-22 22:00:15.241638066,0
314.85,Travel,Rapido,20,2,2026-06-22 22:04:31.979434384,0
153.16,Shopping,Myntra,9,5,2026-06-22 22:07:22.020235555,0
356.49,Bills,Paytm,13,5,2026-06-22 22:13:58.046842690,0
394.22,Shopping,Myntra,21,2,2026-06-22 22:17:56.990823575,0
1080.39,Bills,Jio,12,0,2026-06-22 22:34:59.817008600,0
406.64,Shopping,Flipkart,22,0,2026-06-22 22:55:43.958206870,0
62.72,Food,Zomato,7,4,2026-06-22 23:00:18.025865147,0
1271.23,Bills,PhonePe,20,6,2026-06-22 23:10:08.546571113,0
162.75,Shopping,Myntra,13,0,2026-06-22 23:19:05.188810880,0
531.82,Shopping,Myntra,7,1,2026-06-22 23:19:44.799533000,0
270.78,Entertainment,Netflix,20,4,2026-06-22 23:22:34.225608661,0
116.79,Food,Local Cafe,10,3,2026-06-22 23:29:32.186648058,0
206.41,Food,KFC,6,4,2026-06-22 23:47:15.587003664,0
274.67,Food,Zomato,8,6,2026-06-23 00:07:56.831826005,0
432.46,Travel,Uber,17,5,2026-06-23 00:17:55.583958493,0
769.64,Bills,Paytm,22,5,2026-06-23 00:24:41.309716818,0
156.43,Food,Local Cafe,7,4,2026-06-23 00:31:02.461060804,0
10.0,Bills,GooglePay,13,2,2026-06-23 00:37:49.836418706,0
337.16,Shopping,Flipkart,9,6,2026-06-23 01:04:49.628247741,0
10.0,Travel,Ola,18,0,2026-06-23 01:33:31.847634686,0
238.52,Shopping,Amazon,8,5,2026-06-23 01:43:24.595266457,0
500.16,Shopping,Amazon,2,5,2026-06-23 01:52:32.149800696,1
230.3,Entertainment,Spotify,9,1,2026-06-23 01:53:29.112049827,0
191.08,Food,Swiggy,14,6,2026-06-23 01:57:25.650950260,0
303.78,Food,KFC,20,0,2026-06-23 02:10:30.157155043,0
71.58,Shopping,Meesho,13,6,2026-06-23 02:11:48.491122176,0
109.19,Entertainment,Hotstar,7,5,2026-06-23 02:12:23.059010948,0
578.26,Shopping,Myntra,15,2,2026-06-23 02:12:46.993918043,0
213.99,Food,KFC,19,5,2026-06-23 02:13:17.588950880,0
97.32,Food,Local Cafe,8,0,2026-06-23 02:16:47.357105001,0
552.18,Shopping,Amazon,7,1,2026-06-23 02:19:39.961180345,0
176.47,Food,KFC,9,0,2026-06-23 02:50:12.111666221,0
1471.51,Bills,PhonePe,18,6,2026-06-23 03:00:18.210440115,0
69.03,Entertainment,Hotstar,15,6,2026-06-23 03:02:10.143868032,0
644.45,Shopping,Myntra,14,2,2026-06-23 03:05:12.783669846,0
749.88,Shopping,Meesho,10,1,2026-06-23 03:05:43.651414113,0
676.31,Shopping,Amazon,12,0,2026-06-23 03:08:52.924506553,0
253.87,Food,Local Cafe,22,2,2026-06-23 03:14:39.269403778,0
91.25,Entertainment,Netflix,10,2,2026-06-23 03:31:04.188092290,0
10.0,Shopping,Flipkart,20,4,2026-06-23 03:34:25.074271103,0
869.19,Shopping,Meesho,15,5,2026-06-23 03:53:11.310210622,0
651.69,Bills,PhonePe,8,6,2026-06-23 04:12:19.450450160,0
478.3,Shopping,Meesho,13,1,2026-06-23 04:14:31.509471973,0
820.81,Bills,GooglePay,21,1,2026-06-23 04:31:31.924094480,0
160.17,Food,KFC,12,5,2026-06-23 04:42:07.020930605,0
488.64,Travel,IRCTC,20,6,2026-06-23 04:56:04.239780331,0
244.59,Entertainment,Spotify,10,6,2026-06-23 04:58:41.417280158,0
256.7,Bills,GooglePay,15,0,2026-06-23 05:11:22.187804513,0
190.78,Entertainment,YouTube,20,4,2026-06-23 05:34:35.303608774,0
174.76,Food,Local Cafe,21,1,2026-06-23 05:40:30.979692590,0
663.0,Shopping,Amazon,13,2,2026-06-23 05:42:58.856230604,0
737.4,Bills,GooglePay,16,1,2026-06-23 05:46:01.312407820,0
334.48,Shopping,Myntra,6,4,2026-06-23 05:47:03.454007977,0
801.48,Shopping,Flipkart,10,5,2026-06-23 05:47:37.111414610,0
118.58,Food,Swiggy,11,3,2026-06-23 05:58:20.735298236,0
201.93,Food,Local Cafe,7,5,2026-06-23 06:06:17.562952757,0
776.15,Shopping,Flipkart,11,2,2026-06-23 06:23:14.577198483,0
170.04,Food,KFC,12,1,2026-06-23 06:28:01.519425352,0
534.76,Bills,PhonePe,22,5,2026-06-23 06:38:21.453798103,0
186.23,Food,Zomato,17,2,2026-06-23 06:46:15.513766395,0
128.7,Food,Dominos,13,6,2026-06-23 06:51:38.842480663,0
1210.5,Shopping,Flipkart,22,0,2026-06-23 06:56:38.702479754,0
756.81,Shopping,Amazon,8,2,2026-06-23 07:01:04.031346620,0
281.61,Entertainment,Hotstar,13,1,2026-06-23 07:09:29.326151166,0
852.9,Shopping,Amazon,16,0,2026-06-23 07:13:38.879281862,0
10.0,Food,Swiggy,7,0,2026-06-23 07:17:51.860106893,0
282.13,Travel,Uber,18,0,2026-06-23 07:22:40.407947260,0
833.61,Shopping,Ajio,7,3,2026-06-23 07:24:47.134489501,0
105.88,Food,KFC,8,3,2026-06-23 07:25:20.115664597,0
47.92,Shopping,Meesho,8,0,2026-06-23 07:29:25.056254931,0
214.62,Entertainment,Netflix,21,5,2026-06-23 07:30:09.728888886,0
234.4,Shopping,Flipkart,17,5,2026-06-23 07:49:40.283141880,0
88.19,Food,Zomato,17,5,2026-06-23 07:51:28.335056458,0
137.13,Food,KFC,14,1,2026-06-23 07:57:06.283373253,0
54.93,Food,Local Cafe,11,0,2026-06-23 08:04:31.889547990,0
435.33,Shopping,Amazon,16,5,2026-06-23 08:11:41.554998114,0
580.45,Shopping,Myntra,12,0,2026-06-23 08:12:58.704000625,0
314.53,Food,Dominos,8,2,2026-06-23 08:19:33.168590656,0
152.92,Entertainment,YouTube,17,5,2026-06-23 08:22:08.869379539,0
272.08,Travel,Uber,8,2,2026-06-23 08:32:48.990713660,0
682.04,Shopping,Myntra,9,2,2026-06-23 08:45:10.786609762,0
233.55,Travel,Uber,19,5,2026-06-23 08:46:46.410262234,0
101.0,Food,Zomato,17,4,2026-06-23 08:48:11.318643137,0
837.93,Shopping,Myntra,16,2,2026-06-23 09:05:12.333234755,0
1440.8,Bills,Paytm,12,5,2026-06-23 09:08:43.422551149,0
231.07,Travel,Uber,3,6,2026-06-23 09:14:12.157667005,1
172.75,Travel,IRCTC,17,2,2026-06-23 09:18:12.062366498,0
9247.52,Food,Zomato,18,1,2026-06-23 09:28:35.659779849,1
264.41,Entertainment,JioCinema,13,3,2026-06-23 09:30:38.185820296,0
253.61,Food,Zomato,22,3,2026-06-23 09:31:11.846901389,0
240.49,Entertainment,Netflix,22,3,2026-06-23 09:37:48.229241150,0
268.2,Entertainment,Hotstar,12,6,2026-06-23 09:38:54.192394665,0
233.34,Food,Local Cafe,19,4,2026-06-23 09:38:58.933709673,0
1454.0,Bills,GooglePay,14,0,2026-06-23 10:02:07.194806225,0
185.28,Food,Zomato,13,2,2026-06-23 10:05:40.243954299,0
383.79,Shopping,Flipkart,7,6,2026-06-23 10:23:41.425767101,0
725.96,Shopping,Myntra,15,1,2026-06-23 10:31:13.457366127,0
850.62,Shopping,Meesho,20,4,2026-06-23 10:40:12.712112134,0
175.47,Entertainment,Hotstar,19,6,2026-06-23 10:40:13.069330580,0
10.0,Bills,Paytm,19,3,2026-06-23 10:42:42.906190210,0
375.97,Shopping,Meesho,8,4,2026-06-23 10:42:46.495677826,0
60.7,Travel,RedBus,12,6,2026-06-23 10:50:51.124763028,0
10.0,Entertainment,Hotstar,10,1,2026-06-23 11:07:43.603806736,0
120.74,Food,Local Cafe,12,5,2026-06-23 11:44:10.305909164,0
192.84,Entertainment,Netflix,15,4,2026-06-23 11:49:01.851065019,0
190.51,Food,Local Cafe,12,3,2026-06-23 11:52:29.783876416,0
434.14,Travel,Rapido,14,0,2026-06-23 11:53:45.871721870,0
125.63,Food,Swiggy,13,6,2026-06-23 11:56:33.617706056,0
195.77,Food,KFC,11,3,2026-06-23 11:57:57.268199777,0
646.77,Shopping,Amazon,7,6,2026-06-23 12:15:11.798889465,0
988.75,Bills,PhonePe,20,3,2026-06-23 12:43:43.345943882,0
281.5,Shopping,Myntra,6,3,2026-06-23 12:44:35.325899099,0
211.46,Food,Zomato,6,6,2026-06-23 12:51:14.606750986,0
562.36,Shopping,Amazon,19,4,2026-06-23 12:52:33.876759666,0
784.07,Entertainment,Spotify,22,1,2026-06-23 13:17:48.760957862,1
305.7,Shopping,Flipkart,18,3,2026-06-23 13:20:21.589469829,0
123.6,Food,Zomato,6,5,2026-06-23 13:28:06.867060737,0
777.31,Shopping,Flipkart,10,4,2026-06-23 13:28:09.451282047,0
195.38,Food,Swiggy,22,1,2026-06-23 13:33:08.364665947,0
188.77,Travel,Ola,19,0,2026-06-23 13:40:49.007986083,0
329.75,Travel,IRCTC,15,3,2026-06-23 13:45:12.745105318,0
656.24,Shopping,Ajio,10,2,2026-06-23 14:07:23.565475901,0
352.13,Shopping,Meesho,6,4,2026-06-23 14:07:56.517872051,0
449.99,Travel,RedBus,6,5,2026-06-23 14:17:52.597069859,0
10.0,Shopping,Flipkart,16,0,2026-06-23 14:22:07.162938641,0
448.08,Travel,RedBus,6,0,2026-06-23 14:26:56.258986613,0
1067.95,Bills,PhonePe,22,0,2026-06-23 14:33:39.701993927,0
358.97,Travel,Uber,9,4,2026-06-23 14:34:32.443363022,0
441.28,Shopping,Myntra,18,1,2026-06-23 14:35:48.478112823,0
246.6,Shopping,Amazon,8,2,2026-06-23 14:44:04.353799185,0
206.17,Entertainment,Spotify,14,5,2026-06-23 14:45:20.282600284,0
636.54,Shopping,Myntra,7,1,2026-06-23 15:08:14.912861307,0
1109.09,Bills,GooglePay,19,3,2026-06-23 15:12:50.426968429,0
95.37,Food,Zomato,15,2,2026-06-23 15:12:51.607677211,0
655.57,Bills,PhonePe,7,1,2026-06-23 15:27:02.108453209,0
3580.59,Shopping,Flipkart,20,3,2026-06-23 15:28:26.722550646,1
37.46,Food,Swiggy,14,6,2026-06-23 15:40:40.453942408,0
248.29,Food,Swiggy,21,2,2026-06-23 15:41:50.224872971,0
1680.9,Bills,Airtel,21,4,2026-06-23 16:13:22.423849216,0
567.09,Travel,Rapido,21,5,2026-06-23 16:17:47.232043142,0
267.39,Shopping,Amazon,7,6,2026-06-23 16:37:56.017269733,0
292.76,Food,Zomato,8,5,2026-06-23 16:44:13.466632641,0
733.83,Bills,PhonePe,22,3,2026-06-23 16:45:13.000122504,0
210.56,Food,KFC,13,1,2026-06-23 16:47:51.882282630,0
706.98,Shopping,Flipkart,10,2,2026-06-23 17:11:21.178893740,0
10.0,Food,Zomato,19,3,2026-06-23 17:13:55.205518762,0
158.31,Food,Dominos,11,3,2026-06-23 17:30:31.201803724,0
83.09,Food,Zomato,18,4,2026-06-23 17:33:11.330268987,0
10.0,Shopping,Myntra,19,3,2026-06-23 17:38:23.242263069,0
169.28,Food,Local Cafe,19,2,2026-06-23 17:54:02.712725793,0
681.18,Shopping,Meesho,11,0,2026-06-23 17:59:22.873762460,0
338.17,Shopping,Amazon,12,2,2026-06-23 18:03:14.581906541,0
551.92,Shopping,Amazon,12,2,2026-06-23 18:03:34.482366728,0
885.22,Shopping,Flipkart,13,4,2026-06-23 18:17:42.346004196,0
265.97,Travel,Rapido,8,4,2026-06-23 18:22:36.720212701,0
52.3,Food,Swiggy,13,5,2026-06-23 18:26:17.539096219,0
759.32,Shopping,Amazon,13,6,2026-06-23 18:35:04.892618851,0
124.35,Food,Local Cafe,14,5,2026-06-23 18:41:25.313502733,0
101.4,Food,Swiggy,19,3,2026-06-23 18:46:44.504888419,0
428.16,Shopping,Myntra,14,5,2026-06-23 18:50:10.232791216,0
418.06,Shopping,Myntra,10,4,2026-06-23 19:03:58.274467227,0
39.0,Entertainment,Spotify,17,3,2026-06-23 19:14:19.932388006,0
598.28,Shopping,Amazon,19,0,2026-06-23 19:33:10.681818453,0
230.93,Entertainment,JioCinema,12,1,2026-06-23 19:39:19.789603205,0
132.98,Food,Local Cafe,16,4,2026-06-23 19:39:53.087561742,0
168.44,Food,Swiggy,8,6,2026-06-23 19:40:36.184269853,0
203.84,Food,KFC,12,4,2026-06-23 19:44:10.667107830,0
173.57,Food,Zomato,21,0,2026-06-23 19:45:09.627697916,0
305.95,Shopping,Flipkart,21,6,2026-06-23 19:46:36.909982689,0
458.43,Bills,GooglePay,15,4,2026-06-23 20:04:20.516086075,0
306.97,Food,Zomato,18,5,2026-06-23 20:16:46.309075612,0
231.99,Entertainment,YouTube,20,5,2026-06-23 20:21:42.249435255,0
277.93,Travel,Ola,22,5,2026-06-23 20:21:46.465985523,0
193.93,Food,Swiggy,13,0,2026-06-23 20:38:11.145437595,0
107.6,Food,Swiggy,14,3,2026-06-23 20:38:44.641620593,0
219.98,Food,Swiggy,12,4,2026-06-23 20:38:52.144286612,0
125.35,Food,Swiggy,7,4,2026-06-23 20:40:44.058252029,0
10.0,Food,Local Cafe,12,5,2026-06-23 20:55:03.430112918,0
485.5,Shopping,Flipkart,19,3,2026-06-23 20:58:16.647922821,0
72.75,Food,Swiggy,19,4,2026-06-23 21:02:42.896225922,0
451.44,Shopping,Meesho,20,2,2026-06-23 21:15:53.600671974,0
171.0,Entertainment,Netflix,7,0,2026-06-23 21:28:23.743304430,0
968.73,Bills,PhonePe,14,1,2026-06-23 21:34:31.942345641,0
352.62,Entertainment,Spotify,7,2,2026-06-23 21:41:36.867163975,0
211.4,Food,Dominos,9,6,2026-06-23 21:46:24.617696555,0
595.21,Shopping,Amazon,20,1,2026-06-23 21:47:11.796795734,0
546.57,Shopping,Amazon,13,2,2026-06-23 22:10:16.903822186,0
178.09,Food,Swiggy,19,2,2026-06-23 22:27:28.364274115,0
260.1,Food,Zomato,7,6,2026-06-23 22:28:22.634230133,0
1013.59,Bills,GooglePay,12,6,2026-06-23 22:28:49.712643678,0
88.72,Bills,PhonePe,17,2,2026-06-23 22:32:19.526695445,0
223.89,Shopping,Flipkart,8,0,2026-06-23 22:34:28.371267799,0
817.12,Shopping,Amazon,12,1,2026-06-23 22:42:10.739634511,1
587.95,Shopping,Ajio,7,3,2026-06-23 22:47:58.475094172,0
258.28,Food,Local Cafe,16,3,2026-06-23 22:57:05.599655181,0
206.05,Food,Zomato,22,5,2026-06-23 23:00:26.600239879,0
159.88,Food,Zomato,19,4,2026-06-23 23:00:29.072429612,0
158.52,Food,Dominos,22,0,2026-06-23 23:06:31.743436253,0
145.73,Entertainment,YouTube,20,5,2026-06-23 23:17:24.382909134,0
8414.52,Shopping,Amazon,20,5,2026-06-23 23:27:30.499350231,1
336.91,Bills,Paytm,15,0,2026-06-24 00:33:10.766281165,0
89.32,Food,KFC,14,0,2026-06-24 00:39:45.218199665,0
206.18,Shopping,Flipkart,12,2,2026-06-24 00:41:15.171879969,0
149.6,Food,Swiggy,19,0,2026-06-24 00:47:52.872936091,0
114.54,Food,KFC,9,3,2026-06-24 01:11:48.894665080,0
27.95,Food,Local Cafe,7,0,2026-06-24 01:42:45.208615204,0
410.42,Travel,Uber,21,6,2026-06-24 01:43:57.651681138,0
658.31,Bills,GooglePay,6,2,2026-06-24 01:56:06.803863795,0
751.45,Shopping,Amazon,22,1,2026-06-24 02:02:08.920409269,0
645.72,Shopping,Flipkart,18,5,2026-06-24 02:03:52.965571490,0
410.69,Entertainment,JioCinema,12,0,2026-06-24 02:12:48.021812874,0
150.26,Food,Zomato,17,6,2026-06-24 02:13:25.075402169,0
108.01,Food,Swiggy,19,6,2026-06-24 02:24:16.656694405,0
88.23,Food,Dominos,10,5,2026-06-24 02:43:18.451465985,0
430.67,Travel,Rapido,19,1,2026-06-24 02:57:46.640877959,0
275.2,Entertainment,Netflix,19,4,2026-06-24 03:03:06.989260708,0
151.64,Food,Local Cafe,10,2,2026-06-24 03:23:32.490807945,0
227.01,Entertainment,Netflix,6,5,2026-06-24 03:27:52.224840423,0
517.62,Travel,Rapido,9,0,2026-06-24 03:34:07.587465833,0
206.26,Food,Swiggy,9,4,2026-06-24 03:55:46.113042304,0
597.31,Shopping,Amazon,7,4,2026-06-24 04:05:20.410918417,0
163.94,Shopping,Amazon,18,1,2026-06-24 04:09:17.121653339,0
126.66,Entertainment,Netflix,12,5,2026-06-24 04:14:29.453567589,0
124.11,Food,KFC,20,5,2026-06-24 04:24:23.343354397,0
246.69,Travel,Uber,10,3,2026-06-24 04:35:30.452205646,0
97.94,Food,KFC,13,3,2026-06-24 04:47:31.927341005,0
496.73,Bills,Jio,16,3,2026-06-24 04:53:33.128888663,0
431.36,Shopping,Meesho,20,5,2026-06-24 05:08:00.322568439,0
550.31,Shopping,Flipkart,14,5,2026-06-24 05:21:19.091784966,0
401.62,Travel,IRCTC,12,3,2026-06-24 05:26:19.318998454,0
10.0,Travel,IRCTC,20,2,2026-06-24 05:36:45.524006532,0
156.53,Entertainment,Netflix,12,6,2026-06-24 05:36:57.664397519,0
30.38,Food,KFC,7,6,2026-06-24 05:41:31.121144299,0
803.23,Bills,GooglePay,13,6,2026-06-24 05:44:55.742875335,0
149.38,Food,Zomato,19,0,2026-06-24 06:01:33.218317273,0
473.73,Shopping,Meesho,6,0,2026-06-24 06:03:14.587655725,0
430.08,Shopping,Amazon,15,2,2026-06-24 06:13:08.691459443,0
374.82,Shopping,Flipkart,15,1,2026-06-24 06:16:35.057113951,0
474.98,Shopping,Amazon,21,6,2026-06-24 06:23:20.725328996,0
253.33,Entertainment,Spotify,11,6,2026-06-24 06:32:37.198480690,0
122.0,Food,Zomato,11,0,2026-06-24 06:40:10.497182176,0
371.94,Bills,GooglePay,13,5,2026-06-24 06:46:52.800100861,0
580.14,Shopping,Flipkart,12,4,2026-06-24 06:55:20.726200445,0
210.72,Food,Local Cafe,18,5,2026-06-24 07:19:28.382217829,0
61.03,Food,Dominos,16,0,2026-06-24 07:21:52.790509130,0
75.36,Entertainment,Netflix,19,2,2026-06-24 07:28:22.741087406,0
85.8,Entertainment,YouTube,19,1,2026-06-24 07:29:17.672882200,0
190.33,Entertainment,Spotify,21,0,2026-06-24 07:31:52.752698277,0
361.28,Entertainment,Netflix,13,2,2026-06-24 07:37:06.993772107,0
263.59,Food,Local Cafe,22,4,2026-06-24 07:37:27.496800214,0
581.15,Shopping,Amazon,9,3,2026-06-24 07:42:59.272936483,0
334.8,Bills,Paytm,18,4,2026-06-24 07:43:10.039982997,0
922.04,Shopping,Flipkart,14,4,2026-06-24 07:57:10.877179838,0
940.21,Shopping,Meesho,19,6,2026-06-24 07:57:46.100788272,0
261.02,Shopping,Amazon,13,1,2026-06-24 08:14:05.125821303,0
506.0,Shopping,Myntra,19,0,2026-06-24 08:14:44.902902170,0
726.09,Shopping,Meesho,21,3,2026-06-24 08:42:13.611312126,0
250.17,Food,Swiggy,18,2,2026-06-24 08:43:34.808835252,0
463.11,Shopping,Amazon,19,3,2026-06-24 08:49:30.789164616,0
757.51,Shopping,Meesho,7,0,2026-06-24 08:56:59.559860966,0
609.55,Shopping,Myntra,9,1,2026-06-24 09:03:28.195828360,0
10.0,Food,KFC,22,0,2026-06-24 09:19:18.977800941,0
924.03,Bills,GooglePay,17,2,2026-06-24 09:30:23.642800331,0
167.49,Food,Local Cafe,14,3,2026-06-24 09:50:08.991547312,0
1000.64,Shopping,Flipkart,12,4,2026-06-24 09:56:00.747299190,0
315.08,Travel,RedBus,6,0,2026-06-24 09:56:40.537751149,0
646.7,Shopping,Amazon,12,5,2026-06-24 10:02:10.089590052,0
284.07,Food,Dominos,13,1,2026-06-24 10:03:59.906679742,0
1024.3,Bills,Airtel,9,1,2026-06-24 10:08:42.688642889,0
354.96,Shopping,Ajio,9,3,2026-06-24 10:08:44.985696936,0
294.3,Travel,Uber,13,4,2026-06-24 10:14:03.543894358,0
513.79,Bills,Paytm,15,2,2026-06-24 10:24:31.799854173,0
782.17,Bills,GooglePay,10,4,2026-06-24 10:27:48.938653581,0
463.48,Shopping,Flipkart,15,3,2026-06-24 10:32:43.845567499,0
123.1,Food,KFC,20,4,2026-06-24 10:34:06.507518082,0
167.58,Food,KFC,13,3,2026-06-24 10:36:05.072834125,0
69.93,Shopping,Meesho,20,4,2026-06-24 10:44:24.340063896,0
1078.78,Shopping,Amazon,2,0,2026-06-24 10:49:17.927436868,1
469.17,Shopping,Flipkart,7,1,2026-06-24 10:57:26.271149073,0
151.92,Food,Dominos,7,3,2026-06-24 11:08:41.775193959,0
260.96,Food,Dominos,13,3,2026-06-24 11:10:35.489176423,0
663.92,Shopping,Flipkart,15,1,2026-06-24 11:19:39.855308708,0
121.32,Food,Swiggy,13,5,2026-06-24 11:20:44.473995218,0
705.65,Bills,Jio,12,5,2026-06-24 11:38:14.880732528,0
233.9,Food,Local Cafe,16,2,2026-06-24 11:44:43.054651687,0
859.25,Shopping,Myntra,6,3,2026-06-24 11:45:14.604039586,0
154.35,Entertainment,Spotify,22,0,2026-06-24 11:51:41.411562620,0
258.75,Food,KFC,10,4,2026-06-24 11:56:40.896525520,0
90.14,Shopping,Amazon,21,0,2026-06-24 11:58:09.302685746,0
270.74,Food,Dominos,7,3,2026-06-24 11:59:17.756198143,0
952.85,Bills,Paytm,10,2,2026-06-24 12:05:43.996968485,0
903.41,Shopping,Meesho,10,3,2026-06-24 12:05:55.407947920,0
695.4,Shopping,Meesho,22,2,2026-06-24 12:07:15.501245518,0
379.98,Shopping,Flipkart,6,1,2026-06-24 12:19:02.137897498,0
194.49,Entertainment,Netflix,16,4,2026-06-24 12:25:13.479007843,0
120.67,Food,Swiggy,20,0,2026-06-24 12:35:24.850327100,0
99.18,Food,Dominos,17,2,2026-06-24 12:35:25.734249615,0
250.22,Entertainment,JioCinema,12,0,2026-06-24 12:35:39.505226929,0
13.3,Shopping,Meesho,22,6,2026-06-24 12:35:41.442012498,0
188.66,Entertainment,Netflix,20,1,2026-06-24 12:36:29.277497722,0
539.47,Shopping,Amazon,13,3,2026-06-24 12:36:39.394084738,0
10.0,Travel,Uber,15,2,2026-06-24 12:40:50.585049705,0
606.94,Shopping,Ajio,22,4,2026-06-24 12:46:48.772151381,0
1059.04,Bills,Paytm,22,6,2026-06-24 13:10:42.521356810,0
249.35,Entertainment,YouTube,13,2,2026-06-24 13:16:09.886859072,0
643.6,Shopping,Amazon,20,5,2026-06-24 13:27:29.774835768,0
162.49,Food,Local Cafe,11,3,2026-06-24 13:34:50.945499605,0
78.51,Food,KFC,12,3,2026-06-24 13:36:49.339587731,0
276.95,Food,KFC,8,4,2026-06-24 13:55:05.372523431,0
10.0,Food,Local Cafe,9,4,2026-06-24 14:00:40.047823859,0
138.79,Food,KFC,17,1,2026-06-24 14:06:30.502812484,0
378.5,Shopping,Flipkart,13,6,2026-06-24 14:12:34.211986465,0
538.83,Shopping,Amazon,10,6,2026-06-24 14:15:40.042299137,0
294.99,Shopping,Flipkart,12,0,2026-06-24 14:18:42.722172701,0
1243.47,Bills,Jio,12,2,2026-06-24 14:29:47.487828371,0
39.08,Food,Zomato,22,1,2026-06-24 14:43:38.957437548,0
108.09,Food,KFC,20,0,2026-06-24 14:46:04.130098511,0
135.28,Food,Zomato,12,6,2026-06-24 14:54:47.421414918,0
651.66,Shopping,Amazon,21,1,2026-06-24 14:59:34.730085780,0
190.85,Food,Swiggy,12,5,2026-06-24 15:05:34.584456538,0
225.11,Food,Zomato,17,4,2026-06-24 15:12:39.885450979,0
1485.24,Shopping,Meesho,22,4,2026-06-24 15:19:17.289054385,0
456.66,Travel,Rapido,12,3,2026-06-24 15:24:34.840859449,0
140.04,Food,Dominos,17,2,2026-06-24 15:27:17.843735340,0
1146.86,Bills,Airtel,11,2,2026-06-24 15:35:54.175763431,0
754.57,Bills,GooglePay,11,2,2026-06-24 15:36:40.335262541,0
10.52,Travel,Ola,15,1,2026-06-24 15:51:45.254222615,0
64.0,Entertainment,YouTube,22,1,2026-06-24 15:53:08.437432583,0
132.97,Food,KFC,13,2,2026-06-24 16:20:38.718145239,0
73.08,Food,Dominos,21,3,2026-06-24 16:20:55.528863562,0
194.83,Entertainment,Hotstar,21,0,2026-06-24 16:22:18.339636606,0
744.42,Shopping,Ajio,10,5,2026-06-24 16:24:34.897310016,0
408.31,Shopping,Myntra,12,1,2026-06-24 16:26:53.392707086,0
96.89,Bills,Paytm,16,2,2026-06-24 16:28:50.499892231,0
1028.23,Bills,GooglePay,14,4,2026-06-24 16:30:27.316599230,0
159.55,Entertainment,Netflix,7,1,2026-06-24 16:44:36.591865035,0
181.51,Entertainment,Netflix,22,0,2026-06-24 16:48:37.625741795,0
1709.64,Bills,Paytm,19,1,2026-06-24 17:14:19.357118878,0
225.23,Food,Zomato,13,0,2026-06-24 17:19:55.681985105,0
319.32,Entertainment,Spotify,16,0,2026-06-24 17:28:22.534333486,0
127.5,Food,KFC,7,1,2026-06-24 17:41:50.238642583,0
307.81,Food,Swiggy,13,0,2026-06-24 17:49:06.849213270,0
120.37,Entertainment,Hotstar,21,1,2026-06-24 17:49:41.324118572,0
35.36,Food,Local Cafe,20,1,2026-06-24 17:52:20.499203328,0
325.33,Food,Swiggy,12,3,2026-06-24 18:10:18.355889344,0
10.74,Food,Swiggy,14,4,2026-06-24 18:13:43.630054771,0
160.09,Entertainment,Hotstar,17,5,2026-06-24 18:21:43.951675215,0
676.04,Shopping,Myntra,12,0,2026-06-24 18:41:48.682338825,0
692.38,Food,KFC,7,1,2026-06-24 18:50:44.205139866,1
103.06,Food,KFC,13,0,2026-06-24 18:52:47.256959189,0
315.35,Travel,Ola,15,1,2026-06-24 19:08:48.372448537,0
302.88,Travel,IRCTC,6,5,2026-06-24 19:11:11.175597916,0
165.22,Food,Swiggy,7,6,2026-06-24 19:28:55.458060357,0
889.38,Shopping,Meesho,9,1,2026-06-24 19:43:18.755329755,0
201.69,Food,Dominos,12,1,2026-06-24 19:45:38.569071019,0
184.62,Entertainment,Hotstar,14,4,2026-06-24 19:48:08.111964065,0
927.53,Bills,GooglePay,11,0,2026-06-24 19:51:41.341546429,0
10.0,Entertainment,Spotify,11,4,2026-06-24 20:14:36.985350082,0
143.03,Food,Local Cafe,20,4,2026-06-24 20:16:33.899859993,0
379.96,Travel,RedBus,8,6,2026-06-24 20:24:44.070084598,0
163.85,Travel,IRCTC,13,6,2026-06-24 20:27:16.045918868,0
652.48,Bills,GooglePay,21,4,2026-06-24 20:52:21.670845657,0
294.59,Entertainment,Spotify,16,4,2026-06-24 20:52:44.305668369,0
207.07,Shopping,Myntra,18,3,2026-06-24 20:55:55.137603186,0
228.03,Food,Local Cafe,13,0,2026-06-24 20:58:43.288822807,0
1473.06,Bills,Paytm,6,0,2026-06-24 20:58:55.712942685,0
663.1,Bills,Paytm,16,1,2026-06-24 21:12:13.863809846,0
211.2,Shopping,Flipkart,16,0,2026-06-24 21:21:19.346319637,0
99.31,Food,Zomato,7,5,2026-06-24 21:25:40.139796578,0
978.43,Shopping,Myntra,13,4,2026-06-24 21:33:33.792906647,0
68.76,Food,Swiggy,21,2,2026-06-24 21:39:02.444824979,0
211.89,Shopping,Amazon,9,6,2026-06-24 21:43:42.349832033,0
97.96,Bills,PhonePe,13,0,2026-06-24 21:44:08.266177132,0
644.64,Bills,PhonePe,13,6,2026-06-24 21:56:52.171002020,0
167.82,Food,Dominos,19,6,2026-06-24 22:01:21.000995309,0
928.86,Shopping,Ajio,19,2,2026-06-24 22:04:58.951530236,0
125.75,Food,Local Cafe,19,6,2026-06-24 22:07:39.872933313,0
194.33,Food,KFC,12,5,2026-06-24 22:14:30.848589202,0
177.12,Travel,Ola,7,3,2026-06-24 22:14:52.572137808,0
87.16,Entertainment,Spotify,12,1,2026-06-24 22:23:46.466665152,0
879.06,Shopping,Myntra,17,1,2026-06-24 22:34:41.591315894,0
338.73,Travel,IRCTC,18,1,2026-06-24 22:35:06.290713283,0
264.23,Entertainment,Netflix,22,3,2026-06-24 22:38:31.393327389,0
332.65,Travel,Uber,13,4,2026-06-24 22:44:21.028086861,0
32.57,Food,Local Cafe,16,6,2026-06-24 22:49:08.533618159,0
293.92,Entertainment,YouTube,14,2,2026-06-24 22:56:13.996395423,0
298.64,Shopping,Flipkart,8,0,2026-06-24 22:59:01.028645678,0
189.71,Food,KFC,13,4,2026-06-24 23:11:45.167067681,0
63.64,Food,Local Cafe,14,1,2026-06-24 23:24:17.923814939,0
195.53,Shopping,Meesho,21,1,2026-06-24 23:25:20.204030779,1
7954.28,Food,KFC,12,6,2026-06-24 23:33:20.670521861,1
82.55,Food,Swiggy,22,4,2026-06-24 23:43:44.373899880,0
56.62,Food,KFC,14,2,2026-06-24 23:49:55.473621183,0
731.44,Travel,Rapido,10,4,2026-06-24 23:54:03.242123177,0
203.66,Entertainment,Hotstar,9,3,2026-06-25 00:00:20.178838418,0
24.14,Food,Local Cafe,8,1,2026-06-25 00:00:30.614975314,0
87.99,Entertainment,Hotstar,13,2,2026-06-25 00:06:20.852894313,0
121.78,Entertainment,Spotify,6,6,2026-06-25 00:10:18.522412409,0
207.89,Travel,Rapido,13,0,2026-06-25 00:10:33.107197906,0
207.47,Food,Swiggy,22,6,2026-06-25 00:14:48.293355535,0
889.21,Bills,PhonePe,17,1,2026-06-25 00:36:20.759946873,0
201.05,Entertainment,Spotify,19,6,2026-06-25 00:39:32.402120777,0
239.98,Bills,Paytm,8,4,2026-06-25 00:39:37.413999989,0
192.69,Food,KFC,13,2,2026-06-25 00:43:45.442441837,0
63.63,Shopping,Ajio,11,1,2026-06-25 00:56:23.710283486,0
723.79,Bills,PhonePe,20,0,2026-06-25 01:11:58.620212120,0
587.41,Shopping,Amazon,9,0,2026-06-25 01:21:03.966820585,0
176.17,Food,Swiggy,13,5,2026-06-25 01:28:26.131485503,0
162.37,Food,Local Cafe,15,4,2026-06-25 01:45:45.752977041,0
339.47,Travel,Ola,13,3,2026-06-25 01:56:33.430539238,0
211.38,Entertainment,JioCinema,19,4,2026-06-25 02:05:56.463786724,0
48.14,Food,Local Cafe,10,2,2026-06-25 02:08:41.795547403,1
68.22,Entertainment,Spotify,12,4,2026-06-25 02:26:05.289102563,0
216.21,Food,Zomato,19,2,2026-06-25 02:29:41.868692769,0
1137.42,Bills,Paytm,14,5,2026-06-25 02:58:58.709742194,0
94.66,Travel,Uber,12,5,2026-06-25 03:14:16.581322070,0
334.08,Travel,IRCTC,6,5,2026-06-25 03:18:28.777120875,0
236.89,Entertainment,Netflix,19,3,2026-06-25 03:21:40.780004465,0
150.93,Food,Local Cafe,22,5,2026-06-25 03:26:52.565919777,0
298.2,Entertainment,Spotify,16,4,2026-06-25 03:29:17.476666477,0
115.54,Food,Zomato,20,0,2026-06-25 03:36:15.449875802,0
660.61,Bills,PhonePe,14,2,2026-06-25 03:47:25.804109239,0
1197.6,Bills,GooglePay,10,6,2026-06-25 03:47:37.621176427,0
300.53,Bills,Unknown Merchant,6,2,2026-06-25 03:56:44.461872757,1
212.84,Food,Swiggy,16,0,2026-06-25 04:05:00.465095939,0
348.02,Entertainment,Spotify,13,6,2026-06-25 04:16:04.874903854,0
190.7,Food,Zomato,19,4,2026-06-25 04:16:44.463628217,0
144.86,Food,Local Cafe,17,3,2026-06-25 04:22:58.067502401,0
314.9,Bills,Airtel,22,1,2026-06-25 04:24:21.075866929,0
549.62,Shopping,Flipkart,13,4,2026-06-25 04:26:32.960055371,0
158.65,Travel,Ola,13,5,2026-06-25 04:31:28.424158679,0
416.42,Shopping,Amazon,11,6,2026-06-25 04:44:56.030479198,0
178.24,Food,Dominos,13,4,2026-06-25 04:46:19.431790125,0
133.59,Travel,Ola,20,2,2026-06-25 05:37:19.810618159,0
174.51,Shopping,Amazon,6,2,2026-06-25 05:46:35.082088129,0
108.43,Food,Local Cafe,22,3,2026-06-25 05:51:22.273872720,0
10.0,Bills,Airtel,22,5,2026-06-25 05:53:20.154072047,0
904.0,Shopping,Flipkart,15,6,2026-06-25 05:58:37.728446593,0
949.25,Bills,GooglePay,12,3,2026-06-25 06:03:59.285241053,0
284.16,Shopping,Flipkart,10,3,2026-06-25 06:09:32.184215689,0
174.98,Travel,RedBus,11,0,2026-06-25 06:28:14.805865230,0
526.74,Travel,IRCTC,7,6,2026-06-25 06:38:28.577333127,0
270.07,Bills,Jio,13,1,2026-06-25 06:45:20.797893633,0
10.0,Food,KFC,7,1,2026-06-25 06:48:11.893360399,0
564.52,Travel,Ola,18,6,2026-06-25 06:53:44.759510638,0
454.04,Bills,Paytm,12,5,2026-06-25 06:54:48.019045551,0
1310.1,Bills,GooglePay,9,3,2026-06-25 07:02:52.255793821,0
746.18,Shopping,Flipkart,14,2,2026-06-25 07:03:56.826183956,0
102.58,Entertainment,Hotstar,22,1,2026-06-25 07:18:21.194668602,0
1061.56,Bills,GooglePay,17,6,2026-06-25 07:20:41.228223814,0
27.83,Food,Local Cafe,13,6,2026-06-25 07:25:32.124929819,0
807.47,Shopping,Meesho,19,4,2026-06-25 07:28:29.929184495,0
100.52,Entertainment,Netflix,18,0,2026-06-25 07:34:12.001531927,0
232.2,Food,Dominos,20,2,2026-06-25 07:38:56.581930120,0
72.87,Entertainment,Hotstar,9,0,2026-06-25 07:50:11.192399880,0
424.82,Bills,GooglePay,20,4,2026-06-25 07:50:58.888987159,0
1439.46,Bills,GooglePay,11,1,2026-06-25 07:52:36.242931247,0
188.32,Food,Swiggy,21,0,2026-06-25 08:11:26.045408470,0
81.71,Food,KFC,11,5,2026-06-25 08:32:29.349349558,0
226.38,Entertainment,JioCinema,21,0,2026-06-25 08:32:42.662282115,0
169.29,Food,Zomato,22,0,2026-06-25 08:37:03.331500013,0
254.33,Travel,Uber,8,6,2026-06-25 08:38:26.177406667,0
569.46,Shopping,Meesho,22,4,2026-06-25 08:44:26.337583866,0
241.72,Food,Swiggy,7,6,2026-06-25 08:51:33.817671411,0
213.25,Food,Dominos,10,2,2026-06-25 08:52:22.713272315,0
657.44,Shopping,Amazon,13,6,2026-06-25 08:55:12.843227760,0
112.15,Entertainment,Netflix,22,2,2026-06-25 08:56:31.277130939,0
115.58,Shopping,Myntra,13,4,2026-06-25 09:04:03.838958126,0
478.49,Shopping,Amazon,14,6,2026-06-25 09:04:40.653731362,0
215.16,Food,Zomato,17,0,2026-06-25 09:08:42.569678559,0
10.0,Shopping,Flipkart,22,0,2026-06-25 09:13:53.976696244,0
361.21,Shopping,Amazon,19,3,2026-06-25 09:19:54.808876383,0
245.52,Entertainment,Spotify,10,5,2026-06-25 09:58:52.490479253,0
890.05,Shopping,Flipkart,11,1,2026-06-25 10:01:26.242598966,0
10.0,Shopping,Meesho,7,1,2026-06-25 10:02:17.397822320,0
143.75,Food,Zomato,16,2,2026-06-25 10:09:18.875268151,0
147.26,Entertainment,Hotstar,9,4,2026-06-25 10:16:53.323362304,0
150.94,Food,KFC,10,0,2026-06-25 10:18:39.288890546,0
192.2,Food,Zomato,20,6,2026-06-25 10:28:09.732943503,0
155.6,Bills,PhonePe,12,5,2026-06-25 10:39:38.774528305,0
224.03,Shopping,Flipkart,15,1,2026-06-25 10:41:01.372822736,0
255.32,Shopping,Amazon,12,4,2026-06-25 10:41:36.089161601,0
395.04,Shopping,Meesho,7,4,2026-06-25 10:41:53.784970085,0
515.69,Travel,Ola,12,0,2026-06-25 10:45:01.793362564,0
70.18,Food,Zomato,12,5,2026-06-25 11:03:17.510886514,0
168.41,Travel,Ola,20,4,2026-06-25 11:27:50.994008505,0
275.64,Bills,GooglePay,12,1,2026-06-25 11:33:41.889626159,0
397.61,Shopping,Meesho,12,3,2026-06-25 11:46:27.993554112,0
423.89,Shopping,Flipkart,19,1,2026-06-25 11:46:51.267085577,0
135.64,Food,KFC,19,5,2026-06-25 11:52:26.686183814,0
768.81,Travel,Ola,19,3,2026-06-25 11:55:01.776986468,0
741.57,Shopping,Myntra,21,6,2026-06-25 12:08:43.549403790,0
147.08,Food,Swiggy,19,6,2026-06-25 12:30:27.175422406,0
653.03,Shopping,Meesho,12,4,2026-06-25 12:35:43.735702125,0
142.74,Entertainment,Spotify,19,1,2026-06-25 12:43:35.858967091,0
1120.98,Shopping,Flipkart,13,0,2026-06-25 12:48:33.352611899,0
285.44,Entertainment,Hotstar,11,5,2026-06-25 12:52:21.481622586,0
206.15,Food,Zomato,11,4,2026-06-25 12:53:54.012837868,0
257.08,Food,Swiggy,10,0,2026-06-25 12:54:14.763521427,0
289.03,Food,Local Cafe,8,3,2026-06-25 12:57:34.646677673,0
207.47,Shopping,Flipkart,9,6,2026-06-25 12:58:21.927928233,0
245.74,Food,Swiggy,7,2,2026-06-25 13:02:48.213558926,0
184.57,Food,Local Cafe,20,2,2026-06-25 13:03:18.174520277,0
228.19,Entertainment,Hotstar,21,3,2026-06-25 13:06:35.811564424,0
615.96,Travel,Ola,15,2,2026-06-25 13:08:34.161121618,0
440.82,Bills,PhonePe,20,5,2026-06-25 13:21:32.238246842,0
148.43,Food,Zomato,9,4,2026-06-25 13:21:58.004591416,0
137.75,Food,Local Cafe,20,4,2026-06-25 13:29:13.688664849,0
183.39,Food,Local Cafe,13,5,2026-06-25 13:30:00.885070018,0
985.79,Bills,PhonePe,7,1,2026-06-25 13:39:54.093281452,0
315.01,Entertainment,YouTube,8,4,2026-06-25 13:51:52.772345156,0
519.83,Shopping,Ajio,12,6,2026-06-25 13:54:37.105324955,0
284.24,Food,KFC,6,2,2026-06-25 13:58:38.375797168,0
1219.53,Shopping,Ajio,12,6,2026-06-25 14:00:55.515004153,0
192.49,Food,Zomato,7,5,2026-06-25 14:03:20.523497025,0
202.2,Shopping,Meesho,10,0,2026-06-25 14:05:36.696990834,0
580.48,Bills,Paytm,11,1,2026-06-25 14:40:07.270402096,0
1079.37,Bills,PhonePe,22,0,2026-06-25 14:43:22.626655382,0
186.82,Food,Local Cafe,10,6,2026-06-25 14:48:56.104889798,0
182.09,Food,Dominos,10,2,2026-06-25 14:49:23.771037775,0
385.5,Entertainment,YouTube,17,6,2026-06-25 14:52:07.427561827,0
232.37,Food,Swiggy,20,0,2026-06-25 14:53:10.267474309,0
120.31,Food,Zomato,12,2,2026-06-25 15:31:48.513476317,0
139.98,Food,Zomato,20,4,2026-06-25 15:39:25.483141969,0
116.24,Food,KFC,12,1,2026-06-25 15:40:59.587363655,0
259.18,Shopping,Myntra,9,3,2026-06-25 15:53:15.761513935,0
688.52,Travel,Uber,12,2,2026-06-25 16:09:01.599548284,0
186.11,Food,Local Cafe,16,5,2026-06-25 16:11:25.860355988,0
158.99,Shopping,Meesho,12,5,2026-06-25 16:32:05.536544732,0
1423.35,Bills,Paytm,17,4,2026-06-25 16:33:26.553457200,0
296.23,Shopping,Ajio,10,5,2026-06-25 17:03:53.278342111,0
226.39,Entertainment,Hotstar,18,0,2026-06-25 17:15:19.933915177,0
54.54,Entertainment,JioCinema,12,4,2026-06-25 17:17:54.018985091,0
158.87,Food,Zomato,13,5,2026-06-25 17:27:42.253260814,0
14.71,Travel,Ola,14,0,2026-06-25 17:33:53.861421799,0
10.0,Shopping,Amazon,17,0,2026-06-25 17:37:04.166769714,0
281.85,Entertainment,Spotify,10,0,2026-06-25 17:40:52.280164530,0
881.25,Shopping,Flipkart,19,5,2026-06-25 17:41:53.967118066,0
232.76,Entertainment,JioCinema,18,0,2026-06-25 17:44:08.231372815,0
835.93,Travel,Ola,10,6,2026-06-25 17:53:20.477402206,0
101.64,Food,Dominos,22,1,2026-06-25 17:53:26.457710301,0
10.0,Shopping,Amazon,17,5,2026-06-25 17:59:35.283273271,0
248.28,Entertainment,Hotstar,13,0,2026-06-25 18:01:25.106273924,0
107.78,Entertainment,Spotify,8,1,2026-06-25 18:03:01.499688661,0
148.02,Food,Local Cafe,14,6,2026-06-25 18:53:01.324403345,1
2480.29,Bills,Paytm,8,3,2026-06-25 19:00:11.087128220,1
110.44,Food,Zomato,13,1,2026-06-25 19:08:11.216287773,0
148.11,Food,Local Cafe,12,5,2026-06-25 19:12:49.860235476,0
864.85,Shopping,Ajio,18,5,2026-06-25 19:14:32.233964438,0
137.78,Food,Swiggy,9,0,2026-06-25 19:17:06.907200494,0
396.54,Travel,Rapido,19,6,2026-06-25 19:17:13.245364957,0
198.79,Food,KFC,12,6,2026-06-25 19:20:26.395464141,0
271.1,Travel,Ola,13,6,2026-06-25 19:22:01.684902974,0
140.89,Food,Swiggy,19,5,2026-06-25 19:24:10.406136945,0
151.2,Food,Swiggy,16,3,2026-06-25 19:28:06.336633029,0
102.03,Food,KFC,11,6,2026-06-25 19:31:22.178303909,0
184.46,Food,Local Cafe,12,4,2026-06-25 19:55:56.922711093,0
103.67,Food,Local Cafe,11,1,2026-06-25 20:00:19.671476231,0
113.37,Food,KFC,15,4,2026-06-25 20:02:43.437104092,0
228.13,Shopping,Myntra,12,3,2026-06-25 20:03:42.566674066,0
254.52,Food,Zomato,18,1,2026-06-25 20:14:25.318753652,0
120.44,Shopping,Myntra,15,0,2026-06-25 20:15:40.312076178,0
5153.41,Shopping,Unknown Merchant,1,1,2026-06-25 20:31:39.657848340,1
191.84,Entertainment,Unknown Merchant,12,0,2026-06-25 20:51:07.635010255,1
163.34,Entertainment,Hotstar,10,2,2026-06-25 20:53:04.798992257,0
228.68,Shopping,Amazon,12,1,2026-06-25 20:55:41.844916374,0
84.74,Food,Local Cafe,13,1,2026-06-25 21:02:52.142570240,0
103.26,Food,Dominos,13,4,2026-06-25 21:13:40.683790108,0
504.07,Entertainment,Spotify,19,4,2026-06-25 21:27:08.104355801,0
103.12,Food,Dominos,9,3,2026-06-25 21:28:29.387949111,0
190.72,Food,Dominos,21,0,2026-06-25 21:42:34.415814579,0
133.98,Food,Dominos,12,5,2026-06-25 21:44:53.228624126,0
309.11,Food,Swiggy,11,4,2026-06-25 21:59:30.779931319,0
169.62,Food,Dominos,17,6,2026-06-25 22:01:54.151824498,0
75.61,Travel,Uber,19,3,2026-06-25 22:06:41.887232940,0
115.43,Food,Dominos,12,0,2026-06-25 22:10:57.685388435,0
1776.37,Bills,GooglePay,19,0,2026-06-25 22:47:45.761352876,0
218.52,Food,KFC,20,0,2026-06-25 22:51:10.054680519,0
148.89,Food,KFC,19,2,2026-06-25 22:57:11.996592593,0
113.48,Entertainment,Netflix,6,0,2026-06-25 23:00:37.985380985,0
88.54,Food,Zomato,19,3,2026-06-25 23:03:36.098086030,0
99.31,Travel,Ola,19,0,2026-06-25 23:06:20.724828942,0
55.26,Shopping,Meesho,17,5,2026-06-25 23:06:22.069311429,0
212.88,Food,Swiggy,19,5,2026-06-25 23:07:01.979850572,0
258.88,Entertainment,Netflix,22,0,2026-06-25 23:11:46.475308797,0
163.36,Food,Local Cafe,13,3,2026-06-25 23:15:30.080727133,0
346.07,Entertainment,Netflix,7,1,2026-06-25 23:29:04.306100027,0
209.76,Food,KFC,13,0,2026-06-25 23:36:55.499180927,0
67.88,Entertainment,JioCinema,7,3,2026-06-25 23:42:30.864471672,0
397.73,Food,KFC,11,4,2026-06-25 23:49:41.605118314,0
508.57,Shopping,Flipkart,15,3,2026-06-25 23:51:32.932783787,0
482.99,Travel,IRCTC,12,2,2026-06-25 23:52:00.226270312,0
203.81,Entertainment,JioCinema,17,4,2026-06-25 23:52:10.355520787,0
213.01,Entertainment,YouTube,19,5,2026-06-25 23:52:31.321637540,0
10.0,Travel,Uber,12,5,2026-06-25 23:57:22.119738136,0
144.35,Entertainment,YouTube,20,1,2026-06-25 23:58:32.527373412,0
191.38,Food,Local Cafe,7,1,2026-06-26 00:05:15.971858528,0
140.36,Food,Dominos,20,3,2026-06-26 00:27:13.886802218,0
39.02,Food,Local Cafe,19,3,2026-06-26 00:28:14.264487206,0
769.47,Shopping,Flipkart,12,0,2026-06-26 00:31:05.927030841,0
450.91,Shopping,Flipkart,11,6,2026-06-26 00:35:06.914856583,0
534.55,Shopping,Meesho,11,6,2026-06-26 00:35:27.716890009,0
45.06,Food,Swiggy,19,0,2026-06-26 00:38:30.936984418,0
158.08,Bills,Jio,19,5,2026-06-26 00:50:43.352239478,0
163.55,Food,Local Cafe,12,2,2026-06-26 01:05:23.683185075,0
254.82,Food,Local Cafe,15,6,2026-06-26 01:10:08.242834961,0
759.38,Shopping,Flipkart,8,0,2026-06-26 01:34:22.025014008,0
441.1,Travel,Rapido,13,5,2026-06-26 01:36:01.839464497,0
902.38,Bills,GooglePay,22,3,2026-06-26 01:42:04.548736190,0
333.27,Bills,PhonePe,8,6,2026-06-26 02:03:12.535701220,0
10.0,Food,Local Cafe,21,3,2026-06-26 02:07:22.930657008,0
1287.59,Shopping,Flipkart,19,0,2026-06-26 02:13:27.097061370,0
136.5,Food,Local Cafe,22,6,2026-06-26 02:20:28.888706421,0
340.97,Shopping,Ajio,9,2,2026-06-26 02:34:05.323580884,0
529.07,Shopping,Myntra,9,5,2026-06-26 02:37:06.254818851,0
77.35,Food,Swiggy,6,3,2026-06-26 02:42:23.976856386,0
116.22,Food,Swiggy,18,5,2026-06-26 02:42:50.609744626,0
385.51,Entertainment,YouTube,16,2,2026-06-26 02:52:31.602889582,0
237.82,Entertainment,Unknown Merchant,9,3,2026-06-26 03:00:24.136213902,1
683.79,Shopping,Myntra,19,5,2026-06-26 03:03:02.730161844,0
143.37,Food,Swiggy,11,2,2026-06-26 03:18:35.930311906,0
242.54,Food,KFC,8,2,2026-06-26 03:21:41.459255790,0
837.87,Shopping,Flipkart,12,2,2026-06-26 03:26:56.666116926,0
180.54,Entertainment,Spotify,7,0,2026-06-26 03:32:42.640075730,0
152.71,Food,Swiggy,11,1,2026-06-26 03:36:36.424550069,0
568.27,Travel,Uber,12,5,2026-06-26 03:48:48.010786616,0
157.39,Food,Local Cafe,20,2,2026-06-26 04:04:31.149504723,0
169.08,Entertainment,Spotify,19,5,2026-06-26 04:09:15.815167151,0
427.61,Shopping,Amazon,13,2,2026-06-26 04:11:15.520482901,0
214.16,Travel,Uber,18,5,2026-06-26 04:25:03.107373539,0
156.4,Food,Local Cafe,15,3,2026-06-26 04:50:20.871813444,0
640.52,Bills,Paytm,12,5,2026-06-26 04:51:53.014160327,0
156.19,Food,KFC,18,6,2026-06-26 04:54:26.461806058,0
97.05,Food,Local Cafe,17,1,2026-06-26 04:56:20.714085348,0
239.9,Entertainment,Hotstar,16,3,2026-06-26 04:56:39.831921899,0
254.75,Entertainment,Hotstar,16,3,2026-06-26 05:06:56.831271296,0
272.56,Entertainment,Hotstar,17,2,2026-06-26 05:07:45.915662565,0
1026.7,Bills,GooglePay,12,4,2026-06-26 05:24:46.450174057,0
513.73,Travel,Rapido,20,6,2026-06-26 05:40:24.854683441,0
162.57,Food,Dominos,8,1,2026-06-26 05:45:08.000857501,0
155.49,Food,KFC,20,3,2026-06-26 05:50:30.107933799,0
106.49,Food,Zomato,12,4,2026-06-26 05:50:32.077253932,0
1130.34,Bills,GooglePay,8,4,2026-06-26 05:58:44.151076010,0
354.51,Shopping,Flipkart,15,3,2026-06-26 06:00:32.468884857,0
19.1,Food,Local Cafe,12,2,2026-06-26 06:13:36.860123065,0
323.5,Shopping,Amazon,19,0,2026-06-26 06:43:26.158184044,0
481.6,Travel,IRCTC,13,3,2026-06-26 06:44:06.492770060,0
704.75,Shopping,Amazon,17,2,2026-06-26 06:46:02.911474808,0
173.18,Food,KFC,11,1,2026-06-26 06:52:30.610629583,0
336.64,Food,Swiggy,9,2,2026-06-26 06:53:05.179509504,0
182.32,Food,Zomato,12,4,2026-06-26 07:02:01.797877045,0
9188.29,Food,Unknown Merchant,4,6,2026-06-26 07:07:16.631041211,1
469.69,Bills,Jio,17,6,2026-06-26 07:07:18.407443394,0
1026.1,Bills,Paytm,15,1,2026-06-26 07:12:57.544704496,0
1405.7,Bills,GooglePay,22,6,2026-06-26 07:13:47.290941304,0
516.62,Shopping,Amazon,17,1,2026-06-26 07:14:12.977455836,0
387.01,Travel,Uber,21,0,2026-06-26 07:19:17.109885130,0
189.11,Food,Swiggy,8,0,2026-06-26 07:24:27.001642780,0
1215.38,Shopping,Meesho,7,3,2026-06-26 07:24:59.419422474,0
500.66,Travel,Uber,12,6,2026-06-26 07:43:07.540780011,0
251.24,Food,Zomato,8,2,2026-06-26 07:48:07.982581600,0
87.54,Food,Zomato,14,3,2026-06-26 07:49:41.715340397,0
151.17,Entertainment,Spotify,14,0,2026-06-26 07:53:07.609714471,0
105.17,Food,KFC,15,4,2026-06-26 07:59:40.195500996,0
729.86,Bills,PhonePe,18,0,2026-06-26 08:19:35.324599211,0
160.54,Food,KFC,22,2,2026-06-26 08:20:30.266355645,0
944.98,Bills,PhonePe,20,4,2026-06-26 08:26:00.119133105,0
148.81,Food,Local Cafe,8,6,2026-06-26 08:28:15.170440442,0
103.48,Food,Zomato,12,3,2026-06-26 08:33:06.221149261,0
411.02,Bills,Paytm,10,3,2026-06-26 08:38:54.081165899,0
187.29,Food,Dominos,9,0,2026-06-26 08:43:17.869023913,0
727.09,Shopping,Amazon,14,0,2026-06-26 08:48:29.894168794,0
139.32,Food,Zomato,14,6,2026-06-26 09:00:28.839985860,0
29.4,Food,Swiggy,10,5,2026-06-26 09:11:36.548905647,0
229.35,Food,Swiggy,18,3,2026-06-26 09:21:09.811549328,0
136.02,Food,Swiggy,18,6,2026-06-26 09:47:54.486541252,0
75.37,Entertainment,Netflix,6,3,2026-06-26 09:49:45.347018660,0
153.44,Food,Dominos,12,1,2026-06-26 09:53:37.792232091,0
820.24,Shopping,Amazon,20,2,2026-06-26 09:59:03.443308812,0
122.16,Food,Swiggy,14,1,2026-06-26 10:14:37.979620752,0
10.0,Food,Swiggy,12,1,2026-06-26 10:26:11.476267599,0
177.51,Entertainment,JioCinema,10,3,2026-06-26 10:32:24.749365040,0
99.8,Food,Swiggy,10,5,2026-06-26 10:33:10.120361173,0
221.74,Entertainment,JioCinema,7,6,2026-06-26 10:36:20.480486936,0
155.29,Food,Local Cafe,19,6,2026-06-26 10:40:17.794955266,0
628.07,Bills,Jio,7,2,2026-06-26 10:58:00.457202472,1
354.02,Shopping,Ajio,11,3,2026-06-26 11:02:25.058048473,0
338.01,Entertainment,Hotstar,6,1,2026-06-26 11:04:11.602674636,0
667.81,Shopping,Myntra,19,1,2026-06-26 11:07:10.545142011,0
657.78,Shopping,Flipkart,6,6,2026-06-26 11:13:32.312308829,0
224.27,Shopping,Flipkart,11,6,2026-06-26 11:14:10.270954681,1
135.38,Food,Zomato,15,3,2026-06-26 11:20:09.547134769,0
367.77,Food,Swiggy,12,0,2026-06-26 11:26:16.536360133,1
179.82,Food,Swiggy,11,0,2026-06-26 11:27:14.659358287,0
550.3,Shopping,Myntra,11,3,2026-06-26 11:32:15.627499134,0
372.0,Travel,Uber,19,4,2026-06-26 11:53:14.287681919,0
131.75,Food,Dominos,22,4,2026-06-26 11:53:19.224961915,0
141.49,Entertainment,JioCinema,12,0,2026-06-26 11:57:55.849763071,0
1269.54,Bills,Jio,6,2,2026-06-26 12:18:41.571214131,0
184.54,Shopping,Meesho,6,5,2026-06-26 12:20:58.908618237,0
102.22,Entertainment,JioCinema,19,1,2026-06-26 12:22:12.774535706,0
145.87,Food,Local Cafe,14,6,2026-06-26 12:26:26.803256484,0
88.25,Food,Swiggy,19,2,2026-06-26 12:39:37.677977113,0
48.48,Shopping,Flipkart,17,6,2026-06-26 12:39:50.503716437,0
69.36,Food,Dominos,20,0,2026-06-26 12:52:07.308078492,0
501.37,Bills,Jio,20,3,2026-06-26 13:00:58.311038140,0
241.82,Entertainment,Hotstar,19,4,2026-06-26 13:03:21.074114279,0
461.85,Shopping,Meesho,13,0,2026-06-26 13:06:12.608591285,0
228.12,Food,KFC,11,2,2026-06-26 13:07:22.285092444,0
10.0,Entertainment,JioCinema,13,2,2026-06-26 13:09:00.784103578,0
183.11,Shopping,Myntra,13,5,2026-06-26 13:17:01.782613884,0
226.47,Shopping,Amazon,16,6,2026-06-26 13:18:36.614022992,0
577.83,Shopping,Ajio,9,0,2026-06-26 13:18:54.094974418,0
137.62,Entertainment,Hotstar,17,1,2026-06-26 13:31:25.047124113,0
416.91,Shopping,Myntra,13,2,2026-06-26 13:37:53.288355365,0
100.59,Travel,Ola,16,1,2026-06-26 13:46:34.128258337,0
88.55,Travel,Uber,10,1,2026-06-26 13:50:11.648427530,0
97.37,Food,KFC,13,6,2026-06-26 13:51:06.003981475,1
812.19,Shopping,Meesho,9,3,2026-06-26 13:57:54.476321401,0
46.69,Travel,Ola,20,0,2026-06-26 13:58:31.358647422,0
850.19,Shopping,Flipkart,13,0,2026-06-26 14:10:45.849277526,0
486.86,Travel,Ola,10,1,2026-06-26 14:28:08.985453697,0
156.76,Entertainment,YouTube,6,3,2026-06-26 14:31:05.235857507,0
824.97,Bills,Paytm,17,2,2026-06-26 14:40:24.013869236,0
935.81,Bills,Paytm,9,2,2026-06-26 14:43:09.310827760,0
440.23,Travel,Uber,22,0,2026-06-26 14:46:25.006703300,0
117.44,Travel,Ola,14,6,2026-06-26 14:57:33.572194787,0
746.63,Shopping,Flipkart,11,6,2026-06-26 15:11:25.309790358,0
161.24,Food,Swiggy,17,1,2026-06-26 15:16:55.688457631,0
245.17,Shopping,Amazon,11,3,2026-06-26 15:24:38.383883949,0
860.49,Bills,PhonePe,19,3,2026-06-26 15:35:44.410759767,0
242.28,Shopping,Flipkart,11,2,2026-06-26 15:47:49.895442943,0
811.0,Bills,Airtel,22,2,2026-06-26 15:52:04.033997819,0
382.73,Shopping,Amazon,15,6,2026-06-26 16:01:23.036692498,0
881.31,Bills,Paytm,20,4,2026-06-26 16:03:09.783296705,0
170.85,Food,Local Cafe,7,4,2026-06-26 16:08:32.245238302,0
1327.02,Bills,Airtel,12,1,2026-06-26 16:14:45.124408976,0
691.92,Shopping,Flipkart,18,4,2026-06-26 16:14:46.404636937,0
186.2,Food,Local Cafe,17,3,2026-06-26 16:37:37.152714591,0
25.72,Food,Local Cafe,9,4,2026-06-26 16:49:41.368447369,0
1201.93,Bills,PhonePe,12,0,2026-06-26 16:56:02.663288760,0
9924.29,Shopping,Myntra,11,0,2026-06-26 17:09:11.056130893,1
70.3,Food,KFC,16,5,2026-06-26 17:15:11.243784187,0
411.03,Entertainment,Netflix,12,2,2026-06-26 17:19:28.238182951,0
550.08,Bills,Airtel,12,2,2026-06-26 17:25:36.511780204,0
344.01,Entertainment,YouTube,9,6,2026-06-26 17:34:35.095872645,0
605.73,Shopping,Amazon,12,1,2026-06-26 17:41:21.268456826,0
669.72,Shopping,Amazon,9,0,2026-06-26 17:44:39.831516243,0
203.58,Entertainment,Hotstar,22,5,2026-06-26 17:48:07.694575802,0
252.26,Shopping,Flipkart,8,1,2026-06-26 17:59:56.898419507,0
1103.78,Bills,PhonePe,21,1,2026-06-26 18:11:37.034289768,0
172.39,Food,Local Cafe,13,6,2026-06-26 18:16:13.113567254,0
579.59,Shopping,Flipkart,12,4,2026-06-26 18:18:10.015614426,0
159.69,Food,Dominos,10,2,2026-06-26 18:26:23.562372104,0
133.79,Food,KFC,16,1,2026-06-26 18:29:09.102019045,0
211.37,Food,Dominos,17,1,2026-06-26 18:34:44.376538765,0
193.04,Food,Local Cafe,13,2,2026-06-26 18:35:49.440595408,0
288.36,Entertainment,Hotstar,7,6,2026-06-26 18:42:05.189788942,0
137.16,Food,Zomato,21,2,2026-06-26 18:43:28.367612027,0
704.91,Bills,Paytm,22,0,2026-06-26 18:52:15.377740957,0
205.38,Travel,Rapido,13,2,2026-06-26 18:53:49.435719219,0
544.67,Shopping,Amazon,16,4,2026-06-26 19:11:04.459253899,0
28.79,Food,KFC,13,0,2026-06-26 19:16:20.979821491,0
1876.13,Bills,PhonePe,12,6,2026-06-26 19:19:37.690827595,0
572.26,Bills,GooglePay,7,5,2026-06-26 19:29:13.889622767,0
1311.15,Bills,Jio,13,1,2026-06-26 19:41:42.680322404,0
225.44,Travel,Uber,19,4,2026-06-26 19:53:02.532029773,0
61.96,Entertainment,JioCinema,6,4,2026-06-26 19:57:56.735041047,0
687.53,Shopping,Ajio,15,0,2026-06-26 20:00:47.150163266,0
292.51,Food,KFC,20,1,2026-06-26 20:18:39.370030218,0
1026.64,Bills,Paytm,10,0,2026-06-26 20:21:45.842799649,0
286.78,Food,KFC,9,3,2026-06-26 20:27:39.520614573,0
320.99,Entertainment,Hotstar,19,3,2026-06-26 20:41:08.900224586,0
79.13,Food,Zomato,10,0,2026-06-26 20:49:28.973952136,0
212.1,Food,Swiggy,9,1,2026-06-26 20:57:46.260697435,0
10.0,Travel,RedBus,12,6,2026-06-26 21:02:19.537060641,0
620.43,Shopping,Myntra,12,1,2026-06-26 21:03:50.331155761,0
306.84,Shopping,Meesho,20,2,2026-06-26 21:29:50.319108701,0
833.34,Shopping,Myntra,16,6,2026-06-26 21:30:42.100612487,0
91.64,Entertainment,Spotify,12,4,2026-06-26 21:42:01.763906870,0
233.07,Food,Local Cafe,14,0,2026-06-26 21:43:45.051522915,0
279.03,Entertainment,YouTube,22,6,2026-06-26 21:53:37.032304629,0
163.57,Food,KFC,7,4,2026-06-26 22:06:45.831083232,0
195.07,Travel,Rapido,9,6,2026-06-26 22:15:34.255747667,0
452.24,Travel,Uber,22,4,2026-06-26 22:18:51.696324583,0
10.0,Food,Dominos,22,3,2026-06-26 22:48:44.376613814,0
288.9,Shopping,Meesho,9,3,2026-06-26 22:54:22.545932450,0
154.07,Food,Local Cafe,8,5,2026-06-26 23:28:23.281922611,0
868.16,Bills,GooglePay,12,6,2026-06-26 23:28:46.882659485,0
295.59,Shopping,Flipkart,7,6,2026-06-26 23:34:10.449261109,0
536.38,Bills,Airtel,17,0,2026-06-26 23:46:08.061020649,0
197.97,Food,Zomato,7,5,2026-06-26 23:55:16.460341144,0
81.16,Food,Local Cafe,7,0,2026-06-26 23:56:02.075951981,0
126.47,Food,Swiggy,13,1,2026-06-26 23:59:13.277210726,0
62.97,Food,Local Cafe,22,0,2026-06-27 00:13:04.088287866,0
531.36,Shopping,Myntra,13,6,2026-06-27 00:53:58.763949245,0
185.53,Entertainment,Hotstar,12,1,2026-06-27 00:55:18.944549326,0
64.14,Bills,PhonePe,22,1,2026-06-27 00:58:02.850187405,0
120.53,Shopping,Flipkart,14,0,2026-06-27 01:02:40.291494540,0
10.0,Entertainment,Hotstar,12,1,2026-06-27 01:04:52.019860335,0
1339.82,Bills,Jio,12,4,2026-06-27 01:29:08.744424703,0
139.27,Entertainment,Hotstar,9,1,2026-06-27 01:31:29.800346650,0
628.3,Shopping,Amazon,13,4,2026-06-27 01:50:07.564432517,0
11343.52,Food,Unknown Merchant,4,4,2026-06-27 01:57:07.982897421,1
271.3,Food,KFC,11,4,2026-06-27 01:59:08.299635687,0
171.91,Bills,PhonePe,8,2,2026-06-27 02:03:34.618692344,0
248.58,Food,Local Cafe,12,5,2026-06-27 02:30:50.341790498,0
163.36,Food,KFC,13,6,2026-06-27 02:31:50.388473656,0
720.0,Shopping,Amazon,7,2,2026-06-27 02:47:48.694178725,0
910.02,Shopping,Flipkart,8,6,2026-06-27 02:48:04.457638173,0
925.26,Bills,PhonePe,21,6,2026-06-27 02:55:07.215132268,0
295.34,Food,Dominos,14,1,2026-06-27 02:58:40.684960998,0
904.3,Shopping,Meesho,7,5,2026-06-27 03:19:44.277085127,0
1079.78,Bills,PhonePe,17,6,2026-06-27 03:25:34.049309542,0
315.88,Entertainment,Spotify,7,5,2026-06-27 03:52:37.782559383,0
827.6,Bills,GooglePay,18,5,2026-06-27 04:01:07.544071078,0
118.24,Entertainment,Netflix,19,0,2026-06-27 04:10:20.893068153,0
797.06,Travel,Uber,16,1,2026-06-27 04:13:36.155114875,0
540.84,Shopping,Meesho,18,2,2026-06-27 04:22:10.858190792,0
178.95,Food,Zomato,7,5,2026-06-27 04:24:58.936311526,0
311.05,Bills,GooglePay,18,6,2026-06-27 04:26:58.817180026,0
1375.28,Bills,PhonePe,8,5,2026-06-27 04:35:32.223354355,0
933.71,Bills,Airtel,12,6,2026-06-27 04:46:26.159797332,0
679.58,Shopping,Meesho,21,3,2026-06-27 04:50:41.587917346,0
721.57,Shopping,Flipkart,13,5,2026-06-27 04:51:43.338868349,0
99.38,Food,KFC,22,5,2026-06-27 04:52:21.972527250,0
921.87,Shopping,Amazon,7,3,2026-06-27 04:56:36.469380948,0
185.38,Food,Zomato,13,1,2026-06-27 05:28:59.249140333,0
10.0,Travel,Rapido,7,2,2026-06-27 05:32:36.645476282,0
243.06,Food,Local Cafe,16,4,2026-06-27 05:55:42.690491404,0
148.02,Food,Zomato,7,2,2026-06-27 05:58:15.109706385,0
338.85,Shopping,Flipkart,9,1,2026-06-27 06:04:12.122327372,0
206.48,Bills,Paytm,10,2,2026-06-27 06:11:53.761051731,0
411.97,Shopping,Flipkart,19,3,2026-06-27 06:15:35.904433290,0
118.05,Food,Zomato,8,5,2026-06-27 06:19:03.381438991,0
885.48,Shopping,Flipkart,20,5,2026-06-27 06:21:41.728924155,0
112.09,Food,Local Cafe,8,4,2026-06-27 06:22:26.217965562,0
68.19,Entertainment,Hotstar,6,1,2026-06-27 06:24:16.181823070,0
260.98,Entertainment,Spotify,12,5,2026-06-27 06:26:13.505124718,0
902.89,Shopping,Amazon,22,1,2026-06-27 06:27:52.196423190,0
131.54,Food,KFC,7,0,2026-06-27 06:37:37.892259657,0
1621.92,Bills,Jio,7,6,2026-06-27 06:38:35.081546716,0
241.92,Food,KFC,19,4,2026-06-27 06:41:00.827242350,0
933.46,Shopping,Flipkart,12,6,2026-06-27 06:42:56.655216798,0
196.37,Food,Local Cafe,18,1,2026-06-27 06:54:57.383178814,0
246.12,Entertainment,Netflix,9,2,2026-06-27 07:09:02.561476463,0
108.77,Food,Zomato,13,2,2026-06-27 07:13:23.656899432,0
1026.91,Shopping,Meesho,11,2,2026-06-27 07:19:04.092624352,0
1418.56,Bills,Paytm,13,2,2026-06-27 07:19:41.219607783,0
1034.93,Shopping,Flipkart,19,1,2026-06-27 07:27:03.955536505,0
155.95,Food,Local Cafe,19,3,2026-06-27 07:27:21.276528616,0
178.55,Entertainment,Spotify,13,4,2026-06-27 07:41:33.315435227,0
759.76,Shopping,Amazon,21,2,2026-06-27 07:52:45.372877574,0
658.48,Bills,Paytm,11,1,2026-06-27 07:58:38.194976294,0
156.83,Food,KFC,10,5,2026-06-27 08:13:14.483743234,0
10.0,Shopping,Meesho,16,5,2026-06-27 08:22:09.693488710,0
610.2,Shopping,Amazon,16,1,2026-06-27 08:23:51.400601854,0
205.7,Food,Swiggy,7,2,2026-06-27 08:34:02.731109084,0
267.71,Food,KFC,15,0,2026-06-27 08:35:02.445599349,0
481.51,Travel,IRCTC,12,1,2026-06-27 08:45:42.302384460,0
237.22,Food,Zomato,3,4,2026-06-27 08:54:13.922478086,1
307.48,Food,Zomato,19,4,2026-06-27 08:54:53.155275133,0
293.41,Shopping,Myntra,14,0,2026-06-27 09:12:30.233989204,0
129.61,Travel,IRCTC,6,5,2026-06-27 09:14:08.758579750,0
173.7,Food,Dominos,4,5,2026-06-27 09:22:22.839952078,1
211.47,Shopping,Amazon,19,1,2026-06-27 09:23:38.836796483,0
184.76,Food,Zomato,10,0,2026-06-27 09:27:59.579516677,0
75.7,Food,KFC,13,1,2026-06-27 09:30:52.675378035,0
89.93,Food,Local Cafe,22,1,2026-06-27 09:36:29.357025027,0
10.0,Travel,RedBus,11,0,2026-06-27 09:43:50.092243497,0
178.16,Food,Swiggy,10,5,2026-06-27 09:46:27.082956324,0
55.86,Food,Swiggy,9,6,2026-06-27 10:12:21.243949997,0
688.73,Shopping,Flipkart,14,3,2026-06-27 10:13:04.394573934,0
459.93,Travel,Rapido,21,2,2026-06-27 10:18:09.807654453,0
103.05,Entertainment,Spotify,16,2,2026-06-27 10:41:08.810412927,1
783.97,Shopping,Amazon,11,2,2026-06-27 10:43:23.249165321,0
215.67,Food,Local Cafe,16,0,2026-06-27 10:46:20.766062151,0
862.81,Shopping,Myntra,16,1,2026-06-27 10:52:37.420612373,0
300.12,Shopping,Flipkart,15,6,2026-06-27 11:00:09.169583251,0
288.91,Shopping,Meesho,8,6,2026-06-27 11:06:01.763314477,0
209.38,Food,KFC,16,1,2026-06-27 11:22:46.410416438,0
172.56,Food,Zomato,13,4,2026-06-27 11:27:04.736339432,0
180.11,Food,KFC,6,6,2026-06-27 11:33:35.882521624,0
953.38,Shopping,Amazon,14,1,2026-06-27 11:49:58.117827726,0
44.99,Food,KFC,22,5,2026-06-27 12:00:05.042018125,0
5504.94,Travel,Unknown Merchant,3,3,2026-06-27 12:01:54.120488872,1
282.23,Entertainment,YouTube,22,2,2026-06-27 12:11:34.997212321,0
269.84,Entertainment,Netflix,7,6,2026-06-27 12:13:40.942876019,0
311.7,Entertainment,Spotify,18,5,2026-06-27 12:26:45.240829986,0
771.08,Bills,PhonePe,7,5,2026-06-27 12:51:16.403714679,0
403.52,Bills,GooglePay,11,6,2026-06-27 13:13:21.329946882,0
111.81,Food,Swiggy,15,6,2026-06-27 13:14:57.498011792,0
561.35,Bills,Airtel,15,3,2026-06-27 13:24:26.387902147,0
10.0,Shopping,Flipkart,19,2,2026-06-27 13:37:11.301499449,0
710.07,Shopping,Myntra,16,6,2026-06-27 13:50:51.492460088,0
259.42,Travel,Uber,15,0,2026-06-27 13:51:13.835683718,0
145.62,Food,Swiggy,21,3,2026-06-27 14:08:30.040993239,0
116.32,Food,Swiggy,13,5,2026-06-27 14:09:48.736628416,0
209.0,Entertainment,Spotify,10,6,2026-06-27 14:10:25.315885318,0
284.63,Food,Zomato,8,1,2026-06-27 14:13:53.311178843,0
53.85,Shopping,Ajio,12,2,2026-06-27 14:35:21.061844886,0
390.08,Entertainment,YouTube,18,4,2026-06-27 14:40:47.980485460,0
936.35,Bills,PhonePe,6,3,2026-06-27 14:44:52.012114322,0
392.03,Shopping,Amazon,8,5,2026-06-27 14:45:12.691555014,0
130.18,Food,Local Cafe,7,0,2026-06-27 14:50:52.551829672,0
88.65,Food,KFC,15,5,2026-06-27 14:50:57.213584025,0
21.51,Entertainment,Netflix,10,4,2026-06-27 14:52:14.609913748,0
223.11,Shopping,Flipkart,8,6,2026-06-27 14:58:29.628443036,0
528.17,Shopping,Flipkart,15,6,2026-06-27 14:59:43.048997147,0
139.02,Food,Swiggy,19,0,2026-06-27 15:04:44.140045740,0
195.07,Food,Zomato,12,2,2026-06-27 15:05:04.945641191,0
158.78,Entertainment,Hotstar,15,3,2026-06-27 15:10:30.252455270,0
337.77,Shopping,Amazon,7,0,2026-06-27 15:14:28.900326137,0
1723.08,Bills,GooglePay,21,4,2026-06-27 15:15:52.652559233,0
90.5,Food,Swiggy,12,5,2026-06-27 15:16:10.332181537,0
525.06,Bills,GooglePay,22,4,2026-06-27 15:38:35.526227123,0
309.82,Entertainment,Spotify,22,1,2026-06-27 15:39:15.127590077,0
745.49,Shopping,Myntra,19,0,2026-06-27 15:48:22.788978115,0
126.47,Food,Swiggy,6,3,2026-06-27 15:51:29.634421796,0
771.9,Shopping,Myntra,14,3,2026-06-27 15:58:17.775527413,0
342.13,Travel,Uber,7,5,2026-06-27 16:09:01.634781772,0
379.39,Shopping,Flipkart,20,5,2026-06-27 16:09:10.374038560,0
274.52,Entertainment,Spotify,19,6,2026-06-27 16:13:58.370919110,0
3736.82,Bills,GooglePay,22,5,2026-06-27 16:41:06.214478519,1
26.43,Entertainment,Hotstar,16,1,2026-06-27 16:45:11.871508097,0
1098.55,Bills,PhonePe,14,4,2026-06-27 16:46:22.519993837,0
147.17,Food,Zomato,14,5,2026-06-27 16:55:17.947443869,0
276.85,Food,Local Cafe,12,6,2026-06-27 16:56:37.696250913,0
226.48,Food,Dominos,13,0,2026-06-27 17:14:13.528809131,0
228.79,Entertainment,Netflix,16,5,2026-06-27 17:16:19.093745999,0
246.56,Travel,Rapido,21,4,2026-06-27 17:17:10.600592602,0
833.6,Bills,Paytm,15,0,2026-06-27 17:18:09.258014726,0
86.86,Food,KFC,20,0,2026-06-27 17:26:42.043577716,0
173.01,Food,Unknown Merchant,20,0,2026-06-27 17:31:10.855130650,1
635.03,Travel,Ola,14,4,2026-06-27 17:37:06.398190325,0
1115.45,Shopping,Flipkart,12,5,2026-06-27 17:43:28.850683299,0
254.53,Food,KFC,16,4,2026-06-27 17:48:45.502287445,0
891.86,Bills,Paytm,13,4,2026-06-27 17:49:02.120977309,0
44.54,Food,KFC,7,2,2026-06-27 17:53:04.409774573,0
151.87,Food,Local Cafe,12,6,2026-06-27 17:58:14.293563938,0
808.16,Shopping,Flipkart,22,4,2026-06-27 18:05:16.266302685,0
222.14,Food,KFC,7,1,2026-06-27 18:13:41.935753289,0
192.94,Entertainment,Unknown Merchant,17,6,2026-06-27 18:24:46.385657161,1
138.1,Food,Local Cafe,20,2,2026-06-27 18:42:06.920575299,0
188.45,Food,Dominos,16,0,2026-06-27 18:55:33.287698762,0
161.52,Food,Local Cafe,15,5,2026-06-27 18:57:24.314458762,0
303.62,Travel,IRCTC,18,3,2026-06-27 19:00:18.839320222,0
491.15,Shopping,Meesho,13,5,2026-06-27 19:04:31.690685828,0
939.03,Shopping,Flipkart,7,2,2026-06-27 19:06:16.316735899,0
77.1,Food,Zomato,22,6,2026-06-27 19:16:55.642445229,0
133.58,Food,Dominos,13,2,2026-06-27 19:20:52.776459970,0
454.61,Shopping,Flipkart,17,6,2026-06-27 19:27:27.105024259,0
351.34,Travel,Uber,14,6,2026-06-27 19:44:43.310123877,0
211.26,Entertainment,Hotstar,7,0,2026-06-27 20:12:04.812541029,0
153.73,Food,Local Cafe,21,4,2026-06-27 20:13:37.409995493,0
243.17,Shopping,Myntra,19,4,2026-06-27 20:35:15.543802131,0
211.13,Entertainment,Hotstar,8,2,2026-06-27 20:44:36.229894731,0
715.55,Shopping,Meesho,22,4,2026-06-27 20:46:38.208679878,0
358.18,Travel,IRCTC,18,2,2026-06-27 20:46:58.161135514,0
75.78,Food,Local Cafe,13,5,2026-06-27 21:01:47.648329292,0
219.28,Entertainment,YouTube,16,3,2026-06-27 21:08:18.910871828,0
325.89,Travel,Ola,7,5,2026-06-27 21:09:56.680605760,0
175.75,Entertainment,Spotify,14,3,2026-06-27 21:17:25.643682059,0
920.72,Bills,GooglePay,7,0,2026-06-27 21:21:26.528984224,0
346.25,Shopping,Amazon,14,1,2026-06-27 21:25:10.137652843,0
276.42,Entertainment,Spotify,14,1,2026-06-27 21:39:13.797619993,0
307.8,Food,Local Cafe,20,5,2026-06-27 21:39:17.947649468,0
218.37,Food,Swiggy,18,4,2026-06-27 21:39:28.923168316,0
534.74,Bills,PhonePe,10,1,2026-06-27 21:42:39.686758583,0
441.21,Travel,Uber,20,3,2026-06-27 21:48:22.699655498,0
295.93,Entertainment,Netflix,15,0,2026-06-27 21:54:39.519312137,0
187.14,Food,Zomato,15,3,2026-06-27 22:03:21.090343893,0
413.6,Travel,IRCTC,8,6,2026-06-27 22:11:15.741292767,0
808.01,Bills,PhonePe,20,2,2026-06-27 22:15:33.832306256,0
64.56,Food,Zomato,21,4,2026-06-27 22:26:29.385420780,0
485.98,Shopping,Flipkart,19,4,2026-06-27 22:40:19.931717733,0
86.02,Food,Zomato,21,1,2026-06-27 22:41:01.984668096,0
139.51,Food,Dominos,11,2,2026-06-27 22:43:23.663064397,0
156.9,Entertainment,Spotify,20,1,2026-06-27 23:02:29.454597041,0
456.22,Bills,GooglePay,13,6,2026-06-27 23:05:26.540809410,0
1366.73,Bills,Paytm,8,1,2026-06-27 23:14:54.696191449,0
209.24,Entertainment,JioCinema,17,1,2026-06-27 23:26:31.370997752,0
380.09,Shopping,Ajio,17,2,2026-06-27 23:31:08.839419494,0
10.0,Travel,Ola,11,1,2026-06-27 23:45:54.021400334,0
66.61,Shopping,Myntra,6,6,2026-06-27 23:49:15.786271785,0
290.27,Entertainment,Hotstar,9,4,2026-06-28 00:24:42.525517607,0
175.89,Food,Local Cafe,12,1,2026-06-28 00:30:02.703380566,0
414.82,Entertainment,Spotify,8,2,2026-06-28 00:38:44.637125129,0
103.05,Food,Local Cafe,9,2,2026-06-28 00:44:54.122149088,0
255.75,Food,Zomato,12,3,2026-06-28 00:53:24.552964578,0
290.59,Travel,Ola,22,1,2026-06-28 00:54:53.647082226,0
274.04,Shopping,Ajio,19,2,2026-06-28 01:01:28.286777806,0
681.81,Bills,Jio,12,5,2026-06-28 01:06:42.692922195,0
562.35,Shopping,Flipkart,21,1,2026-06-28 01:07:25.700487243,0
640.56,Bills,Airtel,16,0,2026-06-28 01:18:30.707316642,0
67.01,Food,Local Cafe,13,4,2026-06-28 01:27:32.480641571,0
87.23,Food,KFC,13,4,2026-06-28 01:34:28.453630012,0
198.97,Food,Swiggy,12,5,2026-06-28 01:37:35.040986905,0
230.34,Shopping,Ajio,10,1,2026-06-28 01:38:26.345609283,0
10.0,Food,KFC,12,6,2026-06-28 01:52:58.795779220,0
343.07,Shopping,Ajio,14,4,2026-06-28 01:54:23.762916911,0
240.03,Shopping,Flipkart,14,4,2026-06-28 01:58:37.615684049,0
177.92,Food,Local Cafe,19,6,2026-06-28 02:08:11.942012259,0
1320.79,Shopping,Amazon,12,0,2026-06-28 02:08:17.713549631,0
256.88,Entertainment,Hotstar,18,4,2026-06-28 02:09:31.858484736,0
99.61,Food,Local Cafe,15,4,2026-06-28 02:12:09.868131262,0
604.37,Shopping,Myntra,22,2,2026-06-28 02:16:08.828199065,0
569.87,Bills,Paytm,12,4,2026-06-28 02:33:02.753270223,0
575.96,Shopping,Amazon,20,1,2026-06-28 02:36:01.934356549,0
1421.34,Bills,Paytm,19,4,2026-06-28 02:44:04.680455758,0
511.94,Shopping,Amazon,16,1,2026-06-28 02:47:05.631612670,0
625.24,Shopping,Amazon,17,4,2026-06-28 02:55:16.066199200,0
156.49,Food,KFC,7,1,2026-06-28 02:58:50.161158079,0
1198.38,Bills,GooglePay,21,4,2026-06-28 03:00:37.820748605,0
1094.49,Bills,GooglePay,7,5,2026-06-28 03:04:15.666704416,0
129.65,Food,Swiggy,15,1,2026-06-28 03:15:36.206831353,0
721.05,Bills,GooglePay,12,4,2026-06-28 03:17:45.375018943,1
226.15,Entertainment,Hotstar,13,6,2026-06-28 03:26:54.970230281,0
400.76,Shopping,Meesho,16,0,2026-06-28 03:31:58.902254994,0
405.42,Shopping,Flipkart,21,2,2026-06-28 03:34:45.300201385,0
223.15,Entertainment,YouTube,13,2,2026-06-28 03:51:46.987275655,0
961.06,Bills,Paytm,22,2,2026-06-28 03:54:00.084082865,0
478.86,Shopping,Amazon,15,6,2026-06-28 03:55:28.951340523,0
385.4,Travel,RedBus,8,2,2026-06-28 03:58:47.229190110,0
134.54,Entertainment,Spotify,9,6,2026-06-28 04:03:16.586756686,0
218.9,Shopping,Flipkart,18,0,2026-06-28 04:23:29.306456474,0
101.18,Shopping,Flipkart,7,5,2026-06-28 04:26:09.898843370,0
678.6,Shopping,Ajio,13,5,2026-06-28 04:32:48.651955637,0
59.41,Entertainment,Spotify,8,0,2026-06-28 04:41:29.012499658,0
966.66,Bills,Paytm,13,4,2026-06-28 04:48:25.972091268,0
119.16,Food,KFC,19,0,2026-06-28 04:52:23.331148792,0
177.58,Entertainment,Spotify,13,2,2026-06-28 04:56:45.827433310,0
436.75,Shopping,Myntra,8,6,2026-06-28 05:05:16.397180570,0
348.45,Food,Swiggy,10,5,2026-06-28 05:06:18.943490436,0
350.91,Shopping,Flipkart,12,3,2026-06-28 05:13:37.396024006,0
257.13,Shopping,Myntra,7,4,2026-06-28 05:15:09.208065505,0
390.19,Entertainment,Spotify,15,1,2026-06-28 05:16:08.585192500,0
50.53,Food,Zomato,15,5,2026-06-28 05:18:17.319630330,0
89.31,Travel,Uber,7,2,2026-06-28 05:26:04.423488743,0
776.93,Shopping,Flipkart,12,6,2026-06-28 05:28:16.069343475,0
186.06,Food,Swiggy,12,5,2026-06-28 05:38:29.641097459,0
168.09,Entertainment,Hotstar,12,6,2026-06-28 05:39:15.108276020,0
225.6,Shopping,Amazon,14,2,2026-06-28 05:41:36.718235153,0
10.0,Food,Swiggy,12,2,2026-06-28 05:42:24.427191163,0
985.21,Shopping,Flipkart,12,5,2026-06-28 06:10:40.546222625,0
273.98,Entertainment,Netflix,19,5,2026-06-28 06:12:45.639249235,0
268.82,Food,Swiggy,8,5,2026-06-28 06:14:13.868298179,0
239.41,Food,Zomato,16,0,2026-06-28 06:18:16.270269964,0
190.15,Food,Local Cafe,13,5,2026-06-28 06:23:48.122163902,0
108.25,Food,Swiggy,11,6,2026-06-28 06:34:58.249586861,0
117.77,Travel,IRCTC,18,1,2026-06-28 06:38:06.441422701,0
867.39,Shopping,Myntra,14,4,2026-06-28 06:42:09.848916708,0
119.32,Food,KFC,13,2,2026-06-28 07:11:21.854694573,0
81.02,Food,KFC,17,5,2026-06-28 07:16:05.563947519,0
103.04,Food,Dominos,19,1,2026-06-28 07:18:19.968018457,0
329.38,Entertainment,Netflix,22,3,2026-06-28 07:18:36.772422166,0
87.96,Food,Local Cafe,16,6,2026-06-28 07:19:49.167356683,0
168.6,Entertainment,Netflix,20,5,2026-06-28 07:36:12.361592033,0
486.15,Shopping,Amazon,6,0,2026-06-28 07:37:23.155467176,0
172.9,Food,Swiggy,14,2,2026-06-28 07:41:00.246425508,0
115.53,Entertainment,Netflix,9,1,2026-06-28 07:59:33.471205033,0
476.63,Shopping,Flipkart,7,6,2026-06-28 08:01:27.465792467,0
1177.48,Bills,Paytm,14,5,2026-06-28 08:07:09.496498578,0
415.03,Entertainment,Spotify,19,1,2026-06-28 08:15:29.050843887,0
69.62,Food,Dominos,12,2,2026-06-28 08:40:04.892852417,0
80.33,Food,KFC,17,1,2026-06-28 08:50:28.883726238,0
502.1,Bills,GooglePay,13,1,2026-06-28 08:57:47.471011941,0
203.59,Food,Zomato,13,6,2026-06-28 08:59:13.668519230,0
74.48,Food,Zomato,11,5,2026-06-28 09:01:11.296492153,0
141.09,Food,Local Cafe,12,5,2026-06-28 09:08:37.987704747,0
133.19,Food,Swiggy,12,6,2026-06-28 09:08:48.582261035,0
752.51,Travel,IRCTC,16,4,2026-06-28 09:14:18.313483302,0
109.62,Food,Swiggy,8,0,2026-06-28 09:15:00.451759675,0
332.36,Shopping,Myntra,7,4,2026-06-28 09:16:19.109904295,0
1067.59,Bills,GooglePay,17,0,2026-06-28 09:19:43.287862594,0
603.43,Shopping,Amazon,14,0,2026-06-28 09:24:05.095015940,0
100.4,Food,Swiggy,13,4,2026-06-28 09:26:49.772044287,0
574.55,Travel,Uber,8,6,2026-06-28 09:28:40.890910228,0
48.5,Food,Swiggy,3,2,2026-06-28 09:37:21.726158445,1
296.86,Travel,Rapido,19,6,2026-06-28 09:44:51.957384351,0
172.89,Entertainment,Netflix,20,1,2026-06-28 09:56:13.333307159,0
470.13,Shopping,Meesho,18,3,2026-06-28 09:59:00.108229812,0
311.57,Shopping,Myntra,7,4,2026-06-28 10:01:16.060388559,0
476.48,Shopping,Ajio,17,4,2026-06-28 10:02:38.227409674,0
569.16,Shopping,Amazon,10,2,2026-06-28 10:10:05.241933251,0
10.0,Entertainment,Spotify,12,1,2026-06-28 10:11:18.689045475,0
157.89,Entertainment,YouTube,9,5,2026-06-28 10:16:05.583290656,0
91.02,Food,Swiggy,19,6,2026-06-28 10:16:55.650948049,0
1711.08,Bills,Airtel,16,4,2026-06-28 10:20:46.697113767,0
381.91,Entertainment,Spotify,16,3,2026-06-28 10:22:15.728901671,0
246.76,Entertainment,Spotify,17,1,2026-06-28 10:29:46.122688084,0
263.73,Shopping,Meesho,10,4,2026-06-28 10:32:48.274573471,0
359.01,Shopping,Amazon,13,5,2026-06-28 10:37:47.469447451,0
131.12,Food,Local Cafe,16,4,2026-06-28 10:39:55.480228114,0
151.01,Entertainment,Spotify,16,5,2026-06-28 10:46:17.112419266,0
193.49,Food,Swiggy,19,0,2026-06-28 10:46:28.635242123,0
980.57,Shopping,Amazon,11,0,2026-06-28 10:47:58.401427219,0
13426.69,Food,Unknown Merchant,1,4,2026-06-28 10:50:10.608881050,1
126.51,Food,KFC,13,2,2026-06-28 10:52:15.345071742,0
1143.03,Shopping,Amazon,17,0,2026-06-28 10:54:53.817619459,0
174.34,Entertainment,Spotify,13,4,2026-06-28 10:58:23.720018728,0
172.98,Food,Dominos,21,5,2026-06-28 11:11:30.568855666,0
10.0,Shopping,Meesho,9,1,2026-06-28 11:14:04.672509461,0
258.74,Food,KFC,17,6,2026-06-28 11:16:04.277354261,0
68.4,Food,Local Cafe,15,5,2026-06-28 11:21:11.671601813,0
632.68,Shopping,Amazon,9,3,2026-06-28 11:23:58.073796604,0
240.41,Shopping,Meesho,7,0,2026-06-28 11:38:14.279674578,0
10.0,Food,Swiggy,19,6,2026-06-28 11:40:43.244246454,0
177.76,Food,Zomato,8,6,2026-06-28 11:51:36.237942782,0
211.12,Food,Zomato,3,6,2026-06-28 11:55:44.272937139,1
146.41,Food,Zomato,22,4,2026-06-28 11:59:43.538930201,0
87.1,Entertainment,Netflix,18,0,2026-06-28 12:01:59.606988710,0
439.3,Entertainment,Netflix,10,5,2026-06-28 12:10:37.494381872,0
207.82,Food,Swiggy,15,5,2026-06-28 12:16:27.668733867,0
556.58,Shopping,Amazon,14,1,2026-06-28 12:17:13.736492922,0
316.72,Entertainment,Netflix,20,2,2026-06-28 12:18:02.072796879,0
110.75,Food,KFC,18,4,2026-06-28 12:27:07.914542520,0
688.03,Travel,Rapido,19,1,2026-06-28 12:44:48.396378789,0
274.23,Entertainment,YouTube,9,3,2026-06-28 12:56:21.587773383,0
234.65,Food,Dominos,16,4,2026-06-28 13:26:39.741394091,0
124.99,Food,Local Cafe,6,3,2026-06-28 13:28:15.166930931,0
95.72,Entertainment,YouTube,7,2,2026-06-28 13:38:22.276062386,0
560.97,Shopping,Meesho,18,4,2026-06-28 13:44:07.809649139,0
113.94,Food,KFC,6,4,2026-06-28 13:45:01.825239366,0
316.9,Food,KFC,15,6,2026-06-28 13:55:31.850994208,0
111.52,Shopping,Myntra,20,1,2026-06-28 14:15:39.868365417,0
1383.55,Bills,Paytm,12,0,2026-06-28 14:20:45.917768539,0
164.71,Bills,GooglePay,6,4,2026-06-28 15:10:57.991759968,0
113.12,Entertainment,Hotstar,18,2,2026-06-28 15:14:44.217125216,0
21.48,Food,Dominos,21,4,2026-06-28 15:18:02.581350903,0
353.51,Shopping,Flipkart,18,4,2026-06-28 15:37:22.725728955,0
444.42,Shopping,Meesho,15,4,2026-06-28 15:40:09.829338054,0
317.53,Shopping,Meesho,10,6,2026-06-28 15:46:24.959950094,0
185.3,Food,Swiggy,6,4,2026-06-28 15:51:32.273848294,0
182.2,Entertainment,JioCinema,17,2,2026-06-28 15:53:55.406251457,0
10.0,Entertainment,Spotify,10,1,2026-06-28 15:54:58.837805120,0
224.72,Shopping,Meesho,20,0,2026-06-28 16:04:58.520466677,0
670.99,Bills,GooglePay,13,2,2026-06-28 16:11:32.741939721,0
239.45,Food,Swiggy,14,2,2026-06-28 16:17:12.411674811,0
541.33,Shopping,Amazon,19,3,2026-06-28 16:23:41.607772740,0
623.45,Bills,Paytm,19,0,2026-06-28 16:24:41.423407745,0
80.2,Shopping,Flipkart,16,6,2026-06-28 16:27:20.405071326,0
218.15,Entertainment,Netflix,21,1,2026-06-28 16:27:50.037633883,0
1349.65,Bills,GooglePay,22,5,2026-06-28 16:35:13.837938877,0
415.69,Shopping,Amazon,21,1,2026-06-28 16:35:26.832404937,0
133.61,Travel,IRCTC,19,5,2026-06-28 16:49:44.870755804,0
197.56,Food,Local Cafe,18,3,2026-06-28 17:00:23.940256396,0
848.9,Shopping,Myntra,17,3,2026-06-28 17:06:03.621280964,0
137.75,Food,Swiggy,7,6,2026-06-28 17:09:19.572839767,0
714.68,Shopping,Amazon,11,2,2026-06-28 17:12:08.831271374,0
221.35,Travel,Ola,6,1,2026-06-28 17:14:52.920668008,0
729.94,Shopping,Meesho,8,5,2026-06-28 17:25:24.831766632,0
586.6,Travel,IRCTC,13,1,2026-06-28 17:32:43.766781244,0
776.91,Shopping,Myntra,8,5,2026-06-28 17:33:58.905422950,0
194.1,Food,Zomato,20,1,2026-06-28 17:34:50.811406838,0
660.88,Travel,RedBus,19,2,2026-06-28 17:47:11.951045250,0
131.29,Food,Zomato,7,5,2026-06-28 17:50:10.282375143,0
194.07,Food,Local Cafe,10,1,2026-06-28 18:09:15.487505871,0
439.42,Shopping,Amazon,19,4,2026-06-28 18:25:12.246242726,0
194.11,Food,Swiggy,19,3,2026-06-28 18:30:38.387959940,0
208.07,Food,KFC,21,6,2026-06-28 18:31:25.458817937,0
1197.6,Bills,GooglePay,22,3,2026-06-28 18:39:32.917439795,0
519.75,Shopping,Amazon,22,5,2026-06-28 18:54:24.415603374,0
10.0,Shopping,Myntra,12,3,2026-06-28 18:55:26.336053987,0
181.78,Entertainment,JioCinema,10,6,2026-06-28 19:06:14.172727538,0
706.53,Shopping,Flipkart,19,3,2026-06-28 19:12:36.976438964,0
233.98,Entertainment,YouTube,11,4,2026-06-28 19:15:14.764860007,0
188.99,Food,Local Cafe,19,0,2026-06-28 19:24:58.823013208,0
737.82,Shopping,Myntra,14,1,2026-06-28 19:28:03.271400827,0
95.58,Entertainment,YouTube,19,5,2026-06-28 19:34:04.846747410,0
754.38,Shopping,Ajio,11,3,2026-06-28 19:38:13.969792337,0
1546.29,Bills,Paytm,13,1,2026-06-28 19:39:23.397500873,0
403.24,Shopping,Myntra,15,1,2026-06-28 19:53:29.404445905,0
231.37,Food,Zomato,21,4,2026-06-28 19:54:08.195750777,0
537.67,Shopping,Amazon,11,6,2026-06-28 19:54:39.917831982,0
637.58,Shopping,Meesho,21,1,2026-06-28 20:08:00.261047445,0
290.82,Entertainment,Netflix,19,6,2026-06-28 20:09:20.259072833,0
176.72,Food,KFC,18,3,2026-06-28 20:27:23.352829157,0
162.01,Entertainment,Hotstar,19,5,2026-06-28 20:30:09.070518795,0
237.96,Entertainment,YouTube,15,1,2026-06-28 20:43:59.188765762,0
83.11,Food,Zomato,10,4,2026-06-28 21:08:48.656370603,0
39.36,Food,Swiggy,9,5,2026-06-28 21:11:50.364123474,0
10.0,Entertainment,YouTube,20,5,2026-06-28 21:19:27.227069293,0
350.81,Entertainment,Netflix,18,5,2026-06-28 21:22:09.116733447,0
653.42,Shopping,Myntra,9,3,2026-06-28 21:22:17.269477779,0
209.0,Food,KFC,16,4,2026-06-28 21:23:52.491546666,0
582.57,Shopping,Ajio,13,2,2026-06-28 21:25:12.770983834,0
166.27,Bills,PhonePe,8,0,2026-06-28 21:27:34.139221707,0
263.94,Food,Dominos,14,1,2026-06-28 21:28:43.654165648,0
648.8,Bills,Paytm,11,1,2026-06-28 21:35:55.663454400,0
10.0,Food,KFC,7,1,2026-06-28 21:41:02.106432596,0
134.47,Food,Zomato,13,6,2026-06-28 21:41:26.540890469,0
883.55,Shopping,Amazon,15,2,2026-06-28 21:42:05.961032689,0
245.0,Shopping,Ajio,7,5,2026-06-28 21:48:10.879882476,0
127.7,Food,Local Cafe,12,5,2026-06-28 21:53:55.946908343,0
395.91,Shopping,Flipkart,10,6,2026-06-28 21:58:38.824367896,0
79.81,Food,Local Cafe,6,0,2026-06-28 21:59:57.583597971,0
161.46,Food,Swiggy,8,4,2026-06-28 22:00:03.786301554,0
89.46,Food,Swiggy,8,2,2026-06-28 22:20:36.809532809,0
347.55,Entertainment,Netflix,9,2,2026-06-28 22:23:43.360572843,0
65.97,Shopping,Flipkart,19,3,2026-06-28 22:34:09.117683059,0
152.14,Shopping,Flipkart,13,5,2026-06-28 22:37:18.498665217,0
415.99,Shopping,Amazon,8,2,2026-06-28 22:42:16.381985055,0
202.72,Entertainment,Netflix,7,2,2026-06-28 22:45:08.927199590,0
100.29,Food,Swiggy,11,1,2026-06-28 22:46:17.345298190,0
1123.94,Bills,Paytm,19,6,2026-06-28 22:51:14.222436379,0
740.63,Bills,Jio,12,5,2026-06-28 22:51:36.924444533,0
1028.61,Bills,GooglePay,8,3,2026-06-28 22:57:15.276706054,0
261.03,Food,Swiggy,12,4,2026-06-28 23:04:17.484133506,0
1505.32,Bills,GooglePay,14,0,2026-06-28 23:35:28.784296335,0
629.15,Food,Zomato,6,4,2026-06-28 23:53:56.794925615,1
540.48,Shopping,Flipkart,16,3,2026-06-29 00:01:27.586766415,0
10.0,Bills,Paytm,12,1,2026-06-29 00:05:37.835691594,0
176.29,Food,Zomato,6,0,2026-06-29 00:16:18.407113280,0
254.8,Travel,Rapido,17,4,2026-06-29 00:28:36.695325567,0
75.19,Food,Swiggy,18,5,2026-06-29 00:34:46.893186638,0
517.13,Travel,Rapido,16,5,2026-06-29 00:43:16.592488943,0
219.62,Shopping,Myntra,12,0,2026-06-29 00:52:59.478191752,0
7677.76,Food,Dominos,14,0,2026-06-29 00:58:45.679753469,1
189.39,Food,Zomato,12,0,2026-06-29 00:59:42.852330669,0
228.98,Entertainment,Netflix,18,2,2026-06-29 01:21:07.990634190,0
95.29,Food,Dominos,15,3,2026-06-29 01:21:52.007816743,0
10.0,Food,Swiggy,7,5,2026-06-29 01:49:25.480357226,0
234.56,Food,Dominos,16,5,2026-06-29 01:51:19.749672626,0
521.67,Bills,Paytm,17,3,2026-06-29 02:00:16.801587593,0
667.02,Shopping,Myntra,12,1,2026-06-29 02:05:59.303172472,0
199.03,Food,Zomato,20,5,2026-06-29 02:07:22.046243331,0
153.45,Food,Swiggy,20,4,2026-06-29 02:17:23.612489071,0
174.15,Food,Zomato,9,1,2026-06-29 02:31:15.359196700,0
188.18,Food,Swiggy,20,6,2026-06-29 02:31:41.814309091,0
565.25,Shopping,Amazon,13,6,2026-06-29 02:35:19.640213811,0
484.26,Bills,Paytm,18,4,2026-06-29 02:38:00.857416700,0
34.93,Food,Zomato,19,0,2026-06-29 02:39:35.379254499,0
316.02,Shopping,Amazon,13,5,2026-06-29 02:42:51.123414459,0
4890.93,Shopping,Meesho,12,4,2026-06-29 02:47:06.863248730,1
345.03,Entertainment,Netflix,21,4,2026-06-29 02:47:35.321386039,0
87.78,Entertainment,Netflix,10,0,2026-06-29 02:53:51.997187225,0
623.61,Travel,IRCTC,10,6,2026-06-29 02:54:13.780661341,0
309.47,Food,Dominos,12,1,2026-06-29 02:55:16.313477519,0
103.57,Food,KFC,20,4,2026-06-29 03:09:32.945862630,0
305.79,Food,Local Cafe,21,5,2026-06-29 03:17:25.509198627,0
141.56,Food,Local Cafe,10,1,2026-06-29 03:19:59.092241123,0
419.59,Shopping,Myntra,20,1,2026-06-29 03:25:05.030045477,0
590.28,Travel,Rapido,10,3,2026-06-29 03:30:14.932990282,0
225.53,Entertainment,Netflix,22,6,2026-06-29 03:49:14.200493231,0
320.59,Travel,IRCTC,15,5,2026-06-29 03:51:25.869549313,0
312.05,Shopping,Flipkart,6,5,2026-06-29 04:03:24.122158243,0
582.05,Bills,PhonePe,6,0,2026-06-29 04:23:55.703824593,0
161.06,Food,Dominos,8,0,2026-06-29 04:36:20.090914373,0
266.06,Food,KFC,9,2,2026-06-29 04:44:55.510722092,0
353.14,Bills,Jio,19,5,2026-06-29 04:48:41.055100810,0
145.66,Food,Dominos,10,6,2026-06-29 04:55:23.606525112,0
110.93,Shopping,Meesho,22,1,2026-06-29 05:22:12.655426183,0
95.95,Food,Swiggy,16,2,2026-06-29 05:42:16.374957090,0
1082.99,Bills,Paytm,17,5,2026-06-29 05:55:08.599821558,0
129.21,Travel,Uber,10,0,2026-06-29 05:58:09.906380131,0
241.06,Food,Dominos,20,6,2026-06-29 05:58:26.703180403,0
128.3,Travel,Uber,17,0,2026-06-29 05:59:39.098651792,0
8684.11,Food,Zomato,20,5,2026-06-29 06:01:21.856633852,1
10.0,Shopping,Amazon,22,2,2026-06-29 06:05:22.814644543,0
1256.01,Bills,PhonePe,8,0,2026-06-29 06:07:57.435630394,0
1188.25,Bills,PhonePe,7,0,2026-06-29 06:12:54.652423177,0
72.67,Entertainment,Hotstar,19,3,2026-06-29 06:24:21.364976262,0
129.07,Food,Swiggy,20,4,2026-06-29 06:43:45.620543908,0
662.09,Bills,PhonePe,15,5,2026-06-29 06:44:17.031594438,0
628.87,Bills,Jio,12,3,2026-06-29 06:46:36.394645951,0
400.29,Entertainment,Netflix,16,6,2026-06-29 06:51:52.433238141,0
114.77,Food,Dominos,11,4,2026-06-29 06:52:40.902221587,0
138.35,Travel,Rapido,10,5,2026-06-29 06:53:43.945210497,0
10.0,Shopping,Amazon,3,3,2026-06-29 07:02:05.736112972,1
88.99,Food,KFC,9,3,2026-06-29 07:05:06.931422693,0
934.05,Shopping,Myntra,13,5,2026-06-29 07:12:58.580262748,0
169.52,Food,Local Cafe,22,1,2026-06-29 07:25:21.173853682,0
573.9,Shopping,Amazon,20,2,2026-06-29 07:30:57.451445676,0
129.18,Entertainment,Unknown Merchant,21,5,2026-06-29 07:34:19.313990174,1
876.78,Shopping,Myntra,19,3,2026-06-29 07:42:20.951776951,0
1029.82,Bills,Paytm,12,1,2026-06-29 07:47:55.804739725,0
375.74,Shopping,Amazon,19,3,2026-06-29 07:58:55.454000088,0
74.42,Food,Dominos,21,2,2026-06-29 08:00:15.433306309,0
145.86,Food,KFC,21,6,2026-06-29 08:04:42.302902935,0
238.17,Shopping,Myntra,17,1,2026-06-29 08:08:33.239751630,0
136.55,Food,KFC,9,5,2026-06-29 08:19:36.311264046,0
162.0,Food,Local Cafe,6,4,2026-06-29 08:19:47.525275510,0
299.67,Shopping,Meesho,8,6,2026-06-29 08:23:20.247503879,0
10.0,Food,Dominos,22,2,2026-06-29 08:24:43.010207869,0
185.71,Food,Local Cafe,13,0,2026-06-29 08:24:54.252672193,0
307.93,Shopping,Amazon,20,5,2026-06-29 08:26:23.551248892,0
161.32,Food,Zomato,13,5,2026-06-29 08:50:18.885964226,0
187.42,Entertainment,Hotstar,17,5,2026-06-29 08:54:28.837870168,0
377.5,Entertainment,Spotify,6,1,2026-06-29 08:56:33.122519253,0
812.71,Bills,GooglePay,10,0,2026-06-29 09:00:17.433583922,0
226.76,Food,Local Cafe,13,6,2026-06-29 09:29:56.370779385,0
226.99,Travel,Uber,16,6,2026-06-29 09:58:47.262336506,0
128.57,Travel,Uber,9,1,2026-06-29 10:01:00.360779943,0
398.36,Travel,IRCTC,19,4,2026-06-29 10:01:43.268024343,0
93.54,Food,Zomato,12,1,2026-06-29 10:06:30.669361101,0
1102.66,Bills,GooglePay,19,5,2026-06-29 10:06:44.178272243,0
64.26,Travel,Uber,7,3,2026-06-29 10:17:55.495187476,0
605.61,Shopping,Myntra,17,0,2026-06-29 10:26:35.221682071,0
802.03,Bills,GooglePay,11,0,2026-06-29 10:35:22.717128840,0
958.14,Shopping,Flipkart,19,6,2026-06-29 10:46:45.932376377,0
636.52,Shopping,Meesho,12,6,2026-06-29 10:50:42.849654939,0
141.17,Food,Swiggy,17,1,2026-06-29 10:55:46.639690345,0
1135.69,Bills,Paytm,21,3,2026-06-29 11:11:55.160311811,0
10.0,Food,Local Cafe,6,3,2026-06-29 11:13:28.458161346,0
675.02,Shopping,Flipkart,6,1,2026-06-29 11:27:50.802460605,0
204.09,Food,KFC,19,2,2026-06-29 11:35:25.853612461,0
739.01,Shopping,Ajio,16,4,2026-06-29 11:37:21.601595783,0
207.44,Food,Zomato,11,1,2026-06-29 11:43:52.979100620,0
1015.62,Bills,Jio,13,5,2026-06-29 11:57:55.856708971,0
235.6,Travel,RedBus,6,3,2026-06-29 11:58:09.795437627,0
163.76,Food,Swiggy,9,4,2026-06-29 12:03:24.073703910,0
102.93,Food,Local Cafe,13,1,2026-06-29 12:19:07.931074980,0
86.75,Food,Zomato,19,4,2026-06-29 12:21:38.594319963,0
171.77,Entertainment,Netflix,13,2,2026-06-29 12:22:00.082489569,0
450.82,Shopping,Flipkart,15,3,2026-06-29 12:33:54.695396376,0
2159.93,Shopping,Meesho,20,2,2026-06-29 12:36:20.769148907,1
256.81,Food,Local Cafe,12,6,2026-06-29 12:39:42.953575023,0
1175.44,Bills,Airtel,18,2,2026-06-29 13:03:33.716726588,0
231.91,Entertainment,Hotstar,20,3,2026-06-29 13:20:56.887363204,0
537.41,Travel,Ola,9,6,2026-06-29 13:28:47.370798513,0
816.53,Bills,GooglePay,12,5,2026-06-29 13:37:26.365442109,0
194.4,Food,Dominos,22,2,2026-06-29 13:38:37.672801603,0
124.53,Food,Dominos,22,1,2026-06-29 13:45:37.381311194,0
151.28,Food,Dominos,10,1,2026-06-29 14:11:20.252797634,0
131.53,Food,Swiggy,7,4,2026-06-29 14:17:30.332600192,0
29.31,Food,Local Cafe,11,1,2026-06-29 14:20:21.889929658,0
30.81,Food,KFC,12,1,2026-06-29 14:54:47.777331635,0
120.84,Shopping,Amazon,13,6,2026-06-29 15:04:15.101409085,0
232.64,Entertainment,JioCinema,16,6,2026-06-29 15:06:36.100444131,0
1344.41,Bills,Paytm,20,4,2026-06-29 15:13:53.220281660,0
536.58,Travel,Ola,12,0,2026-06-29 15:39:11.640052749,0
182.22,Bills,Airtel,20,3,2026-06-29 15:41:14.591161879,0
195.28,Food,Dominos,7,1,2026-06-29 15:51:21.604052336,0
606.61,Bills,Airtel,6,4,2026-06-29 15:53:35.499608562,0
84.57,Food,Local Cafe,13,2,2026-06-29 15:54:08.450913772,0
856.2,Bills,Paytm,7,2,2026-06-29 16:02:27.499127118,0
109.38,Food,Local Cafe,12,6,2026-06-29 16:07:35.684231621,0
65.9,Entertainment,Spotify,20,5,2026-06-29 16:11:14.229051130,0
73.59,Food,KFC,10,1,2026-06-29 16:18:42.916265343,0
123.96,Food,Dominos,18,3,2026-06-29 16:31:09.414092735,0
332.12,Entertainment,Spotify,11,4,2026-06-29 16:47:10.381755073,0
20.89,Food,Dominos,6,6,2026-06-29 16:50:25.468870119,0
340.57,Bills,Airtel,14,5,2026-06-29 17:06:47.032290735,0
701.06,Bills,PhonePe,19,5,2026-06-29 17:16:51.169880329,0
155.48,Travel,Rapido,12,4,2026-06-29 17:22:54.246612618,0
244.08,Entertainment,Spotify,16,6,2026-06-29 17:25:58.289011247,0
177.94,Entertainment,Netflix,20,6,2026-06-29 17:35:36.022425554,0
41.48,Food,Local Cafe,19,4,2026-06-29 17:41:57.320394606,0
202.4,Travel,RedBus,9,4,2026-06-29 17:46:42.807977450,0
873.04,Bills,PhonePe,18,4,2026-06-29 17:48:32.658283862,0
1072.11,Bills,GooglePay,13,3,2026-06-29 17:48:45.332520242,0
57.37,Food,Local Cafe,18,4,2026-06-29 18:01:09.679899871,0
898.93,Bills,Paytm,13,6,2026-06-29 18:06:42.780014838,0
169.92,Entertainment,Netflix,8,3,2026-06-29 18:19:01.799343937,0
317.27,Entertainment,Hotstar,15,3,2026-06-29 18:19:10.739545272,0
357.19,Shopping,Amazon,13,3,2026-06-29 18:44:11.933403895,0
43.15,Food,Local Cafe,14,2,2026-06-29 18:54:46.151391599,0
301.89,Shopping,Meesho,20,0,2026-06-29 18:57:20.267930549,0
10.0,Travel,RedBus,20,5,2026-06-29 19:00:33.250745527,0
81.2,Bills,Paytm,13,1,2026-06-29 19:04:21.617191919,0
14.71,Shopping,Myntra,13,2,2026-06-29 19:04:31.098778160,0
185.98,Food,Local Cafe,13,6,2026-06-29 19:05:30.396526437,0
599.37,Shopping,Flipkart,14,0,2026-06-29 19:06:07.992424311,0
652.04,Shopping,Flipkart,21,5,2026-06-29 19:08:21.148297053,0
142.45,Entertainment,YouTube,16,2,2026-06-29 19:10:22.774399807,0
426.61,Bills,GooglePay,11,5,2026-06-29 19:22:58.440431845,0
326.64,Food,Local Cafe,14,3,2026-06-29 19:24:16.015032644,0
537.62,Shopping,Meesho,16,3,2026-06-29 19:31:17.653124864,0
66.98,Food,Dominos,16,4,2026-06-29 19:32:27.108023333,0
347.67,Entertainment,Spotify,15,6,2026-06-29 19:32:34.141736225,0
889.56,Shopping,Flipkart,9,3,2026-06-29 19:44:46.107073884,0
684.21,Shopping,Flipkart,6,2,2026-06-29 19:51:00.704670336,0
447.43,Shopping,Flipkart,12,5,2026-06-29 20:00:02.612059865,0
476.48,Bills,GooglePay,13,1,2026-06-29 20:04:21.668329587,0
624.13,Bills,Paytm,7,6,2026-06-29 20:06:20.468164977,0
1254.01,Bills,GooglePay,19,5,2026-06-29 20:12:19.360731159,0
93.99,Food,Swiggy,12,3,2026-06-29 20:13:34.460416354,0
54.66,Food,Zomato,21,5,2026-06-29 20:16:50.678415473,0
197.7,Food,Zomato,8,0,2026-06-29 20:18:46.453876566,0
779.44,Bills,Airtel,7,5,2026-06-29 20:53:24.928781529,0
96.79,Food,Local Cafe,13,2,2026-06-29 20:57:43.486518808,0
324.93,Shopping,Myntra,9,0,2026-06-29 20:58:44.569012032,0
10.0,Entertainment,Hotstar,21,6,2026-06-29 21:01:37.131230381,0
147.98,Entertainment,Spotify,6,4,2026-06-29 21:06:14.271032561,0
808.61,Shopping,Meesho,12,4,2026-06-29 21:06:49.374559123,0
223.48,Shopping,Ajio,21,5,2026-06-29 21:11:03.697353396,0
343.47,Food,Zomato,12,1,2026-06-29 21:12:20.054196598,0
787.54,Bills,Paytm,7,2,2026-06-29 21:37:34.407661501,0
10.0,Travel,RedBus,11,1,2026-06-29 21:42:43.808836673,0
37.33,Food,Swiggy,13,0,2026-06-29 21:44:00.687454392,0
10.0,Shopping,Flipkart,9,1,2026-06-29 21:57:46.083934761,0
722.42,Travel,RedBus,13,6,2026-06-29 22:07:07.307571432,0
221.45,Entertainment,Hotstar,19,0,2026-06-29 22:09:04.995905041,0
76.03,Food,KFC,20,6,2026-06-29 22:17:10.575960012,0
686.28,Shopping,Amazon,7,1,2026-06-29 22:18:08.561950918,0
246.76,Food,Zomato,8,4,2026-06-29 22:24:02.303646586,0
216.22,Food,Dominos,11,2,2026-06-29 22:30:38.070290912,0
280.23,Entertainment,Spotify,15,1,2026-06-29 22:44:04.130696757,0
212.44,Travel,Uber,12,5,2026-06-29 22:48:19.156196812,0
1218.18,Travel,IRCTC,20,6,2026-06-29 22:49:21.977339848,1
189.64,Food,Dominos,18,0,2026-06-29 23:05:39.043707466,0
133.4,Travel,Ola,7,6,2026-06-29 23:05:41.429323687,0
378.32,Shopping,Flipkart,16,5,2026-06-29 23:09:13.116339993,0
86.09,Food,Dominos,7,2,2026-06-29 23:22:28.076223712,0
292.12,Shopping,Myntra,10,5,2026-06-29 23:22:52.350973509,0
196.12,Food,Dominos,9,4,2026-06-29 23:24:20.949747022,0
150.56,Travel,Uber,9,6,2026-06-29 23:37:52.590582027,0
678.8,Shopping,Amazon,16,4,2026-06-29 23:38:40.207190047,0
246.26,Food,Dominos,15,3,2026-06-29 23:42:58.093643158,0
106.04,Food,KFC,9,2,2026-06-29 23:45:29.900121388,0
64.34,Food,Zomato,22,1,2026-06-29 23:50:39.085237688,0
227.29,Food,Local Cafe,12,4,2026-06-29 23:55:11.593740439,0
583.23,Shopping,Flipkart,7,1,2026-06-30 00:01:30.162734017,0
145.41,Travel,Ola,2,6,2026-06-30 00:23:49.620569338,1
121.48,Food,KFC,15,1,2026-06-30 00:31:15.680779339,0
178.96,Food,Local Cafe,22,6,2026-06-30 00:32:11.073802472,0
44.47,Shopping,Meesho,15,0,2026-06-30 00:36:52.603863125,0
630.38,Travel,Ola,21,5,2026-06-30 00:47:55.916255208,0
219.94,Food,Zomato,13,1,2026-06-30 00:50:33.100985424,0
149.07,Food,Swiggy,13,6,2026-06-30 00:52:43.210034692,0
976.87,Shopping,Flipkart,13,3,2026-06-30 01:16:48.653830133,0
260.84,Food,Local Cafe,17,2,2026-06-30 01:29:55.709577709,0
132.98,Food,KFC,12,2,2026-06-30 01:43:41.825066293,0
684.92,Bills,Paytm,20,0,2026-06-30 01:49:14.463849210,0
700.09,Bills,Paytm,6,3,2026-06-30 01:51:50.265930096,0
658.56,Shopping,Myntra,13,5,2026-06-30 01:58:43.368353937,0
978.28,Bills,Paytm,13,3,2026-06-30 02:04:20.594974979,0
79.69,Bills,GooglePay,2,6,2026-06-30 02:14:01.444661293,1
179.94,Food,KFC,11,2,2026-06-30 02:16:10.485615563,0
610.35,Shopping,Meesho,13,3,2026-06-30 02:22:16.440810961,0
10.0,Food,KFC,13,5,2026-06-30 02:38:36.181393614,0
130.84,Food,Local Cafe,17,4,2026-06-30 02:39:31.913158886,0
819.07,Bills,PhonePe,19,1,2026-06-30 03:27:17.517000525,0
35.35,Entertainment,Hotstar,18,6,2026-06-30 03:34:46.080472896,0
78.32,Entertainment,JioCinema,12,1,2026-06-30 03:41:17.254424956,0
466.34,Bills,Jio,22,2,2026-06-30 03:42:10.730909874,0
193.4,Food,KFC,20,2,2026-06-30 03:46:53.684722626,0
250.7,Food,Dominos,10,5,2026-06-30 03:48:56.771975262,0
394.61,Travel,Uber,9,3,2026-06-30 03:58:12.500366305,0
530.4,Shopping,Ajio,12,5,2026-06-30 03:59:45.018681842,0
1078.77,Bills,PhonePe,13,0,2026-06-30 04:04:24.660832882,0
10.0,Travel,Ola,20,2,2026-06-30 04:05:32.808879264,0
1265.16,Bills,PhonePe,19,6,2026-06-30 04:13:48.769424532,0
270.57,Travel,Ola,20,6,2026-06-30 04:22:43.828506378,0
231.35,Food,Swiggy,11,2,2026-06-30 04:29:39.571522031,0
1050.93,Bills,Paytm,15,2,2026-06-30 04:50:09.681851702,0
122.64,Entertainment,Netflix,11,5,2026-06-30 04:50:31.112771489,0
167.89,Food,Swiggy,7,6,2026-06-30 04:52:33.883028138,0
522.2,Bills,GooglePay,17,5,2026-06-30 05:02:22.810207983,0
184.79,Food,Zomato,8,3,2026-06-30 05:07:47.912951622,0
379.68,Entertainment,Hotstar,17,4,2026-06-30 05:13:32.269935875,0
185.16,Food,Local Cafe,16,2,2026-06-30 05:17:29.265978364,0
10.0,Shopping,Meesho,19,4,2026-06-30 05:40:11.631279655,0
84.78,Food,Zomato,8,5,2026-06-30 05:44:52.937077287,0
1150.26,Bills,GooglePay,19,3,2026-06-30 05:50:42.189038256,0
80.72,Food,KFC,22,5,2026-06-30 05:56:18.592548269,0
246.93,Food,Swiggy,20,0,2026-06-30 05:58:51.246080318,0
190.21,Shopping,Flipkart,19,6,2026-06-30 06:01:18.056643088,0
305.6,Entertainment,JioCinema,17,1,2026-06-30 06:16:40.765481853,0
108.18,Food,Local Cafe,12,1,2026-06-30 06:19:22.325540425,0
193.62,Food,KFC,18,5,2026-06-30 06:34:33.058681245,0
477.39,Travel,IRCTC,18,1,2026-06-30 06:35:00.483503303,0
563.34,Shopping,Flipkart,16,1,2026-06-30 06:48:35.058947335,0
158.18,Entertainment,Netflix,19,3,2026-06-30 06:48:48.017060139,0
169.97,Food,KFC,13,1,2026-06-30 06:56:52.278863919,0
741.13,Bills,Jio,8,3,2026-06-30 07:21:59.859481774,0
151.54,Food,KFC,14,0,2026-06-30 07:33:04.759508230,0
28.62,Food,KFC,11,2,2026-06-30 07:58:45.628573064,0
1066.94,Bills,Paytm,12,2,2026-06-30 08:09:10.763493188,0
554.33,Shopping,Meesho,6,2,2026-06-30 08:18:25.115540560,0
10.0,Travel,RedBus,12,6,2026-06-30 08:22:59.637488076,0
121.32,Food,Zomato,19,3,2026-06-30 08:23:25.426053752,0
10.0,Shopping,Myntra,14,3,2026-06-30 08:29:20.666495719,0
512.35,Shopping,Ajio,6,3,2026-06-30 08:31:06.567397851,0
251.37,Entertainment,Netflix,13,0,2026-06-30 08:43:12.566818008,0
97.08,Food,Local Cafe,11,4,2026-06-30 08:52:12.894199326,0
91.63,Food,Dominos,13,3,2026-06-30 08:57:53.326126890,0
377.47,Shopping,Amazon,12,3,2026-06-30 08:58:35.200016189,0
279.51,Shopping,Myntra,21,2,2026-06-30 09:04:52.941829157,0
77.77,Food,Dominos,6,5,2026-06-30 09:16:06.643708413,0
13.85,Travel,Uber,17,6,2026-06-30 09:20:00.990509277,1
88.82,Food,Dominos,20,1,2026-06-30 09:22:22.762564314,0
50.95,Entertainment,Hotstar,22,1,2026-06-30 09:24:47.108649600,0
242.69,Food,KFC,9,0,2026-06-30 09:27:50.154520480,0
1342.69,Bills,Paytm,14,1,2026-06-30 09:31:18.766601076,0
245.23,Entertainment,Hotstar,6,4,2026-06-30 09:38:39.186830777,0
238.1,Food,Swiggy,13,2,2026-06-30 09:39:36.830680171,0
115.85,Entertainment,YouTube,8,0,2026-06-30 09:43:28.347462254,0
651.25,Shopping,Flipkart,19,1,2026-06-30 09:45:39.487003912,0
247.66,Entertainment,Netflix,7,1,2026-06-30 09:50:05.671812946,0
906.1,Bills,Jio,13,5,2026-06-30 09:51:33.279058817,0
115.1,Food,Dominos,14,2,2026-06-30 09:57:04.719442227,0
147.55,Food,Local Cafe,22,0,2026-06-30 10:03:42.268909219,0
167.97,Food,Dominos,17,2,2026-06-30 10:07:12.899144680,0
166.07,Food,Dominos,11,0,2026-06-30 10:41:44.376185180,0
73.35,Food,KFC,3,6,2026-06-30 10:59:53.164510956,1
252.7,Food,Zomato,8,6,2026-06-30 11:08:26.451400062,0
514.06,Shopping,Flipkart,19,1,2026-06-30 11:10:29.747308586,0
447.14,Travel,RedBus,17,2,2026-06-30 11:23:01.205000709,0
104.38,Food,Zomato,16,2,2026-06-30 11:41:27.690097313,0
184.94,Food,Zomato,6,4,2026-06-30 11:46:59.581918030,0
845.69,Bills,PhonePe,19,6,2026-06-30 11:56:55.248808795,0
80.77,Food,Zomato,16,5,2026-06-30 11:58:56.864044329,0
148.74,Food,Swiggy,22,2,2026-06-30 12:10:26.580023440,0
124.11,Food,KFC,15,0,2026-06-30 12:36:28.202827167,0
177.33,Entertainment,Netflix,11,4,2026-06-30 12:44:35.261924958,0
484.43,Travel,IRCTC,12,2,2026-06-30 12:59:32.595966156,0
461.06,Shopping,Myntra,9,2,2026-06-30 13:00:51.177979601,0
1141.98,Bills,Jio,18,4,2026-06-30 13:06:51.007146083,0
660.34,Shopping,Myntra,18,1,2026-06-30 13:22:51.954669678,0
835.74,Bills,GooglePay,9,2,2026-06-30 13:29:14.829844963,0
1193.83,Bills,Jio,8,3,2026-06-30 13:34:26.650712093,0
1158.34,Bills,PhonePe,7,5,2026-06-30 13:39:45.403005627,0
157.32,Food,Zomato,21,1,2026-06-30 13:47:42.547889427,0
163.28,Food,Local Cafe,10,2,2026-06-30 13:54:17.545512585,0
798.94,Shopping,Meesho,12,1,2026-06-30 14:24:43.031387691,0
259.96,Entertainment,JioCinema,11,0,2026-06-30 14:56:32.160358633,0
881.51,Shopping,Myntra,12,1,2026-06-30 15:01:22.371998682,0
270.01,Travel,Rapido,18,4,2026-06-30 15:21:20.031812254,0
88.46,Entertainment,YouTube,20,2,2026-06-30 15:29:49.402818980,0
94.77,Food,Zomato,9,1,2026-06-30 15:33:25.690605525,0
81.52,Bills,Paytm,17,3,2026-06-30 15:36:34.210507708,0
499.9,Bills,PhonePe,12,0,2026-06-30 15:37:31.418115011,0
258.82,Entertainment,YouTube,22,0,2026-06-30 15:38:48.552466713,0
186.58,Entertainment,Netflix,11,6,2026-06-30 15:41:11.786778327,0
450.96,Bills,GooglePay,6,1,2026-06-30 15:44:39.632768472,0
106.13,Food,KFC,13,4,2026-06-30 16:03:06.268980461,0
353.24,Travel,RedBus,8,0,2026-06-30 16:15:48.131894485,0
109.87,Food,Swiggy,6,6,2026-06-30 16:17:54.526032708,0
251.16,Travel,Rapido,17,1,2026-06-30 16:21:26.331699542,0
53.53,Entertainment,YouTube,18,1,2026-06-30 16:40:02.688518416,0
839.89,Shopping,Myntra,13,0,2026-06-30 16:48:07.903683683,0
1316.17,Bills,Airtel,17,1,2026-06-30 16:53:25.609654565,0
252.44,Shopping,Amazon,14,1,2026-06-30 17:02:00.614231887,0
392.48,Shopping,Flipkart,16,5,2026-06-30 17:33:13.330079290,0
10.0,Food,Local Cafe,15,3,2026-06-30 17:33:26.554611194,0
507.75,Travel,Ola,17,1,2026-06-30 17:44:05.348613823,0
76.18,Entertainment,Hotstar,9,5,2026-06-30 17:47:43.403269158,0
193.97,Entertainment,Spotify,11,5,2026-06-30 17:50:10.370145027,0
69.13,Food,Local Cafe,13,1,2026-06-30 17:50:10.551684776,0
196.21,Entertainment,Netflix,13,4,2026-06-30 18:03:31.482504721,0
1128.39,Bills,GooglePay,19,0,2026-06-30 18:08:42.982572218,0
192.21,Food,Local Cafe,12,5,2026-06-30 18:10:00.218608992,0
198.32,Food,Swiggy,8,5,2026-06-30 18:16:22.750948490,0
344.88,Food,KFC,10,6,2026-06-30 18:20:20.145511170,0
66.5,Entertainment,Hotstar,9,4,2026-06-30 18:20:56.876385917,0
765.83,Bills,GooglePay,18,2,2026-06-30 18:22:57.701712044,0
1576.7,Bills,Jio,13,4,2026-06-30 18:24:16.047279204,0
166.49,Food,Local Cafe,18,6,2026-06-30 18:28:06.213291061,0
799.16,Bills,PhonePe,12,2,2026-06-30 18:35:04.055921444,0
127.6,Food,Zomato,20,2,2026-06-30 18:40:54.664386808,0
533.82,Shopping,Flipkart,22,4,2026-06-30 18:43:15.955566082,0
783.49,Bills,PhonePe,17,3,2026-06-30 18:51:51.458257943,0
287.21,Food,Local Cafe,20,4,2026-06-30 19:07:10.308349094,0
450.82,Travel,Ola,13,5,2026-06-30 19:08:30.995395728,0
137.33,Food,Dominos,21,0,2026-06-30 19:09:17.667155818,0
1080.2,Bills,Paytm,19,4,2026-06-30 19:20:31.483957050,0
2284.17,Shopping,Ajio,22,3,2026-06-30 19:22:19.900285516,1
483.05,Shopping,Myntra,16,4,2026-06-30 19:23:49.463724870,0
109.86,Food,Swiggy,19,3,2026-06-30 19:25:57.507140614,0
200.32,Food,Zomato,14,0,2026-06-30 19:35:08.382277404,0
187.28,Entertainment,JioCinema,10,1,2026-06-30 19:38:46.569342010,0
157.88,Food,Local Cafe,12,3,2026-06-30 19:40:06.040316559,0
259.91,Travel,Ola,20,3,2026-06-30 19:49:07.265075790,0
231.16,Entertainment,Netflix,7,5,2026-06-30 20:04:35.782715124,0
201.62,Food,KFC,15,3,2026-06-30 20:15:59.001621037,0
253.52,Food,Zomato,12,0,2026-06-30 20:15:59.391635292,0
683.53,Bills,Jio,12,2,2026-06-30 20:17:56.914617957,0
104.0,Entertainment,Hotstar,20,3,2026-06-30 20:39:23.525953355,0
236.54,Entertainment,Netflix,20,6,2026-06-30 21:06:28.595596392,0
141.75,Shopping,Amazon,15,0,2026-06-30 21:15:00.749853986,0
2715.65,Travel,Uber,11,5,2026-06-30 21:19:56.188471060,1
35.46,Food,Local Cafe,13,6,2026-06-30 21:25:40.941071287,0
482.42,Entertainment,Netflix,12,5,2026-06-30 21:48:03.798519884,0
314.33,Entertainment,Spotify,12,1,2026-06-30 21:49:52.421132991,0
232.91,Food,KFC,7,3,2026-06-30 21:58:37.497297891,0
258.09,Food,Zomato,14,2,2026-06-30 22:01:36.322978871,0
223.07,Food,Swiggy,11,0,2026-06-30 22:06:29.780103282,0
166.98,Food,Swiggy,17,1,2026-06-30 22:07:39.319921492,0
348.12,Travel,Rapido,12,2,2026-06-30 22:08:21.037228607,0
871.15,Shopping,Meesho,13,1,2026-06-30 22:40:39.183190513,0
254.98,Food,Swiggy,7,2,2026-06-30 22:44:21.357425885,0
79.27,Food,Zomato,22,4,2026-06-30 22:51:18.213991725,0
184.62,Entertainment,Netflix,13,4,2026-06-30 23:01:27.729810850,0
825.72,Bills,Jio,6,4,2026-06-30 23:03:45.853364212,0
784.06,Shopping,Amazon,14,1,2026-06-30 23:04:38.446112631,0
90.22,Food,Zomato,20,4,2026-06-30 23:12:01.382065831,0
115.37,Entertainment,YouTube,19,0,2026-06-30 23:17:40.130382601,0
47.39,Travel,Uber,18,0,2026-06-30 23:21:40.904268412,0
111.19,Food,Swiggy,8,4,2026-06-30 23:24:04.237559524,0
123.6,Food,Dominos,17,2,2026-06-30 23:24:35.101262463,0
274.4,Food,Dominos,19,2,2026-06-30 23:36:32.571677549,0
215.6,Food,Zomato,15,1,2026-06-30 23:42:32.897823015,0
783.87,Shopping,Amazon,20,2,2026-06-30 23:43:45.612074094,0
101.01,Entertainment,Netflix,11,6,2026-06-30 23:49:51.968316239,0
436.85,Shopping,Meesho,10,6,2026-06-30 23:57:02.233540152,0
